trading_date,owner,owner_name,lead_code,lead_name,option_type,strike,expiry,dte,volume,turnover,owner_turnover,owner_volume,n_contracts,oi_increment,iv,change_ratio,day_chg_pct,open_chg_pct,ret_1d,ret_2d,alert_reason
2026-08-10,HK.09988,阿里巴巴-W,HK.ALB260821C125000,ALB 260821 125.00 C,CALL,125.0,2026-08-21,11.0,222,617845.0,2392670.0,1332.0,7,200.0,56.675,,2.342487883683364,1.292407108239102,-0.23677979479084232,-3.235990528808219,contract+owner_sum
2026-08-10,HK.09992,泡泡玛特,HK.POP260821C150000,POP 260821 150.00 C,CALL,150.0,2026-08-21,11.0,875,1640590.0,1912212.0,1117.0,2,875.0,52.338,,-2.154626108998736,0.0,-1.1010362694300668,-2.2020725388601115,contract+owner_sum
2026-08-11,HK.09988,阿里巴巴-W,HK.ALB260821C130000,ALB 260821 130.00 C,CALL,130.0,2026-08-21,10.0,470,1082515.0,2946280.0,1291.0,7,288.0,59.073,-9.283,-0.23677979479084232,2.131018153117603,-3.0063291139240556,-3.560126582278478,contract+owner_sum
2026-08-12,HK.03690,美团-W,HK.MET260821C90000,MET 260821 90.00 C,CALL,90.0,2026-08-21,9.0,372,536210.0,1074945.0,926.0,3,270.0,33.606,-36.757,-1.5045674368618922,-0.8060182697474438,-0.436442989634489,-4.855428259683581,contract+owner_sum
2026-08-13,HK.09992,泡泡玛特,HK.POP260821C155000,POP 260821 155.00 C,CALL,155.0,2026-08-21,8.0,1252,1386794.0,2640186.0,2552.0,4,919.0,58.479,31.592,2.119205298013238,1.920529801324511,-0.06485084306095956,-0.45395590142670583,contract+owner_sum
2026-08-13,HK.00700,腾讯控股,HK.TCH260821C460000,TCH 260821 460.00 C,CALL,460.0,2026-08-21,8.0,1764,581949.0,1769568.0,4507.0,4,515.0,33.312,-80.759,-4.462738301559799,-3.2928942807625705,-0.22675736961451642,1.2244897959183598,contract+owner_sum
2026-08-13,HK.09988,阿里巴巴-W,HK.ALB260821C123000,ALB 260821 123.00 C,CALL,123.0,2026-08-21,8.0,205,436365.0,1726520.0,985.0,5,175.0,57.992,-13.868,-0.5709624796084722,-1.1419249592169556,-1.6406890894175574,0.24610336341264194,contract+owner_sum
2026-08-14,HK.00992,联想集团,HK.LEN260828C30000,LEN 260828 30.00 C,CALL,30.0,2026-08-28,14.0,310,2753200.0,10456480.0,2479.0,12,,64.627,-14.885,-3.72492836676217,-4.240687679083088,-1.72619047619047,-6.726190476190485,contract+owner_sum
2026-08-14,HK.01347,HUA HONG GRACE,HK.HOS260828C127500,HOS 260828 127.50 C,CALL,127.5,2026-08-28,14.0,165,2886780.0,9989600.0,767.0,11,150.0,78.048,-57.103,-11.54891304347826,0.0,7.4500768049155175,-0.9984639016896946,contract+owner_sum
2026-08-14,HK.09988,阿里巴巴-W,HK.ALB260821C120000,ALB 260821 120.00 C,CALL,120.0,2026-08-21,7.0,1255,2296125.0,8657800.0,9467.0,11,576.0,60.59,-27.579,-1.6406890894175574,-1.312551271534046,1.918265221017501,5.6713928273561365,contract+owner_sum
2026-08-14,HK.00700,腾讯控股,HK.TCH260828C450000,TCH 260828 450.00 C,CALL,450.0,2026-08-28,14.0,2601,1937000.0,7669624.0,15818.0,12,132.0,29.508,-12.845,-0.22675736961451642,-1.13378684807256,1.4545454545454417,0.5454545454545379,contract+owner_sum
2026-08-14,HK.00981,SMIC,HK.SMC260828C72500,SMC 260828 72.50 C,CALL,72.5,2026-08-28,14.0,251,1596200.0,6195525.0,1705.0,11,,60.161,59.523,4.811250925240573,4.737231680236875,6.144067796610186,7.13276836158192,contract+owner_sum
2026-08-14,HK.01810,小米集团-W,HK.MIU260828C15000,MIU 260828 15.00 C,CALL,15.0,2026-08-28,14.0,450,4783000.0,5965380.0,2663.0,4,,,-4.181,-1.0046367851622828,-0.07727975270478415,1.014832162373147,2.1857923497267784,contract+owner_sum
2026-08-14,JDC,,HK.JDC260828C110000,JDC 260828 110.00 C,CALL,110.0,2026-08-28,14.0,904,1617175.0,5479470.0,4776.0,8,520.0,32.684,-78.088,,,,,contract+owner_sum
2026-08-14,HK.03690,美团-W,HK.MET260821C86000,MET 260821 86.00 C,CALL,86.0,2026-08-21,7.0,815,911395.0,2840725.0,2660.0,5,779.0,38.815,-63.829,-4.438356164383562,-1.3698630136986356,0.5160550458715552,-1.8922018348623948,contract+owner_sum
2026-08-17,HK.09988,阿里巴巴-W,HK.ALB260828C100000,ALB 260828 100.00 C,CALL,100.0,2026-08-28,11.0,187,2158570.0,12635390.0,9648.0,20,,71.54,14.562,1.918265221017501,1.7514595496246788,3.682487725040917,1.6366612111292866,contract+owner_sum
2026-08-17,HK.00981,SMIC,HK.SMC260828C67500,SMC 260828 67.50 C,CALL,67.5,2026-08-28,11.0,83,1768050.0,10795500.0,1840.0,17,,67.093,64.854,6.144067796610186,0.7062146892655274,0.9314703925482171,-2.8609447771124508,contract+owner_sum
2026-08-17,HK.00700,腾讯控股,HK.TCH260828C450000,TCH 260828 450.00 C,CALL,450.0,2026-08-28,11.0,1654,1470933.0,7858444.0,14366.0,11,536.0,26.951,37.876,1.4545454545454417,1.090909090909098,-0.8960573476702538,0.17921146953405742,contract+owner_sum
2026-08-17,HK.03690,美团-W,HK.MET260828C90000,MET 260828 90.00 C,CALL,90.0,2026-08-28,11.0,3328,3382035.0,7306475.0,7947.0,4,2522.0,45.581,1.136,0.5160550458715552,0.0,-2.395892755276674,-0.68454078722191,contract+owner_sum
2026-08-17,HK.00992,联想集团,HK.LEN260828C26000,LEN 260828 26.00 C,CALL,26.0,2026-08-28,11.0,235,3520200.0,4885640.0,755.0,5,,105.795,-4.823,-1.72619047619047,2.6190476190476097,-5.087825560266513,-8.782556026650523,contract+owner_sum
2026-08-17,HK.01347,HUA HONG GRACE,HK.HOS260828C135000,HOS 260828 135.00 C,CALL,135.0,2026-08-28,11.0,57,956120.0,4586240.0,460.0,10,14.0,89.896,88.758,7.4500768049155175,1.382488479262678,-7.862759113652606,-18.727662616154394,contract+owner_sum
2026-08-17,HK.01810,小米集团-W,HK.MIU260828C26000,MIU 260828 26.00 C,CALL,26.0,2026-08-28,11.0,1151,1007050.0,3491520.0,3042.0,6,386.0,49.03,14.864,1.014832162373147,0.7025761124121788,1.1591962905718622,6.027820710973741,contract+owner_sum
2026-08-17,HK.09888,BIDU-W,HK.BIU260828C102500,BIU 260828 102.50 C,CALL,102.5,2026-08-28,11.0,2330,1288080.0,2682630.0,4947.0,3,1233.0,59.763,-1.538,-0.49603174603174427,0.694444444444442,0.7976071784645988,-10.319042871385841,contract+owner_sum
2026-08-17,AIA,,HK.AIA260821C74000,AIA 260821 74.00 C,CALL,74.0,2026-08-21,4.0,719,862570.0,1823320.0,1345.0,4,624.0,53.911,373.076,,,,,contract+owner_sum
2026-08-17,JDC,,HK.JDC260828C117500,JDC 260828 117.50 C,CALL,117.5,2026-08-28,11.0,988,697045.0,1698225.0,1547.0,3,802.0,35.683,73.437,,,,,contract+owner_sum
2026-08-17,YOF,,HK.YOF260828C152500,YOF 260828 152.50 C,CALL,152.5,2026-08-28,11.0,225,1344350.0,1344350.0,225.0,1,225.0,137.846,155.257,,,,,contract+owner_sum
2026-08-17,HK.02513,Z.AI,HK.KAT260828C1240000,KAT 260828 1240.00 C,CALL,1240.0,2026-08-28,11.0,81,860585.0,1099085.0,113.0,2,81.0,136.904,-44.601,-5.275590551181097,1.4173228346456623,-13.300083125519535,-15.876974231088948,contract+owner_sum
2026-08-17,HK.03308,ZJ INNOLIGHT,HK.ZJI260821C1275000,ZJI 260821 1275.00 C,CALL,1275.0,2026-08-21,4.0,142,421526.5,1053689.5,287.0,3,124.0,120.151,,8.186848860894646,0.42639837817159965,-3.7048354740109146,-13.400468735784177,contract+owner_sum
2026-08-18,HK.09988,阿里巴巴-W,HK.ALB260828C130000,ALB 260828 130.00 C,CALL,130.0,2026-08-28,10.0,4288,4920270.0,26870220.0,18028.0,22,,60.032,100.0,3.682487725040917,-0.16366612111292644,-1.9731649565903675,-0.39463299131807794,contract+owner_sum
2026-08-18,HK.03690,美团-W,HK.MET260828C85000,MET 260828 85.00 C,CALL,85.0,2026-08-28,10.0,2216,2534730.0,4650760.0,6339.0,4,,44.157,-37.236,-2.395892755276674,-1.426126640045633,1.7533606078316666,0.3506721215663422,contract+owner_sum
2026-08-18,HK.00981,SMIC,HK.SMC260821C77000,SMC 260821 77.00 C,CALL,77.0,2026-08-21,3.0,193,723575.0,4398300.0,1003.0,10,58.0,76.192,-4.827,0.9314703925482171,0.19960079840317668,-3.7574159525379014,-4.943968358602502,contract+owner_sum
2026-08-18,HK.01810,小米集团-W,HK.MIU260828C26000,MIU 260828 26.00 C,CALL,26.0,2026-08-28,10.0,1346,1177200.0,4277660.0,8372.0,5,149.0,53.242,23.529,1.1591962905718622,-1.4683153013910322,4.8128342245989275,6.035141329258975,contract+owner_sum
2026-08-18,HK.00700,腾讯控股,HK.TCH260828C440000,TCH 260828 440.00 C,CALL,440.0,2026-08-28,10.0,620,635252.0,4069390.0,8231.0,9,,66.058,-19.016,-0.8960573476702538,-0.49283154121863015,1.0849909584086825,2.0343580470162825,contract+owner_sum
2026-08-18,HK.09992,泡泡玛特,HK.POP260821C150000,POP 260821 150.00 C,CALL,150.0,2026-08-21,3.0,2220,2288770.0,3043188.0,3935.0,4,1960.0,110.788,-23.422,-2.2149837133550565,-0.5863192182410493,0.26648900732844094,2.398401065956035,contract+owner_sum
2026-08-18,HK.01347,HUA HONG GRACE,HK.HOS260828C140000,HOS 260828 140.00 C,CALL,140.0,2026-08-28,10.0,96,760820.0,2233140.0,314.0,5,52.0,90.385,-59.079,-7.862759113652606,0.14295925661185205,-11.792086889061293,-13.188518231186963,contract+owner_sum
2026-08-18,JDC,,HK.JDC260828C107500,JDC 260828 107.50 C,CALL,107.5,2026-08-28,10.0,660,1352100.0,2213650.0,1466.0,3,654.0,17.685,-37.968,,,,,contract+owner_sum
2026-08-18,HK.01024,KUAISHOU-W,HK.KST260828C42000,KST 260828 42.00 C,CALL,42.0,2026-08-28,10.0,3831,1196410.0,1494205.0,4356.0,2,2934.0,62.931,-24.719,-1.7465069860279292,0.0,-4.012188928390059,-14.575926866429667,contract+owner_sum
2026-08-18,HK.00992,联想集团,HK.LEN260828C33000,LEN 260828 33.00 C,CALL,33.0,2026-08-28,10.0,199,377920.0,1432280.0,815.0,5,58.0,70.859,-51.572,-5.087825560266513,0.0,-3.892788768347155,-5.169112954690491,contract+owner_sum
2026-08-18,HK.09888,BIDU-W,HK.BIU260828C105000,BIU 260828 105.00 C,CALL,105.0,2026-08-28,10.0,2652,932871.0,1336720.5,4135.0,2,,62.504,16.355,0.7976071784645988,0.9970089730807485,-11.02868447082096,-8.852621167161212,contract+owner_sum
2026-08-19,HK.09988,阿里巴巴-W,HK.ALB260828C130000,ALB 260828 130.00 C,CALL,130.0,2026-08-28,9.0,13777,17991055.0,35774665.0,26010.0,20,10038.0,64.298,-23.888,-1.9731649565903675,-1.6574585635359185,1.6103059581320522,-0.9661835748792313,contract+owner_sum
2026-08-19,HK.09992,泡泡玛特,HK.POP260821C152500,POP 260821 152.50 C,CALL,152.5,2026-08-21,2.0,6658,5958276.0,13326268.0,21162.0,7,1331.0,140.277,-1.136,0.26648900732844094,0.4663557628247883,2.126245847176067,-0.9966777408637828,contract+owner_sum
2026-08-19,HK.01810,小米集团-W,HK.MIU260828C28000,MIU 260828 28.00 C,CALL,28.0,2026-08-28,9.0,2537,1707950.0,6007250.0,13826.0,11,,45.11,52.777,4.8128342245989275,2.9793735676088673,1.1661807580174877,5.758017492711365,contract+owner_sum
2026-08-19,HK.00700,腾讯控股,HK.TCH260828C450000,TCH 260828 450.00 C,CALL,450.0,2026-08-28,9.0,2189,1600309.0,5454470.0,7701.0,7,421.0,27.179,16.616,1.0849909584086825,-0.9493670886075889,0.939177101967803,2.1914132379248663,contract+owner_sum
2026-08-19,HK.01347,HUA HONG GRACE,HK.HOS260828C85000,HOS 260828 85.00 C,CALL,85.0,2026-08-28,9.0,32,1908640.0,5432260.0,602.0,9,,181.312,-31.862,-11.792086889061293,-2.948021722265326,-1.58311345646438,0.9674582233949014,contract+owner_sum
2026-08-19,HK.03690,美团-W,HK.MET260828C87500,MET 260828 87.50 C,CALL,87.5,2026-08-28,9.0,1962,2141360.0,4388765.0,5836.0,4,1426.0,44.272,37.5,1.7533606078316666,0.058445353594382965,-1.378518093049974,-2.3549684089603673,contract+owner_sum
2026-08-19,HK.00981,SMIC,HK.SMC260828C70000,SMC 260828 70.00 C,CALL,70.0,2026-08-28,9.0,198,1547325.0,3818350.0,744.0,6,,62.657,-38.686,-3.7574159525379014,-3.0982201713908974,-1.2328767123287787,-0.6849315068493178,contract+owner_sum
2026-08-19,HEX,,HK.HEX260821C410000,HEX 260821 410.00 C,CALL,410.0,2026-08-21,2.0,2194,622598.0,1855129.0,5954.0,3,83.0,26.681,162.032,,,,,contract+owner_sum
2026-08-19,HK.00005,HSBC HOLDINGS,HK.HKB260828C160000,HKB 260828 160.00 C,CALL,160.0,2026-08-28,9.0,583,592084.0,1358236.0,1363.0,3,310.0,23.422,-25.737,-0.5552128315854499,-0.30845157310301907,-0.5583126550868345,1.0545905707196157,contract+owner_sum
2026-08-19,AIA,,HK.AIA260828C75000,AIA 260828 75.00 C,CALL,75.0,2026-08-28,9.0,708,546450.0,1344920.0,1024.0,3,,38.81,6.593,,,,,contract+owner_sum
2026-08-19,HK.01211,BYD COMPANY,HK.BYD260828C87500,BYD 260828 87.50 C,CALL,87.5,2026-08-28,9.0,773,1184530.0,1184530.0,773.0,1,,38.22,-10.136,-0.6666666666666599,-0.4444444444444473,2.684563758389258,4.194630872483218,contract+owner_sum
2026-08-19,YOF,,HK.YOF260828C132500,YOF 260828 132.50 C,CALL,132.5,2026-08-28,9.0,223,1079360.0,1079360.0,223.0,1,185.0,134.546,-51.842,,,,,contract+owner_sum
2026-08-19,HK.00992,联想集团,HK.LEN260828C32000,LEN 260828 32.00 C,CALL,32.0,2026-08-28,9.0,398,534940.0,1035740.0,439.0,2,,69.339,-47.663,-3.892788768347155,-2.361199744735154,-1.3280212483399834,-1.1288180610889764,contract+owner_sum
2026-08-20,HK.09988,阿里巴巴-W,HK.ALB260828C45000,ALB 260828 45.00 C,CALL,45.0,2026-08-28,8.0,500,20130025.0,45001400.0,24215.0,20,500.0,418.012,3.931,1.6103059581320522,1.9323671497584405,-2.535657686212367,-10.855784469096674,contract+owner_sum
2026-08-20,HK.09992,泡泡玛特,HK.POP260828C167500,POP 260828 167.50 C,CALL,167.5,2026-08-28,8.0,9169,3243868.0,12434242.0,22986.0,11,6444.0,69.304,38.4,2.126245847176067,0.9966777408637828,-3.0579050097592653,0.8458035133376729,contract+owner_sum
2026-08-20,HK.00700,腾讯控股,HK.TCH260821C450000,TCH 260821 450.00 C,CALL,450.0,2026-08-21,1.0,2306,1356584.0,7277618.0,14412.0,11,,58.283,43.283,0.939177101967803,1.6547406082289884,1.2405848471422232,-2.5254762959680987,contract+owner_sum
2026-08-20,HK.01093,CSPC PHARMA,HK.CSP260828C8500,CSP 260828 8.50 C,CALL,8.5,2026-08-28,8.0,805,1877080.0,5551360.0,4687.0,5,,,143.589,9.614277489925138,9.383995394358081,-3.4663865546218475,-1.313025210084029,contract+owner_sum
2026-08-20,HK.01810,小米集团-W,HK.MIU260828C28000,MIU 260828 28.00 C,CALL,28.0,2026-08-28,8.0,2387,1869100.0,4753570.0,6778.0,8,,43.467,16.363,1.1661807580174877,1.2390670553935834,4.538904899135443,0.2161383285302465,contract+owner_sum
2026-08-20,HK.02318,PING AN,HK.PAI260828C55000,PAI 260828 55.00 C,CALL,55.0,2026-08-28,8.0,2965,900200.0,2462705.0,5234.0,4,,31.006,-16.901,-0.37617651556346443,0.7523530311269067,3.9647679393005397,4.71996183250063,contract+owner_sum
2026-08-20,HK.09999,NTES,HK.NTE260828C200000,NTE 260828 200.00 C,CALL,200.0,2026-08-28,8.0,414,1141780.0,2327195.0,846.0,4,61.0,58.505,13.714,-0.5164029190397934,3.614820433278565,4.464117939089074,0.7786252219341483,contract+owner_sum
2026-08-20,SBO,,HK.SBO260828C5000,SBO 260828 5.00 C,CALL,5.0,2026-08-28,8.0,745,1655800.0,1988250.0,1166.0,2,,33.199,550.0,,,,,contract+owner_sum
2026-08-20,HEX,,HK.HEX260828C400000,HEX 260828 400.00 C,CALL,400.0,2026-08-28,8.0,542,965391.0,1973808.0,2309.0,4,101.0,23.392,23.379,,,,,contract+owner_sum
2026-08-20,HK.01024,KUAISHOU-W,HK.KST260828C34000,KST 260828 34.00 C,CALL,34.0,2026-08-28,8.0,2217,1059815.0,1622825.0,4917.0,3,1854.0,52.483,-79.901,-11.005291005290996,-4.761904761904756,2.318668252080869,-1.8430439952437538,contract+owner_sum
2026-08-20,HK.02899,ZIJIN MINING,HK.ZJM260828C38000,ZJM 260828 38.00 C,CALL,38.0,2026-08-28,8.0,385,750420.0,1602880.0,814.0,4,174.0,56.051,366.666,5.329512893982802,4.41260744985672,4.896626768226353,4.570184983677916,contract+owner_sum
2026-08-20,BOM,,HK.BOM260828C190000,BOM 260828 190.00 C,CALL,190.0,2026-08-28,8.0,200,1600000.0,1600000.0,200.0,1,,90.238,18.483,,,,,contract+owner_sum
2026-08-20,HK.00981,SMIC,HK.SMC260828C75000,SMC 260828 75.00 C,CALL,75.0,2026-08-28,8.0,126,546275.0,1589350.0,269.0,4,,62.032,-29.508,-1.2328767123287787,0.9589041095890538,0.554785020804438,-7.420249653259359,contract+owner_sum
2026-08-20,HK.03690,美团-W,HK.MET260828C90000,MET 260828 90.00 C,CALL,90.0,2026-08-28,8.0,1700,922850.0,1446150.0,2267.0,2,,45.329,-36.065,-1.378518093049974,2.010338885697882,-0.9900990099009799,-3.669190448456605,contract+owner_sum
2026-08-20,HK.09888,BIDU-W,HK.BIU260828C92500,BIU 260828 92.50 C,CALL,92.5,2026-08-28,8.0,2333,845148.0,1102752.0,3574.0,2,840.0,42.858,50.0,2.4458032240133543,0.7782101167315147,1.1394465545306431,-2.6587086272382043,contract+owner_sum
2026-08-21,HK.09988,阿里巴巴-W,HK.ALB260828C45000,ALB 260828 45.00 C,CALL,45.0,2026-08-28,7.0,308,11995005.0,24669860.0,20395.0,15,,,-5.482,-2.535657686212367,2.377179080824088,-8.536585365853655,-7.154471544715446,contract+owner_sum
2026-08-21,HK.01810,小米集团-W,HK.MIU260828C29000,MIU 260828 29.00 C,CALL,29.0,2026-08-28,7.0,3184,2101990.0,6772470.0,13085.0,9,960.0,45.006,162.068,4.538904899135443,2.3054755043227626,-4.135079255685737,-4.341833218470015,contract+owner_sum
2026-08-21,HK.09992,泡泡玛特,HK.POP260828C150000,POP 260828 150.00 C,CALL,150.0,2026-08-28,7.0,4088,1433080.0,5170884.0,19581.0,6,2281.0,33.204,-72.939,-3.0579050097592653,-8.197787898503572,4.026845637583887,4.1610738255033475,contract+owner_sum
2026-08-21,HK.02513,Z.AI,HK.KAT260828C1040000,KAT 260828 1040.00 C,CALL,1040.0,2026-08-28,7.0,732,3197500.0,5164533.0,1857.0,3,609.0,93.413,57.98,10.361681329423256,-0.6842619745845546,-10.806023029229406,-6.2001771479185175,contract+owner_sum
2026-08-21,HK.00700,腾讯控股,HK.TCH260828C460000,TCH 260828 460.00 C,CALL,460.0,2026-08-28,7.0,3202,1157389.0,3576936.0,12081.0,7,276.0,28.936,24.74,1.2405848471422232,-0.08861320336729372,-3.7199124726477018,-3.2822757111597323,contract+owner_sum
2026-08-21,HK.00100,MiniMax,HK.MNX260828C350000,MNX 260828 350.00 C,CALL,350.0,2026-08-28,7.0,4952,1916224.4,2760969.2,9553.0,2,3630.0,140.336,106.56,11.855670103092786,-1.675257731958757,-10.080645161290324,-13.709677419354826,contract+owner_sum
2026-08-21,AIA,,HK.AIA260828C70000,AIA 260828 70.00 C,CALL,70.0,2026-08-28,7.0,231,1044780.0,2658800.0,1363.0,4,,,58.387,,,,,contract+owner_sum
2026-08-21,HK.02899,ZIJIN MINING,HK.ZJM260828C36000,ZJM 260828 36.00 C,CALL,36.0,2026-08-28,7.0,195,955640.0,2100600.0,631.0,4,,48.355,68.75,4.896626768226353,2.7203482045701888,-0.3112033195020847,-3.9419087136929543,contract+owner_sum
2026-08-21,HK.06181,老铺黄金,HK.LAO260828C400000,LAO 260828 400.00 C,CALL,400.0,2026-08-28,7.0,794,1117908.0,2029769.0,1493.0,3,,96.753,89.651,7.455429497568877,2.1069692058346856,0.10055304172951196,-2.0110608345902503,contract+owner_sum
2026-08-21,HK.01024,KUAISHOU-W,HK.KST260828C34000,KST 260828 34.00 C,CALL,34.0,2026-08-28,7.0,2906,1317290.0,1984425.0,6978.0,3,808.0,44.352,31.707,2.318668252080869,0.059453032104617165,-4.067402672864606,-3.3701336432306883,contract+owner_sum
2026-08-21,HEX,,HK.HEX260828C420000,HEX 260828 420.00 C,CALL,420.0,2026-08-28,7.0,1470,684223.0,1670630.0,2100.0,3,,20.011,0.245,,,,,contract+owner_sum
2026-08-21,HK.09868,小鹏-W,HK.PEN260828C47000,PEN 260828 47.00 C,CALL,47.0,2026-08-28,7.0,1477,700158.0,1420668.0,3696.0,3,,81.672,8.13,0.5855290673358438,-1.2965286491007921,-0.8731808731808788,-9.97920997920999,contract+owner_sum
2026-08-21,HK.02628,中国人寿,HK.CLI260828C28000,CLI 260828 28.00 C,CALL,28.0,2026-08-28,7.0,1187,738640.0,1283710.0,2429.0,2,385.0,43.435,165.384,5.093632958801497,0.3745318352059934,2.1382751247327247,0.2138275124732747,contract+owner_sum
2026-08-21,HK.03690,美团-W,HK.MET260828C85000,MET 260828 85.00 C,CALL,85.0,2026-08-28,7.0,937,565655.0,1145955.0,3335.0,3,,35.109,-30.111,-0.9900990099009799,-0.17472335468839972,-2.705882352941169,-9.176470588235286,contract+owner_sum
2026-08-21,HK.03750,宁德时代,HK.CAT260821C640000,CAT 260821 640.00 C,CALL,640.0,2026-08-21,0.0,545,661965.0,1133857.0,902.0,3,,926.261,614.285,3.7360890302066796,1.4308426073131875,-2.145593869731799,-4.82758620689655,contract+owner_sum
2026-08-24,HK.09988,阿里巴巴-W,HK.ALB260828C45000,ALB 260828 45.00 C,CALL,45.0,2026-08-28,4.0,692,23179930.0,38702910.0,27952.0,10,,,-15.955,-8.536585365853655,-8.048780487804885,1.5111111111111075,3.64444444444445,contract+owner_sum
2026-08-24,HK.00700,腾讯控股,HK.TCH260828C360000,TCH 260828 360.00 C,CALL,360.0,2026-08-28,4.0,340,2745180.0,6665648.0,12549.0,5,119.0,79.85,-17.52,-3.7199124726477018,-1.5317286652078765,0.454545454545463,1.2272727272727213,contract+owner_sum
2026-08-24,HK.03690,美团-W,HK.MET260828C82500,MET 260828 82.50 C,CALL,82.5,2026-08-28,4.0,1851,1690045.0,5470930.0,5169.0,7,1077.0,50.967,-51.515,-2.705882352941169,-2.4705882352941133,-6.650544135429259,-5.622732769044747,contract+owner_sum
2026-08-24,HK.00981,SMIC,HK.SMC260828C70000,SMC 260828 70.00 C,CALL,70.0,2026-08-28,4.0,557,1311825.0,4376400.0,1595.0,6,17.0,72.974,-80.397,-7.931034482758625,-0.06896551724137057,1.6479400749063622,4.419475655430727,contract+owner_sum
2026-08-24,HK.01810,小米集团-W,HK.MIU260828C28000,MIU 260828 28.00 C,CALL,28.0,2026-08-28,4.0,3026,1816770.0,2937370.0,10328.0,4,417.0,57.278,-60.144,-4.135079255685737,-1.447277739490005,-0.21567217828899476,2.300503235082685,contract+owner_sum
2026-08-24,HK.00386,SINOPEC CORP,HK.CPC260828C4300,CPC 260828 4.30 C,CALL,4.3,2026-08-28,4.0,2235,1389460.0,2684380.0,5773.0,2,,,107.142,5.90238365493756,0.9080590238365494,0.7502679528403,0.9646302250803762,contract+owner_sum
2026-08-24,HK.00027,GALAXY ENT,HK.GLX260828C30000,GLX 260828 30.00 C,CALL,30.0,2026-08-28,4.0,304,1486540.0,2098640.0,461.0,2,,125.575,0.0,-0.34188034188035177,-0.6267806267806209,-0.6861063464836947,-0.6861063464836947,contract+owner_sum
2026-08-24,HK.09992,泡泡玛特,HK.POP260828C155000,POP 260828 155.00 C,CALL,155.0,2026-08-28,4.0,1590,693480.0,1748468.0,2979.0,3,39.0,40.751,144.444,4.026845637583887,0.0,0.1290322580645098,-0.4516129032257954,contract+owner_sum
2026-08-24,HK.02899,ZIJIN MINING,HK.ZJM260828C38000,ZJM 260828 38.00 C,CALL,38.0,2026-08-28,4.0,256,608460.0,1190180.0,995.0,3,,68.786,-10.714,-0.3112033195020847,3.4232365145228316,-3.6420395421435936,-0.9365244536940653,contract+owner_sum
2026-08-24,HK.00992,联想集团,HK.LEN260828C22000,LEN 260828 22.00 C,CALL,22.0,2026-08-28,4.0,70,1030000.0,1030000.0,70.0,1,,,-5.769,-0.4701141705842904,3.0893216924110067,3.9136302294197067,3.1039136302294157,contract+owner_sum
2026-08-25,HK.09988,阿里巴巴-W,HK.ALB260828C112500,ALB 260828 112.50 C,CALL,112.5,2026-08-28,3.0,2229,2645435.0,5860380.0,9508.0,6,32.0,50.701,4.237,1.5111111111111075,2.0444444444444487,2.1015761821365997,1.138353765323985,contract+owner_sum
2026-08-25,HK.03690,美团-W,HK.MET260904C77000,MET 260904 77.00 C,CALL,77.0,2026-09-04,10.0,478,1000095.0,5459150.0,6764.0,9,447.0,66.019,-50.073,-6.650544135429259,0.2418379685610761,1.1010362694300335,0.38860103626943143,contract+owner_sum
2026-08-25,HK.00700,腾讯控股,HK.TCH260828C450000,TCH 260828 450.00 C,CALL,450.0,2026-08-28,3.0,4210,1065500.0,3174556.0,7753.0,5,850.0,40.614,-18.387,0.454545454545463,0.0,0.7692307692307665,1.312217194570131,contract+owner_sum
2026-08-25,HK.00386,SINOPEC CORP,HK.CPC260828C4300,CPC 260828 4.30 C,CALL,4.3,2026-08-28,3.0,2260,1810000.0,2514300.0,3417.0,2,,63.364,8.108,0.7502679528403,0.1071811361200492,0.21276595744681437,-0.42553191489362874,contract+owner_sum
2026-08-25,HK.09999,NTES,HK.NTE260828C197500,NTE 260828 197.50 C,CALL,197.5,2026-08-28,3.0,515,714455.0,2229455.0,1991.0,4,143.0,51.589,65.714,2.1117992715219636,-0.051507299305419973,-1.7654722456665772,-2.9256397213903274,contract+owner_sum
2026-08-25,HK.09926,AKESO,HK.AKS260828C90000,AKS 260828 90.00 C,CALL,90.0,2026-08-28,3.0,662,1673800.0,2196970.0,1123.0,3,530.0,95.608,-6.666,0.622524052065665,0.0,5.961754780652417,13.835770528683899,contract+owner_sum
2026-08-25,HK.09992,泡泡玛特,HK.POP260828C157500,POP 260828 157.50 C,CALL,157.5,2026-08-28,3.0,1641,614588.0,1929308.0,2780.0,5,417.0,36.491,-31.343,0.1290322580645098,0.5161290322580614,-0.5798969072164817,-0.773195876288657,contract+owner_sum
2026-08-25,HK.00981,SMIC,HK.SMC260828C67500,SMC 260828 67.50 C,CALL,67.5,2026-08-28,3.0,218,784800.0,1725250.0,763.0,4,,70.703,18.881,1.6479400749063622,0.0,2.726602800294775,5.084745762711873,contract+owner_sum
2026-08-25,HK.00992,联想集团,HK.LEN260828C19500,LEN 260828 19.50 C,CALL,19.5,2026-08-28,3.0,35,723300.0,1552180.0,102.0,3,,,1.576,3.9136302294197067,-1.9568151147098534,-0.7792207792207906,-0.25974025974027093,contract+owner_sum
2026-08-25,YOF,,HK.YOF260828C140000,YOF 260828 140.00 C,CALL,140.0,2026-08-28,3.0,37,405880.0,1477930.0,355.0,4,,181.904,206.372,,,,,contract+owner_sum
2026-08-25,HK.01211,BYD COMPANY,HK.BYD260828C95000,BYD 260828 95.00 C,CALL,95.0,2026-08-28,3.0,2796,407280.0,1264720.0,3937.0,4,,49.671,16.091,0.8620689655172376,-0.3232758620689613,-1.0683760683760646,-2.5106837606837518,contract+owner_sum
2026-08-25,HK.01810,小米集团-W,HK.MIU260828C28000,MIU 260828 28.00 C,CALL,28.0,2026-08-28,3.0,1660,891770.0,1140880.0,2875.0,2,96.0,56.985,-23.636,-0.21567217828899476,1.797268152408349,2.5216138328530313,-1.008645533141217,contract+owner_sum
2026-08-25,HK.02338,WEICHAI POWER,HK.WCP260828C31000,WCP 260828 31.00 C,CALL,31.0,2026-08-28,3.0,1121,1131330.0,1131330.0,1121.0,1,808.0,98.375,31.578,1.0262989095574104,0.0,1.9682539682539524,0.31746031746031633,contract+owner_sum
2026-08-26,HK.00700,腾讯控股,HK.TCH260828C350000,TCH 260828 350.00 C,CALL,350.0,2026-08-28,2.0,644,6271137.0,13693061.0,17637.0,9,,,4.778,0.7692307692307665,0.6787330316742057,0.5388414907947947,2.2002694207454043,contract+owner_sum
2026-08-26,HK.09988,阿里巴巴-W,HK.ALB260828C110000,ALB 260828 110.00 C,CALL,110.0,2026-08-28,2.0,698,1321250.0,8288750.0,8957.0,14,,42.038,40.087,2.1015761821365997,1.3134851138353776,-0.9433962264150941,-2.3156089193824947,contract+owner_sum
2026-08-26,HK.01211,BYD COMPANY,HK.BYD260828C92500,BYD 260828 92.50 C,CALL,92.5,2026-08-28,2.0,1450,1231025.0,2598790.0,2390.0,4,71.0,48.343,-47.004,-1.0683760683760646,-0.8547008547008517,-1.4578833693304483,-0.7019438444924364,contract+owner_sum
2026-08-26,HK.00981,SMIC,HK.SMC260828C72500,SMC 260828 72.50 C,CALL,72.5,2026-08-28,2.0,373,645400.0,2393450.0,1062.0,6,16.0,80.037,76.0,2.726602800294775,0.442151805453217,2.295552367288378,0.6456241032998689,contract+owner_sum
2026-08-26,HK.00386,SINOPEC CORP,HK.CPC260828C4400,CPC 260828 4.40 C,CALL,4.4,2026-08-28,2.0,2104,1298440.0,2328440.0,3404.0,2,,,0.0,0.21276595744681437,0.0,-0.6369426751592355,1.1677282377919207,contract+owner_sum
2026-08-26,INB,,HK.INB260828C100000,INB 260828 100.00 C,CALL,100.0,2026-08-28,2.0,52,619700.0,2313430.0,484.0,5,,254.02,324.561,,,,,contract+owner_sum
2026-08-26,HK.01810,小米集团-W,HK.MIU260828C29000,MIU 260828 29.00 C,CALL,29.0,2026-08-28,2.0,2318,892030.0,1930540.0,5199.0,3,402.0,102.724,52.941,2.5216138328530313,0.8645533141210304,-3.4434293745607913,-2.248770203794803,contract+owner_sum
2026-08-26,HK.03690,美团-W,HK.MET260904C79000,MET 260904 79.00 C,CALL,79.0,2026-09-04,9.0,369,607205.0,1920355.0,1662.0,5,224.0,73.914,25.714,1.1010362694300335,1.2953367875647714,-0.7046764894298452,-0.7046764894298452,contract+owner_sum
2026-08-26,YOF,,HK.YOF260904C170000,YOF 260904 170.00 C,CALL,170.0,2026-09-04,9.0,91,595925.0,1557895.0,274.0,4,84.0,132.617,-4.717,,,,,contract+owner_sum
2026-08-26,AIA,,HK.AIA260828C70000,AIA 260828 70.00 C,CALL,70.0,2026-08-28,2.0,280,1188220.0,1471820.0,418.0,2,,91.58,-2.466,,,,,contract+owner_sum
2026-08-26,HK.01347,HUA HONG GRACE,HK.HOS260828C120000,HOS 260828 120.00 C,CALL,120.0,2026-08-28,2.0,142,738840.0,1402900.0,219.0,3,37.0,126.203,177.173,6.431159420289845,0.0,4.510638297872327,2.6382978723404227,contract+owner_sum
2026-08-26,HK.02899,ZIJIN MINING,HK.ZJM260828C36000,ZJM 260828 36.00 C,CALL,36.0,2026-08-28,2.0,124,705400.0,1396620.0,905.0,4,,115.814,90.839,2.807775377969768,1.8898488120950407,-1.1029411764705954,0.5252100840336116,contract+owner_sum
2026-08-26,HEX,,HK.HEX260828C400000,HEX 260828 400.00 C,CALL,400.0,2026-08-28,2.0,253,525268.0,1312635.0,1807.0,3,,58.414,14.887,,,,,contract+owner_sum
2026-08-26,HK.03993,CMOC,HK.MOL260828C18000,MOL 260828 18.00 C,CALL,18.0,2026-08-28,2.0,360,1210680.0,1210680.0,360.0,1,114.0,88.272,485.714,7.343195902138477,2.3283304079951384,-3.1145371019232204,-2.2246693585165844,contract+owner_sum
2026-08-26,HK.02628,中国人寿,HK.CLI260828C28000,CLI 260828 28.00 C,CALL,28.0,2026-08-28,2.0,327,407590.0,1158190.0,2595.0,3,118.0,34.765,83.076,3.8406827880512084,0.6401137980085236,0.4109589041095818,0.7534246575342518,contract+owner_sum
2026-08-27,HK.09988,阿里巴巴-W,HK.ALB260904C117000,ALB 260904 117.00 C,CALL,117.0,2026-09-04,8.0,1371,1559870.0,9142525.0,13482.0,12,882.0,40.891,-27.43,-0.9433962264150941,0.6861063464837169,-1.3852813852813783,-1.1255411255411185,contract+owner_sum
2026-08-27,HK.00100,MiniMax,HK.MNX260904C320000,MNX 260904 320.00 C,CALL,320.0,2026-09-04,8.0,12754,3708939.6,4171649.2,16166.0,3,12097.0,99.306,-37.479,3.828382838283839,4.950495049504955,-4.513668150031802,10.934520025429117,contract+owner_sum
2026-08-27,HK.00700,腾讯控股,HK.TCH260828C450000,TCH 260828 450.00 C,CALL,450.0,2026-08-28,1.0,5426,1469113.0,4127744.0,13550.0,7,,58.068,10.3,0.5388414907947947,1.212393354288288,1.6525234479678463,1.1612326931665917,contract+owner_sum
2026-08-27,HK.03690,美团-W,HK.MET260904C78000,MET 260904 78.00 C,CALL,78.0,2026-09-04,8.0,432,594195.0,2587520.0,2948.0,6,369.0,64.695,-18.437,-0.7046764894298452,0.5765534913517056,0.0,1.806451612903226,contract+owner_sum
2026-08-27,HEX,,HK.HEX260828C410000,HEX 260828 410.00 C,CALL,410.0,2026-08-28,1.0,1190,1208115.0,2178642.0,2935.0,3,,,-2.824,,,,,contract+owner_sum
2026-08-27,HK.06030,CITIC SEC,HK.CTS260828C22000,CTS 260828 22.00 C,CALL,22.0,2026-08-28,1.0,317,1729100.0,1729100.0,317.0,1,,,-3.368,-0.5788712011577379,-0.361794500723589,-0.14556040756913413,-0.4366812227074246,contract+owner_sum
2026-08-27,HK.01810,小米集团-W,HK.MIU260828C28000,MIU 260828 28.00 C,CALL,28.0,2026-08-28,1.0,3231,955150.0,1708420.0,4230.0,3,,782.614,-84.285,-3.4434293745607913,0.0,1.2372634643377012,0.5094614264919972,contract+owner_sum
2026-08-27,HK.01347,HUA HONG GRACE,HK.HOS260828C120000,HOS 260828 120.00 C,CALL,120.0,2026-08-28,1.0,118,875600.0,1700960.0,213.0,4,74.0,158.647,74.796,4.510638297872327,1.106382978723408,-1.791530944625408,0.16286644951140072,contract+owner_sum
2026-08-27,HK.00981,SMIC,HK.SMC260828C72500,SMC 260828 72.50 C,CALL,72.5,2026-08-28,1.0,495,778350.0,1634775.0,633.0,4,226.0,97.89,-2.702,2.295552367288378,1.865136298421799,-1.612903225806439,-0.7713884992987308,contract+owner_sum
2026-08-27,YOF,,HK.YOF260904C180000,YOF 260904 180.00 C,CALL,180.0,2026-09-04,8.0,53,344175.0,1303825.0,283.0,5,37.0,104.114,69.753,,,,,contract+owner_sum
2026-08-27,HK.02513,Z.AI,HK.KAT260828C1100000,KAT 260828 1100.00 C,CALL,1100.0,2026-08-28,1.0,239,924587.0,1291887.0,300.0,3,136.0,,162.365,12.621359223300965,8.252427184466015,-6.034482758620685,3.0172413793103425,contract+owner_sum
2026-08-27,HK.00386,SINOPEC CORP,HK.CPC260828C4400,CPC 260828 4.40 C,CALL,4.4,2026-08-28,1.0,2270,1265120.0,1265120.0,2270.0,1,,,-16.129,-0.6369426751592355,0.6369426751592355,1.8162393162393098,2.243589743589758,contract+owner_sum
2026-08-27,HK.02318,PING AN,HK.PAI260828C55000,PAI 260828 55.00 C,CALL,55.0,2026-08-28,1.0,3652,746040.0,1158245.0,5095.0,3,2408.0,90.557,-17.777,-0.7962272276801241,-0.2654090758933858,-0.5350785932355717,-1.1593369520104035,contract+owner_sum
2026-08-27,HK.02899,ZIJIN MINING,HK.ZJM260904C39500,ZJM 260904 39.50 C,CALL,39.5,2026-09-04,8.0,605,634080.0,1140320.0,791.0,3,168.0,53.482,-28.358,-1.1029411764705954,0.0,1.6463090812533387,-2.7615507169410525,contract+owner_sum
2026-08-27,AIA,,HK.AIA260828C70000,AIA 260828 70.00 C,CALL,70.0,2026-08-28,1.0,139,630010.0,1093940.0,369.0,2,65.0,,9.411,,,,,contract+owner_sum
2026-08-28,HK.00700,腾讯控股,HK.TCH260828C450000,TCH 260828 450.00 C,CALL,450.0,2026-08-28,0.0,5141,3402457.0,18194575.0,35454.0,16,,,148.847,1.6525234479678463,-0.8485931219294307,-0.4833040421792556,-3.031634446397191,contract+owner_sum
2026-08-28,HK.09988,阿里巴巴-W,HK.ALB260828C102500,ALB 260828 102.50 C,CALL,102.5,2026-08-28,0.0,662,3837070.0,10372015.0,13485.0,12,,4768.384,-14.981,-1.3852813852813783,-2.0779220779220786,0.26338893766462146,-3.0728709394205467,contract+owner_sum
2026-08-28,HK.03690,美团-W,HK.MET260904C80000,MET 260904 80.00 C,CALL,80.0,2026-09-04,7.0,1765,1641605.0,5189440.0,6153.0,8,1379.0,68.93,-2.702,0.0,-1.2258064516129097,1.806451612903226,-1.0967741935483777,contract+owner_sum
2026-08-28,JDC,,HK.JDC260828C95000,JDC 260828 95.00 C,CALL,95.0,2026-08-28,0.0,600,4819850.0,4819850.0,600.0,1,,6290.509,-6.779,,,,,contract+owner_sum
2026-08-28,HK.00005,HSBC HOLDINGS,HK.HKB260828C135000,HKB 260828 135.00 C,CALL,135.0,2026-08-28,0.0,250,2627520.0,3743120.0,847.0,3,,,-2.051,-0.24721878862793423,-0.7416563658838138,-0.24783147459728205,-0.495662949194553,contract+owner_sum
2026-08-28,HK.00386,SINOPEC CORP,HK.CPC260828C4400,CPC 260828 4.40 C,CALL,4.4,2026-08-28,0.0,2138,1315880.0,3416920.0,7956.0,3,,,17.857,1.8162393162393098,-0.6410256410256276,0.41972717733473885,0.0,contract+owner_sum
2026-08-28,HK.09992,泡泡玛特,HK.POP260828C152500,POP 260828 152.50 C,CALL,152.5,2026-08-28,0.0,940,1124302.0,2792588.0,6076.0,4,,,225.263,3.051948051948039,0.0,-1.6383112791430343,-2.2054190296156295,contract+owner_sum
2026-08-28,HK.02899,ZIJIN MINING,HK.ZJM260904C38500,ZJM 260904 38.50 C,CALL,38.5,2026-09-04,7.0,403,601240.0,2184200.0,1370.0,5,352.0,47.133,20.0,1.6463090812533387,0.0,-4.336468129571591,-4.858934169278994,contract+owner_sum
2026-08-28,HEX,,HK.HEX260828C400000,HEX 260828 400.00 C,CALL,400.0,2026-08-28,0.0,392,941108.0,1908165.0,2117.0,4,,,7.719,,,,,contract+owner_sum
2026-08-28,WXB,,HK.WXB260828C38000,WXB 260828 38.00 C,CALL,38.0,2026-08-28,0.0,305,1891100.0,1891100.0,305.0,1,,,0.4,,,,,contract+owner_sum
2026-08-28,HK.02513,Z.AI,HK.KAT260904C1300000,KAT 260904 1300.00 C,CALL,1300.0,2026-09-04,7.0,695,1454870.0,1886485.0,783.0,2,588.0,114.327,-63.853,-6.034482758620685,-0.4310344827586188,9.633027522935777,8.165137614678898,contract+owner_sum
2026-08-28,HK.06030,CITIC SEC,HK.CTS260828C22000,CTS 260828 22.00 C,CALL,22.0,2026-08-28,0.0,300,1730000.0,1730000.0,300.0,1,,,5.291,-0.14556040756913413,-0.6550218340611313,-0.291545189504383,-0.36443148688046767,contract+owner_sum
2026-08-28,HK.00981,SMIC,HK.SMC260828C72500,SMC 260828 72.50 C,CALL,72.5,2026-08-28,0.0,918,580700.0,1695550.0,1370.0,4,282.0,1248.325,-97.56,-1.612903225806439,0.42075736325384305,0.8553100498930766,-1.8531717747683696,contract+owner_sum
2026-08-28,HK.02338,WEICHAI POWER,HK.WCP260828C31000,WCP 260828 31.00 C,CALL,31.0,2026-08-28,0.0,934,1334480.0,1334480.0,934.0,1,,,58.415,3.6708860759493644,-0.9493670886076,-2.8083028083027983,-3.5409035409035283,contract+owner_sum
2026-08-28,HK.01810,小米集团-W,HK.MIU260828C24000,MIU 260828 24.00 C,CALL,24.0,2026-08-28,0.0,107,417150.0,1133160.0,3781.0,3,,6142.088,11.878,1.2372634643377012,0.0,-0.7189072609633307,-0.9345794392523366,contract+owner_sum
2026-08-31,HK.00100,MiniMax,HK.MNX260904C320000,MNX 260904 320.00 C,CALL,320.0,2026-09-04,4.0,38101,23607076.0,23607076.0,38101.0,1,,115.462,372.222,16.17842876165114,-0.46604527296936205,-3.495702005730661,-1.833810888252141,contract+owner_sum
2026-08-31,HK.00700,腾讯控股,HK.TCH260904C450000,TCH 260904 450.00 C,CALL,450.0,2026-09-04,4.0,9498,7612635.0,11351351.0,17218.0,5,3420.0,34.522,-28.365,-0.4833040421792556,-0.9226713532513142,-2.560706401766011,-3.2671081677704272,contract+owner_sum
2026-08-31,HK.03690,美团-W,HK.MET260904C80000,MET 260904 80.00 C,CALL,80.0,2026-09-04,4.0,2839,1707385.0,3588535.0,5755.0,6,631.0,51.506,-38.333,1.806451612903226,2.516129032258063,-2.851711026615966,-0.19011406844107182,contract+owner_sum
2026-08-31,HK.02513,Z.AI,HK.KAT260904C1140000,KAT 260904 1140.00 C,CALL,1140.0,2026-09-04,4.0,316,1852377.0,2738489.0,556.0,4,241.0,158.625,87.457,9.633027522935777,-1.0091743119266083,-1.3389121338912124,-6.5271966527196685,contract+owner_sum
2026-08-31,HK.09988,阿里巴巴-W,HK.ALB260904C115000,ALB 260904 115.00 C,CALL,115.0,2026-09-04,4.0,775,619610.0,1368565.0,2007.0,3,89.0,48.012,-12.5,0.26338893766462146,0.9657594381035972,-3.327495621716281,-3.76532399299474,contract+owner_sum
2026-09-01,HK.09988,阿里巴巴-W,HK.ALB260911C111000,ALB 260911 111.00 C,CALL,111.0,2026-09-11,10.0,1090,1434950.0,5542140.0,4924.0,7,842.0,40.853,-49.233,-3.327495621716281,-1.7513134851138368,-0.45289855072463414,-2.6268115942029047,contract+owner_sum
2026-09-01,HK.02513,Z.AI,HK.KAT260904C1140000,KAT 260904 1140.00 C,CALL,1140.0,2026-09-04,3.0,320,3443266.0,5137297.0,847.0,5,,198.538,0.473,-1.3389121338912124,-4.351464435146446,-5.258693808312131,-6.022052586938087,contract+owner_sum
2026-09-01,HK.00700,腾讯控股,HK.TCH260904C450000,TCH 260904 450.00 C,CALL,450.0,2026-09-04,3.0,5538,1767063.0,3908003.0,9775.0,6,,41.057,-62.185,-2.560706401766011,-1.4569536423841067,-0.7249660172179428,-1.9030357951970944,contract+owner_sum
2026-09-01,HK.03690,美团-W,HK.MET260911C79000,MET 260911 79.00 C,CALL,79.0,2026-09-11,10.0,1188,790000.0,2371050.0,3832.0,6,1180.0,43.355,-45.922,-2.851711026615966,-0.7604562737642651,2.739726027397249,1.304631441617743,contract+owner_sum
2026-09-01,HK.01810,小米集团-W,HK.MIU260911C28000,MIU 260911 28.00 C,CALL,28.0,2026-09-11,10.0,1605,1106850.0,1576780.0,2590.0,3,1485.0,46.915,-8.333,-0.21723388848661207,-0.3620564808110127,1.81422351233671,-0.4354136429608024,contract+owner_sum
2026-09-01,HK.01024,KUAISHOU-W,HK.KST260904C35000,KST 260904 35.00 C,CALL,35.0,2026-09-04,3.0,1757,577845.0,1283780.0,3215.0,3,178.0,56.475,166.666,3.15664085765337,2.799285288862441,-2.886836027713624,-5.427251732101624,contract+owner_sum
2026-09-01,HK.03308,ZJ INNOLIGHT,HK.ZJI260911C1095000,ZJI 260911 1095.00 C,CALL,1095.0,2026-09-11,10.0,335,1010312.5,1010312.5,335.0,1,335.0,128.418,82.207,0.5838777685367225,0.29193888426837233,-3.773174766856968,-3.7356694096744136,contract+owner_sum
2026-09-02,HK.09988,阿里巴巴-W,HK.ALB260904C110000,ALB 260904 110.00 C,CALL,110.0,2026-09-04,2.0,3939,1976530.0,5176420.0,8297.0,10,2029.0,57.406,-27.5,-0.45289855072463414,-0.18115942028985588,-2.1838034576888155,0.18198362147405778,contract+owner_sum
2026-09-02,HK.00700,腾讯控股,HK.TCH260904C440000,TCH 260904 440.00 C,CALL,440.0,2026-09-04,2.0,3114,1273145.0,4561711.0,11675.0,6,1869.0,44.525,-31.993,-0.7249660172179428,-0.5437245129134571,-1.186672752167961,1.0497489730716625,contract+owner_sum
2026-09-02,HK.01810,小米集团-W,HK.MIU260911C28000,MIU 260911 28.00 C,CALL,28.0,2026-09-11,9.0,851,726960.0,1471000.0,2301.0,3,99.0,46.374,40.983,1.81422351233671,-0.2177068214804012,-2.209550962223794,1.3542409123307397,contract+owner_sum
2026-09-02,HK.02513,Z.AI,HK.KAT260904C1140000,KAT 260904 1140.00 C,CALL,1140.0,2026-09-04,2.0,721,1260732.0,1260732.0,721.0,1,635.0,117.084,-68.792,-5.258693808312131,-2.035623409669207,-0.8057296329453845,-3.76007162041182,contract+owner_sum
2026-09-02,HK.03690,美团-W,HK.MET260904C77000,MET 260904 77.00 C,CALL,77.0,2026-09-04,2.0,740,449220.0,1142740.0,1790.0,4,220.0,50.804,82.051,2.739726027397249,-0.91324200913242,-1.3968253968253852,3.809523809523818,contract+owner_sum
2026-09-03,HK.00700,腾讯控股,HK.TCH260904C435000,TCH 260904 435.00 C,CALL,435.0,2026-09-04,1.0,2060,716394.0,3195259.0,11407.0,8,515.0,61.906,-62.742,-1.186672752167961,1.3692377909630293,2.263279445727484,1.24711316397228,contract+owner_sum
2026-09-03,HK.09988,阿里巴巴-W,HK.ALB260904C110000,ALB 260904 110.00 C,CALL,110.0,2026-09-04,1.0,4465,1018450.0,2813630.0,7396.0,8,,85.142,-82.758,-2.1838034576888155,0.5459508644221955,2.4186046511627923,1.9534883720930152,contract+owner_sum
2026-09-03,HK.03690,美团-W,HK.MET260904C79000,MET 260904 79.00 C,CALL,79.0,2026-09-04,1.0,2436,714740.0,1476230.0,4853.0,3,1341.0,79.382,-72.38,-1.3968253968253852,-0.06349206349205438,5.280103026400518,3.090792015453947,contract+owner_sum
2026-09-04,HK.09988,阿里巴巴-W,HK.ALB260911C110000,ALB 260911 110.00 C,CALL,110.0,2026-09-11,7.0,1818,2177710.0,9719295.0,13148.0,14,1455.0,37.683,56.849,2.4186046511627923,1.8604651162790642,-0.4541326067211582,-0.544959128065392,contract+owner_sum
2026-09-04,HK.00700,腾讯控股,HK.TCH260911C450000,TCH 260911 450.00 C,CALL,450.0,2026-09-11,7.0,2967,1462042.0,4959902.0,15533.0,6,2044.0,30.712,86.852,2.263279445727484,2.1709006928406493,-0.9936766034327138,-1.6711833785004626,contract+owner_sum
2026-09-04,HK.03690,美团-W,HK.MET260904C80000,MET 260904 80.00 C,CALL,80.0,2026-09-04,0.0,1774,1006250.0,3967050.0,4843.0,7,,1466.747,1207.692,5.280103026400518,1.3522215067611087,-2.079510703363918,-1.4067278287461793,contract+owner_sum
2026-09-04,HK.00100,MiniMax,HK.MNX260911C400000,MNX 260911 400.00 C,CALL,400.0,2026-09-11,7.0,3440,565892.6,1076775.4,6677.0,3,1583.0,137.592,-9.364,1.8028169014084439,2.704225352112677,-2.9330381848367337,-8.356391809629216,contract+owner_sum
2026-09-04,SHK,,HK.SHK260904C115000,SHK 260904 115.00 C,CALL,115.0,2026-09-04,0.0,200,1040000.0,1040000.0,200.0,1,,3443.484,484.269,,,,,contract+owner_sum
2026-09-07,HK.02513,Z.AI,HK.KAT260911C1100000,KAT 260911 1100.00 C,CALL,1100.0,2026-09-11,4.0,1735,3560608.0,6297235.0,3013.0,3,332.0,90.983,-72.558,-5.302325581395351,1.9534883720930152,-10.019646365422396,-10.265225933202359,contract+owner_sum
2026-09-07,HK.03690,美团-W,HK.MET260911C75000,MET 260911 75.00 C,CALL,75.0,2026-09-11,4.0,800,2542000.0,3270990.0,1785.0,3,235.0,77.472,-16.063,-2.079510703363918,-0.3058103975535187,0.6870705808869504,-2.810743285446593,contract+owner_sum
2026-09-07,HK.00100,MiniMax,HK.MNX260911C380000,MNX 260911 380.00 C,CALL,380.0,2026-09-11,4.0,5745,1078125.4,2447313.8,13908.0,6,1808.0,118.108,-44.768,-2.9330381848367337,1.5495296070835662,-5.587229190421894,-8.551881413911055,contract+owner_sum
2026-09-07,HK.00700,腾讯控股,HK.TCH260911C440000,TCH 260911 440.00 C,CALL,440.0,2026-09-11,4.0,1400,857367.0,1869066.0,4572.0,3,1045.0,34.696,-39.867,-0.9936766034327138,-0.49683830171635135,-0.6843065693430628,-1.0036496350364965,contract+owner_sum
2026-09-07,HK.01810,小米集团-W,HK.MIU260911C28000,MIU 260911 28.00 C,CALL,28.0,2026-09-11,4.0,844,381820.0,1369850.0,3314.0,5,161.0,122.514,-46.808,-3.305203938115331,-0.7735583684950864,-2.109090909090905,-4.072727272727272,contract+owner_sum
2026-09-08,HK.02513,Z.AI,HK.KAT260911C920000,KAT 260911 920.00 C,CALL,920.0,2026-09-11,3.0,1088,2795242.0,5134297.0,3094.0,6,988.0,86.994,,-10.019646365422396,-0.9823182711198419,-0.27292576419214454,-10.58951965065502,contract+owner_sum
2026-09-08,HK.00100,MiniMax,HK.MNX260911C335000,MNX 260911 335.00 C,CALL,335.0,2026-09-11,3.0,8517,1678124.0,3218656.2,15443.0,5,7666.0,113.154,-56.605,-5.587229190421894,-0.22805017103763037,-3.1400966183574797,-11.835748792270529,contract+owner_sum
2026-09-08,HK.09988,阿里巴巴-W,HK.ALB260911C112000,ALB 260911 112.00 C,CALL,112.0,2026-09-11,3.0,1708,1061930.0,2754780.0,5491.0,5,868.0,49.694,-14.893,-0.09124087591240171,-0.5474452554744436,0.2739726027397138,-2.37442922374429,contract+owner_sum
2026-09-08,HK.00700,腾讯控股,HK.TCH260911C440000,TCH 260911 440.00 C,CALL,440.0,2026-09-11,3.0,1455,622330.0,1405119.0,3776.0,3,939.0,37.094,-39.09,-0.6843065693430628,-0.31934306569342263,-0.3215434083601254,-2.250803858520889,contract+owner_sum
2026-09-08,HK.03308,ZJ INNOLIGHT,HK.ZJI260918C1200000,ZJI 260918 1200.00 C,CALL,1200.0,2026-09-18,10.0,300,1000000.0,1356000.0,380.0,2,300.0,89.823,,-3.4912718204488824,-1.0806317539484578,1.033591731266159,-3.4453057708871637,contract+owner_sum
2026-09-08,HK.01810,小米集团-W,HK.MIU260918C27500,MIU 260918 27.50 C,CALL,27.5,2026-09-18,10.0,849,481550.0,1202300.0,1905.0,4,787.0,48.581,-34.375,-2.109090909090905,-0.8727272727272695,-2.0059435364041756,-3.714710252600295,contract+owner_sum
2026-09-09,HK.00100,MiniMax,HK.MNX260911C335000,MNX 260911 335.00 C,CALL,335.0,2026-09-11,2.0,7963,1076616.2,2667252.0,18192.0,4,7178.0,112.349,-52.785,-3.1400966183574797,1.0869565217391353,-8.977556109725693,-15.835411471321702,contract+owner_sum
2026-09-09,HK.09988,阿里巴巴-W,HK.ALB260911C112000,ALB 260911 112.00 C,CALL,112.0,2026-09-11,2.0,2683,896130.0,1254765.0,3376.0,2,2242.0,55.221,-6.329,0.2739726027397138,0.9132420091324311,-2.64116575591985,-2.094717668488155,contract+owner_sum
2026-09-10,HK.00100,MiniMax,HK.MNX260918C292500,MNX 260918 292.50 C,CALL,292.5,2026-09-18,8.0,22990,6949053.2,13324017.000000002,96328.0,7,21630.0,90.891,-59.771,-8.977556109725693,-1.558603491271815,-7.534246575342463,-13.561643835616433,contract+owner_sum
2026-09-10,HK.02513,Z.AI,HK.KAT260918C825000,KAT 260918 825.00 C,CALL,825.0,2026-09-18,8.0,1724,5770709.0,8756961.0,4606.0,4,1500.0,88.513,-65.005,-10.344827586206895,-0.6020799124247356,-3.1746031746031744,-11.965811965811968,contract+owner_sum
2026-09-10,HK.09988,阿里巴巴-W,HK.ALB260918C97000,ALB 260918 97.00 C,CALL,97.0,2026-09-18,8.0,172,813265.0,2886195.0,3342.0,6,51.0,,-27.536,-2.64116575591985,-2.3679417122040025,0.5612722170252438,-0.9354536950420989,contract+owner_sum
2026-09-10,HK.02899,ZIJIN MINING,HK.ZJM260918C37000,ZJM 260918 37.00 C,CALL,37.0,2026-09-18,8.0,420,919100.0,2163080.0,1292.0,4,313.0,46.346,-16.546,-0.6914893617021245,-2.1808510638297918,-6.7487948580610695,-7.284413497589737,contract+owner_sum
2026-09-10,HK.03690,美团-W,HK.MET260918C75000,MET 260918 75.00 C,CALL,75.0,2026-09-18,8.0,453,434120.0,1143635.0,2425.0,3,401.0,45.011,-50.537,-3.92030848329048,-1.9922879177377895,0.4682274247491458,0.4013377926421313,contract+owner_sum
2026-09-10,HK.00700,腾讯控股,HK.TCH260911C430000,TCH 260911 430.00 C,CALL,430.0,2026-09-11,1.0,2177,401735.0,1019068.0,3676.0,3,668.0,52.23,-76.969,-1.9354838709677358,-0.9216589861751112,0.6578947368421018,1.1748120300751896,contract+owner_sum
2026-09-11,HK.00100,MiniMax,HK.MNX260918C270000,MNX 260918 270.00 C,CALL,270.0,2026-09-18,7.0,23426,6960461.4,11603235.0,49360.0,3,21630.0,100.49,-52.021,-7.534246575342463,-2.397260273972601,-6.518518518518512,-13.111111111111118,contract+owner_sum
2026-09-11,HK.02899,ZIJIN MINING,HK.ZJM260918C35000,ZJM 260918 35.00 C,CALL,35.0,2026-09-18,7.0,813,1560240.0,2492880.0,1262.0,4,672.0,59.012,-63.773,-6.7487948580610695,-3.85645420460633,-0.5743825387708346,-4.365307294658249,contract+owner_sum
2026-09-11,HK.00700,腾讯控股,HK.TCH260911C430000,TCH 260911 430.00 C,CALL,430.0,2026-09-11,0.0,5534,725723.0,2186012.0,9888.0,6,,181.844,-87.096,0.6578947368421018,-1.4567669172932396,0.5135387488328869,2.4276377217553824,contract+owner_sum
2026-09-11,HK.09988,阿里巴巴-W,HK.ALB260918C108000,ALB 260918 108.00 C,CALL,108.0,2026-09-18,7.0,549,518525.0,1866930.0,2826.0,5,350.0,40.565,2.439,0.5612722170252438,-1.7773620205799867,-1.4883720930232491,-0.27906976744185297,contract+owner_sum
2026-09-14,HK.00100,MiniMax,HK.MNX260918C255000,MNX 260918 255.00 C,CALL,255.0,2026-09-18,4.0,23724,5862357.2,10869239.8,51165.0,4,21637.0,135.196,-49.587,-6.518518518518512,-5.555555555555558,-7.052297939778129,-5.705229793977818,contract+owner_sum
2026-09-14,HK.02513,Z.AI,HK.KAT260918C740000,KAT 260918 740.00 C,CALL,740.0,2026-09-18,4.0,1572,4519400.0,8274374.0,4088.0,7,1426.0,101.484,-71.139,-9.079445145018916,-5.674653215636827,-5.68654646324549,-0.1386962552011095,contract+owner_sum
2026-09-14,HK.09988,阿里巴巴-W,HK.ALB260918C106000,ALB 260918 106.00 C,CALL,106.0,2026-09-18,4.0,649,603340.0,2303730.0,3265.0,6,342.0,48.783,-36.507,-1.4883720930232491,-1.8604651162790753,1.227573182247399,0.28328611898016387,contract+owner_sum
2026-09-14,HK.00700,腾讯控股,HK.TCH260918C435000,TCH 260918 435.00 C,CALL,435.0,2026-09-18,4.0,1598,732118.0,2015274.0,4782.0,3,1105.0,35.816,1.86,0.5135387488328869,-1.073762838468717,1.904319554110545,0.6502554575011477,contract+owner_sum
2026-09-15,HK.02513,Z.AI,HK.KAT260918C710000,KAT 260918 710.00 C,CALL,710.0,2026-09-18,3.0,3645,5720597.0,15578110.0,8476.0,7,801.0,89.051,-75.587,-5.68654646324549,0.832177531206657,5.882352941176472,8.823529411764696,contract+owner_sum
2026-09-15,HK.09988,阿里巴巴-W,HK.ALB260929C105000,ALB 260929 105.00 C,CALL,105.0,2026-09-29,14.0,1262,3179430.0,10791440.0,13508.0,14,,44.411,13.986,1.227573182247399,1.0387157695939564,-0.9328358208955279,-1.9589552238806096,contract+owner_sum
2026-09-15,HK.00700,腾讯控股,HK.TCH260929C450000,TCH 260929 450.00 C,CALL,450.0,2026-09-29,14.0,3648,2691578.0,9586320.0,19149.0,13,1054.0,30.546,42.65,1.904319554110545,-0.6038086391082276,-1.230628988149507,-2.917046490428443,contract+owner_sum
2026-09-15,HK.00005,HSBC HOLDINGS,HK.HKB260929C140000,HKB 260929 140.00 C,CALL,140.0,2026-09-29,14.0,433,3615076.0,6727584.0,2731.0,8,,38.177,-20.454,-3.214069132807773,-1.1522134627046765,0.8145363408521344,0.12531328320803947,contract+owner_sum
2026-09-15,HK.00100,MiniMax,HK.MNX260918C235000,MNX 260918 235.00 C,CALL,235.0,2026-09-18,3.0,22449,3944175.4,6147652.199999999,46208.0,3,21630.0,101.73,-67.483,-7.052297939778129,1.4263074484944571,1.449275362318847,8.610400682011932,contract+owner_sum
2026-09-15,HK.01810,小米集团-W,HK.MIU260929C15500,MIU 260929 15.50 C,CALL,15.5,2026-09-29,14.0,150,1698500.0,2491900.0,1282.0,3,,192.935,-3.836,-2.4300441826215047,-0.14727540500736325,-1.2075471698113183,-1.3584905660377289,contract+owner_sum
2026-09-15,HK.02899,ZIJIN MINING,HK.ZJM260929C34000,ZJM 260929 34.00 C,CALL,34.0,2026-09-29,14.0,342,766920.0,1781440.0,1058.0,4,218.0,48.558,-42.944,-3.812824956672445,0.0,3.363363363363381,1.6816816816816793,contract+owner_sum
2026-09-15,HK.01347,HUA HONG GRACE,HK.HOS260929C115000,HOS 260929 115.00 C,CALL,115.0,2026-09-29,14.0,83,462920.0,1292960.0,170.0,4,17.0,69.841,-17.241,-0.7511737089201831,0.657276995305156,5.865657521286671,4.257332071901598,contract+owner_sum
2026-09-16,HK.00992,联想集团,HK.LEN260929C6500,LEN 260929 6.50 C,CALL,6.5,2026-09-29,13.0,345,18846800.0,29999480.0,2644.0,10,335.0,493.086,10.116,8.333333333333325,2.2435897435897356,1.5384615384615552,11.183431952662737,contract+owner_sum
2026-09-16,HK.02513,Z.AI,HK.KAT260918C675000,KAT 260918 675.00 C,CALL,675.0,2026-09-18,2.0,1550,7712521.0,14734080.0,3822.0,6,,151.482,107.464,5.882352941176472,-3.529411764705881,2.777777777777768,8.333333333333325,contract+owner_sum
2026-09-16,HK.00100,MiniMax,HK.MNX260918C235000,MNX 260918 235.00 C,CALL,235.0,2026-09-18,2.0,23986,7499421.2,14331481.4,55320.0,7,,126.152,0.678,1.449275362318847,0.8525149190110826,7.058823529411762,27.31092436974789,contract+owner_sum
2026-09-16,HK.00700,腾讯控股,HK.TCH260929C230000,TCH 260929 230.00 C,CALL,230.0,2026-09-29,13.0,271,5536887.0,8906488.0,6254.0,11,,175.726,-2.931,-1.230628988149507,0.0,-1.707429626211343,-3.3225657591139823,contract+owner_sum
2026-09-16,HK.01810,小米集团-W,HK.MIU260929C15500,MIU 260929 15.50 C,CALL,15.5,2026-09-29,13.0,400,4229650.0,8320700.0,2013.0,3,,,-4.774,-1.2075471698113183,0.0,-0.15278838808250317,0.8403361344537785,contract+owner_sum
2026-09-16,HK.01347,HUA HONG GRACE,HK.HOS260929C37000,HOS 260929 37.00 C,CALL,37.0,2026-09-29,13.0,22,3295840.0,7429560.0,529.0,7,1.0,247.538,9.022,5.865657521286671,0.18921475875117721,-1.5192135835567444,3.217158176943702,contract+owner_sum
2026-09-16,HK.09988,阿里巴巴-W,HK.ALB260929C110000,ALB 260929 110.00 C,CALL,110.0,2026-09-29,13.0,990,1054620.0,4068070.0,6679.0,10,28.0,44.034,-20.948,-0.9328358208955279,0.4664179104477695,-1.0357815442561313,2.9190207156308823,contract+owner_sum
2026-09-16,HK.03750,宁德时代,HK.CAT260929C260000,CAT 260929 260.00 C,CALL,260.0,2026-09-29,13.0,50,1163400.0,3832236.0,2062.0,9,50.0,,,-2.9069767441860517,-2.034883720930236,1.1976047904191711,1.1976047904191711,contract+owner_sum
2026-09-16,HK.00981,SMIC,HK.SMC260929C65000,SMC 260929 65.00 C,CALL,65.0,2026-09-29,13.0,193,636250.0,3072575.0,1394.0,9,51.0,45.414,175.438,4.773662551440316,1.152263374485596,-1.963864886095834,2.3566378633150142,contract+owner_sum
2026-09-16,HK.03690,美团-W,HK.MET260929C31000,MET 260929 31.00 C,CALL,31.0,2026-09-29,13.0,50,1086000.0,2885820.0,2430.0,5,,,-1.407,-0.4013377926421313,0.0,-2.08193418401611,-1.6789791806581578,contract+owner_sum
2026-09-16,HK.00939,建设银行,HK.XCC260929C4700,XCC 260929 4.70 C,CALL,4.7,2026-09-29,13.0,500,2464500.0,2464500.0,500.0,1,500.0,,-0.081,0.2601456815816805,0.41623309053071544,0.4151530877011034,-0.4670472236637302,contract+owner_sum
2026-09-16,HK.09961,TRIP.COM-S,HK.TRP260918C252500,TRP 260918 252.50 C,CALL,252.5,2026-09-18,2.0,100,1053450.0,1468486.5,966.0,3,100.0,,17.159,3.8560411311054033,-0.7069408740359884,-1.9801980198019709,-1.1757425742574323,contract+owner_sum
2026-09-16,WHG,,HK.WHG260929C6250,WHG 260929 6.25 C,CALL,6.25,2026-09-29,13.0,1682,1112150.0,1349300.0,2477.0,2,32.0,27.226,30.434,,,,,contract+owner_sum
2026-09-16,WXB,,HK.WXB260929C33000,WXB 260929 33.00 C,CALL,33.0,2026-09-29,13.0,100,844500.0,1335250.0,638.0,2,,,3.874,,,,,contract+owner_sum
2026-09-16,HK.00005,HSBC HOLDINGS,HK.HKB260929C140000,HKB 260929 140.00 C,CALL,140.0,2026-09-29,13.0,75,625060.0,1224736.0,950.0,3,,,4.912,0.8145363408521344,0.7518796992481258,-0.6836544437538783,0.43505282784337407,contract+owner_sum
2026-09-17,HK.03690,美团-W,HK.MET260929C37000,MET 260929 37.00 C,CALL,37.0,2026-09-29,12.0,1700,30530425.0,33705915.0,5168.0,4,,200.554,-4.293,-2.08193418401611,-1.8804566823371505,0.411522633744843,,contract+owner_sum
2026-09-17,HK.00700,腾讯控股,HK.TCH260929C230000,TCH 260929 230.00 C,CALL,230.0,2026-09-29,12.0,421,8308943.0,12890482.0,18401.0,9,,142.116,-3.247,-1.707429626211343,-1.6612828795569912,-1.6431924882629123,,contract+owner_sum
2026-09-17,HK.00100,MiniMax,HK.MNX260925C240000,MNX 260925 240.00 C,CALL,240.0,2026-09-25,8.0,17223,6869171.6,11861034.399999999,38584.0,6,,70.201,56.877,7.058823529411762,1.680672268907557,18.916797488226056,,contract+owner_sum
2026-09-17,HK.09988,阿里巴巴-W,HK.ALB260929C60000,ALB 260929 60.00 C,CALL,60.0,2026-09-29,12.0,365,8230625.0,10314395.0,2904.0,6,,,-3.85,-1.0357815442561313,-1.1299435028248594,3.9961941008563207,,contract+owner_sum
2026-09-17,HK.00992,联想集团,HK.LEN260929C28000,LEN 260929 28.00 C,CALL,28.0,2026-09-29,12.0,225,2763620.0,4656260.0,717.0,5,,,1.153,1.5384615384615552,0.591715976331364,9.498834498834485,,contract+owner_sum
2026-09-17,HK.01810,小米集团-W,HK.MIU260929C20000,MIU 260929 20.00 C,CALL,20.0,2026-09-29,12.0,358,2114600.0,3865970.0,7654.0,8,298.0,87.412,0.319,-0.15278838808250317,-1.8334606569900713,0.9946442234123776,,contract+owner_sum
2026-09-17,HK.00005,HSBC HOLDINGS,HK.HKB260929C140000,HKB 260929 140.00 C,CALL,140.0,2026-09-29,12.0,357,698884.0,1822648.0,1140.0,4,,49.983,-4.073,-0.6836544437538783,-1.1808576755748978,1.126408010012514,,contract+owner_sum
2026-09-17,JDC,,HK.JDC260929C102500,JDC 260929 102.50 C,CALL,102.5,2026-09-29,12.0,581,1035490.0,1701350.0,1187.0,2,444.0,26.224,-21.336,,,,,contract+owner_sum
2026-09-17,HK.02513,Z.AI,HK.KAT260918C745000,KAT 260918 745.00 C,CALL,745.0,2026-09-18,1.0,210,392242.0,1563576.0,708.0,6,192.0,163.856,17.595,2.777777777777768,2.777777777777768,5.405405405405395,,contract+owner_sum
2026-09-17,HK.01211,BYD COMPANY,HK.BYD260929C80000,BYD 260929 80.00 C,CALL,80.0,2026-09-29,12.0,444,379170.0,1299630.0,2477.0,4,181.0,35.182,57.558,2.4621212121212155,0.0,0.4313000616142926,,contract+owner_sum
2026-09-17,HK.00981,SMIC,HK.SMC260918C62000,SMC 260918 62.00 C,CALL,62.0,2026-09-18,1.0,223,465900.0,1236450.0,614.0,4,58.0,78.255,-54.081,-1.963864886095834,-1.413982717989004,4.4070512820513,,contract+owner_sum
2026-09-18,HK.02513,Z.AI,HK.KAT260925C765000,KAT 260925 765.00 C,CALL,765.0,2026-09-25,7.0,3830,14355376.0,30867276.0,8024.0,9,535.0,97.519,58.469,5.405405405405395,3.5810810810810834,,,contract+owner_sum
2026-09-18,HK.00100,MiniMax,HK.MNX260925C255000,MNX 260925 255.00 C,CALL,255.0,2026-09-25,7.0,16012,9181562.4,27383108.6,60272.0,9,,112.171,256.097,18.916797488226056,3.9246467817896313,,,contract+owner_sum
2026-09-18,HK.00700,腾讯控股,HK.TCH260929C215000,TCH 260929 215.00 C,CALL,215.0,2026-09-29,11.0,400,8374600.0,19616772.0,31244.0,13,400.0,246.164,-0.829,-1.6431924882629123,0.46948356807512415,,,contract+owner_sum
2026-09-18,HK.09988,阿里巴巴-W,HK.ALB260929C112500,ALB 260929 112.50 C,CALL,112.5,2026-09-29,11.0,2481,2485075.0,13513335.0,22182.0,17,531.0,43.049,137.647,3.9961941008563207,1.2369172216936342,,,contract+owner_sum
2026-09-18,HK.00992,联想集团,HK.LEN260929C28000,LEN 260929 28.00 C,CALL,28.0,2026-09-29,11.0,177,3132000.0,10711120.0,2333.0,10,,,49.608,9.498834498834485,0.2331002331002363,,,contract+owner_sum
2026-09-18,HK.01810,小米集团-W,HK.MIU260929C15500,MIU 260929 15.50 C,CALL,15.5,2026-09-29,11.0,300,3222390.0,5150560.0,5195.0,5,,,-0.28,0.9946442234123776,0.07651109410864443,,,contract+owner_sum
2026-09-18,HK.01347,HUA HONG GRACE,HK.HOS260929C115000,HOS 260929 115.00 C,CALL,115.0,2026-09-29,11.0,285,3067520.0,5120700.0,532.0,4,,65.36,62.162,4.80943738656987,2.8130671506352067,,,contract+owner_sum
2026-09-18,HK.00981,SMIC,HK.SMC260929C67500,SMC 260929 67.50 C,CALL,67.5,2026-09-29,11.0,486,1035575.0,4667775.0,2249.0,9,,45.307,156.097,4.4070512820513,2.4839743589743613,,,contract+owner_sum
2026-09-18,HK.00005,HSBC HOLDINGS,HK.HKB260929C140000,HKB 260929 140.00 C,CALL,140.0,2026-09-29,11.0,458,1599136.0,2305300.0,1197.0,4,87.0,44.593,8.649,1.126408010012514,0.9386733416770987,,,contract+owner_sum
2026-09-18,HK.02899,ZIJIN MINING,HK.ZJM260929C33000,ZJM 260929 33.00 C,CALL,33.0,2026-09-29,11.0,386,1345100.0,2217700.0,619.0,4,316.0,44.019,12.101,0.8269344359125741,2.4808033077377445,,,contract+owner_sum
2026-09-18,HK.03750,宁德时代,HK.CAT260925C505000,CAT 260925 505.00 C,CALL,505.0,2026-09-25,7.0,804,939808.0,2205399.0,2870.0,3,381.0,41.222,-10.964,0.0,0.7889546351084853,,,contract+owner_sum
2026-09-18,HK.03308,ZJ INNOLIGHT,HK.ZJI260929C1250000,ZJI 260929 1250.00 C,CALL,1250.0,2026-09-29,11.0,396,688352.5,2184281.0,1471.0,7,,81.381,49.45,4.7826086956521685,2.60869565217392,,,contract+owner_sum
2026-09-18,HK.09992,泡泡玛特,HK.POP260925C152500,POP 260925 152.50 C,CALL,152.5,2026-09-25,7.0,1080,726360.0,2005296.0,3938.0,4,945.0,24.594,20.155,1.2402088772845987,0.0,,,contract+owner_sum
2026-09-18,HK.03690,美团-W,HK.MET260929C55000,MET 260929 55.00 C,CALL,55.0,2026-09-29,11.0,120,1110000.0,1438640.0,612.0,2,100.0,,1.671,0.411522633744843,0.0,,,contract+owner_sum
2026-09-18,HK.01024,KUAISHOU-W,HK.KST260925C30500,KST 260925 30.50 C,CALL,30.5,2026-09-25,7.0,1860,713025.0,1278910.0,4333.0,3,1782.0,47.267,66.037,2.6720106880427474,0.0,,,contract+owner_sum
2026-09-18,AIA,,HK.AIA260929C77500,AIA 260929 77.50 C,CALL,77.5,2026-09-29,11.0,539,692730.0,1242430.0,729.0,2,112.0,25.555,-31.506,,,,,contract+owner_sum
2026-09-18,HK.01211,BYD COMPANY,HK.BYD260929C85000,BYD 260929 85.00 C,CALL,85.0,2026-09-29,11.0,2043,720700.0,1223740.0,2638.0,3,1239.0,35.5,0.0,0.4313000616142926,-1.9100431300061782,,,contract+owner_sum
