trading_date,owner,owner_name,n_contracts,turnover,volume,lead_code,min_dte,max_dte,rank
2026-08-10,HK.09988,阿里巴巴-W,7,2392670.0,1332,HK.ALB260821C125000,11.0,11.0,1.0
2026-08-10,HK.09992,泡泡玛特,2,1912212.0,1117,HK.POP260821C150000,11.0,11.0,2.0
2026-08-10,HK.00700,腾讯控股,3,650651.0,391,HK.TCH260821C480000,11.0,11.0,3.0
2026-08-11,HK.09988,阿里巴巴-W,7,2946280.0,1291,HK.ALB260821C130000,10.0,10.0,1.0
2026-08-11,HK.03308,ZJ INNOLIGHT,1,911302.5,257,HK.ZJI260821C1055000,10.0,10.0,2.0
2026-08-11,HK.02628,中国人寿,1,487350.0,780,HK.CLI260821C27500,10.0,10.0,3.0
2026-08-11,HK.00700,腾讯控股,1,478770.0,406,HK.TCH260821C480000,10.0,10.0,4.0
2026-08-11,HK.03690,美团-W,1,226725.0,880,HK.MET260821C105000,10.0,10.0,5.0
2026-08-11,HK.00100,MiniMax,1,226104.8,413,HK.MNX260821C350000,10.0,10.0,6.0
2026-08-11,AIA,,1,213840.0,199,HK.AIA260821C75000,10.0,10.0,7.0
2026-08-11,HK.00883,CNOOC,1,211650.0,481,HK.CNC260821C24500,10.0,10.0,8.0
2026-08-12,HK.03690,美团-W,3,1074945.0,926,HK.MET260821C90000,9.0,9.0,1.0
2026-08-12,HK.09988,阿里巴巴-W,3,967765.0,643,HK.ALB260821C129000,9.0,9.0,2.0
2026-08-12,HK.00700,腾讯控股,2,865952.0,1081,HK.TCH260821C460000,9.0,9.0,3.0
2026-08-12,HK.03308,ZJ INNOLIGHT,2,861705.5,190,HK.ZJI260821C1055000,9.0,9.0,4.0
2026-08-12,HK.00883,CNOOC,1,243260.0,537,HK.CNC260821C24000,9.0,9.0,5.0
2026-08-13,HK.09992,泡泡玛特,4,2640186.0,2552,HK.POP260821C155000,8.0,8.0,1.0
2026-08-13,HK.00700,腾讯控股,4,1769568.0,4507,HK.TCH260821C460000,8.0,8.0,2.0
2026-08-13,HK.09988,阿里巴巴-W,5,1726520.0,985,HK.ALB260821C123000,8.0,8.0,3.0
2026-08-13,JDC,,1,730000.0,400,HK.JDC260821C123000,8.0,8.0,4.0
2026-08-13,HK.03308,ZJ INNOLIGHT,1,724750.0,100,HK.ZJI260821C1055000,8.0,8.0,5.0
2026-08-13,HK.00981,SMIC,2,688875.0,106,HK.SMC260821C70000,8.0,8.0,6.0
2026-08-13,HK.01810,小米集团-W,1,294900.0,337,HK.MIU260821C26000,8.0,8.0,7.0
2026-08-13,HK.01211,BYD COMPANY,1,281405.0,481,HK.BYD260821C90000,8.0,8.0,8.0
2026-08-14,HK.00992,联想集团,12,10456480.0,2479,HK.LEN260828C30000,14.0,14.0,1.0
2026-08-14,HK.01347,HUA HONG GRACE,11,9989600.0,767,HK.HOS260828C127500,14.0,14.0,2.0
2026-08-14,HK.09988,阿里巴巴-W,11,8657800.0,9467,HK.ALB260821C120000,7.0,14.0,3.0
2026-08-14,HK.00700,腾讯控股,12,7669624.0,15818,HK.TCH260828C450000,7.0,14.0,4.0
2026-08-14,HK.00981,SMIC,11,6195525.0,1705,HK.SMC260828C72500,7.0,14.0,5.0
2026-08-14,HK.01810,小米集团-W,4,5965380.0,2663,HK.MIU260828C15000,7.0,14.0,6.0
2026-08-14,JDC,,8,5479470.0,4776,HK.JDC260828C110000,7.0,14.0,7.0
2026-08-14,HK.03690,美团-W,5,2840725.0,2660,HK.MET260821C86000,7.0,14.0,8.0
2026-08-14,HES,,2,772440.0,1082,HK.HES260828C21000,14.0,14.0,9.0
2026-08-14,HK.00941,CHINA MOBILE,2,561705.0,1794,HK.CHT260828C82500,7.0,14.0,10.0
2026-08-14,HK.02899,ZIJIN MINING,1,521940.0,229,HK.ZJM260828C35000,14.0,14.0,11.0
2026-08-14,HK.09961,TRIP.COM-S,1,393106.5,177,HK.TRP260828C340000,14.0,14.0,12.0
2026-08-14,HK.02382,SUNNY OPTICAL,1,347040.0,173,HK.SNO260828C60000,14.0,14.0,13.0
2026-08-14,HK.00175,GEELY AUTO,1,337300.0,123,HK.GAH260828C18000,14.0,14.0,14.0
2026-08-14,HK.03750,宁德时代,1,330316.0,224,HK.CAT260828C650000,14.0,14.0,15.0
2026-08-14,AIA,,1,328420.0,804,HK.AIA260828C75000,14.0,14.0,16.0
2026-08-14,HK.09926,AKESO,1,287630.0,239,HK.AKS260828C110000,14.0,14.0,17.0
2026-08-14,HK.09992,泡泡玛特,1,259038.0,153,HK.POP260821C149000,7.0,7.0,18.0
2026-08-14,CKH,,1,246120.0,543,HK.CKH260828C70000,14.0,14.0,19.0
2026-08-14,HK.00005,HSBC HOLDINGS,1,244296.0,48,HK.HKB260828C150000,14.0,14.0,20.0
2026-08-14,MTR,,1,241675.0,220,HK.MTR260828C31000,14.0,14.0,21.0
2026-08-17,HK.09988,阿里巴巴-W,20,12635390.0,9648,HK.ALB260828C100000,4.0,11.0,1.0
2026-08-17,HK.00981,SMIC,17,10795500.0,1840,HK.SMC260828C67500,4.0,11.0,2.0
2026-08-17,HK.00700,腾讯控股,11,7858444.0,14366,HK.TCH260828C450000,4.0,11.0,3.0
2026-08-17,HK.03690,美团-W,4,7306475.0,7947,HK.MET260828C90000,4.0,11.0,4.0
2026-08-17,HK.00992,联想集团,5,4885640.0,755,HK.LEN260828C26000,11.0,11.0,5.0
2026-08-17,HK.01347,HUA HONG GRACE,10,4586240.0,460,HK.HOS260828C135000,11.0,11.0,6.0
2026-08-17,HK.01810,小米集团-W,6,3491520.0,3042,HK.MIU260828C26000,4.0,11.0,7.0
2026-08-17,HK.09888,BIDU-W,3,2682630.0,4947,HK.BIU260828C102500,4.0,11.0,8.0
2026-08-17,AIA,,4,1823320.0,1345,HK.AIA260821C74000,4.0,11.0,9.0
2026-08-17,JDC,,3,1698225.0,1547,HK.JDC260828C117500,4.0,11.0,10.0
2026-08-17,YOF,,1,1344350.0,225,HK.YOF260828C152500,11.0,11.0,11.0
2026-08-17,HK.02513,Z.AI,2,1099085.0,113,HK.KAT260828C1240000,4.0,11.0,12.0
2026-08-17,HK.03308,ZJ INNOLIGHT,3,1053689.5,287,HK.ZJI260821C1275000,4.0,11.0,13.0
2026-08-17,HK.00027,GALAXY ENT,1,611840.0,524,HK.GLX260828C34000,11.0,11.0,14.0
2026-08-17,HK.01211,BYD COMPANY,2,600735.0,626,HK.BYD260828C90000,11.0,11.0,15.0
2026-08-17,AMC,,1,533680.0,125,HK.AMC260828C55000,11.0,11.0,16.0
2026-08-17,HK.01024,KUAISHOU-W,1,477880.0,1531,HK.KST260821C42000,4.0,4.0,17.0
2026-08-17,HEX,,1,454576.0,889,HK.HEX260828C410000,11.0,11.0,18.0
2026-08-17,HK.02318,PING AN,1,417520.0,747,HK.PAI260828C55000,11.0,11.0,19.0
2026-08-17,HK.00857,PETROCHINA,1,390600.0,670,HK.PEC260828C9500,11.0,11.0,20.0
2026-08-17,SET,,1,379200.0,354,HK.SET260828C1600,11.0,11.0,21.0
2026-08-17,HK.00941,CHINA MOBILE,1,346090.0,633,HK.CHT260828C82500,11.0,11.0,22.0
2026-08-17,HK.00005,HSBC HOLDINGS,1,337296.0,284,HK.HKB260828C162500,11.0,11.0,23.0
2026-08-17,HK.03750,宁德时代,1,330408.0,173,HK.CAT260828C650000,11.0,11.0,24.0
2026-08-17,HK.09992,泡泡玛特,1,312366.0,260,HK.POP260828C155000,11.0,11.0,25.0
2026-08-17,HK.02899,ZIJIN MINING,1,292720.0,130,HK.ZJM260828C36000,11.0,11.0,26.0
2026-08-17,HK.02628,中国人寿,1,257060.0,332,HK.CLI260828C28000,11.0,11.0,27.0
2026-08-18,HK.09988,阿里巴巴-W,22,26870220.0,18028,HK.ALB260828C130000,3.0,10.0,1.0
2026-08-18,HK.03690,美团-W,4,4650760.0,6339,HK.MET260828C85000,10.0,10.0,2.0
2026-08-18,HK.00981,SMIC,10,4398300.0,1003,HK.SMC260821C77000,3.0,10.0,3.0
2026-08-18,HK.01810,小米集团-W,5,4277660.0,8372,HK.MIU260828C26000,3.0,10.0,4.0
2026-08-18,HK.00700,腾讯控股,9,4069390.0,8231,HK.TCH260828C440000,3.0,10.0,5.0
2026-08-18,HK.09992,泡泡玛特,4,3043188.0,3935,HK.POP260821C150000,3.0,10.0,6.0
2026-08-18,HK.01347,HUA HONG GRACE,5,2233140.0,314,HK.HOS260828C140000,10.0,10.0,7.0
2026-08-18,JDC,,3,2213650.0,1466,HK.JDC260828C107500,10.0,10.0,8.0
2026-08-18,HK.01024,KUAISHOU-W,2,1494205.0,4356,HK.KST260828C42000,10.0,10.0,9.0
2026-08-18,HK.00992,联想集团,5,1432280.0,815,HK.LEN260828C33000,10.0,10.0,10.0
2026-08-18,HK.09888,BIDU-W,2,1336720.5,4135,HK.BIU260828C105000,10.0,10.0,11.0
2026-08-18,YOF,,2,774015.0,148,HK.YOF260828C152500,10.0,10.0,12.0
2026-08-18,HK.02513,Z.AI,2,726365.0,172,HK.KAT260821C1065000,3.0,3.0,13.0
2026-08-18,AIA,,1,676730.0,795,HK.AIA260828C75000,10.0,10.0,14.0
2026-08-18,CKH,,1,660090.0,1283,HK.CKH260828C70000,10.0,10.0,15.0
2026-08-18,HK.02899,ZIJIN MINING,1,523680.0,278,HK.ZJM260828C36000,10.0,10.0,16.0
2026-08-18,HK.02382,SUNNY OPTICAL,1,349390.0,98,HK.SNO260828C60000,10.0,10.0,17.0
2026-08-18,HK.09868,小鹏-W,1,345358.0,1966,HK.PEN260821C47500,3.0,3.0,18.0
2026-08-18,HEX,,1,340180.0,1040,HK.HEX260828C410000,10.0,10.0,19.0
2026-08-18,HK.00175,GEELY AUTO,1,339300.0,92,HK.GAH260828C18000,10.0,10.0,20.0
2026-08-18,WXA,,1,266275.0,95,HK.WXA260821C202500,3.0,3.0,21.0
2026-08-19,HK.09988,阿里巴巴-W,20,35774665.0,26010,HK.ALB260828C130000,2.0,9.0,1.0
2026-08-19,HK.09992,泡泡玛特,7,13326268.0,21162,HK.POP260821C152500,2.0,9.0,2.0
2026-08-19,HK.01810,小米集团-W,11,6007250.0,13826,HK.MIU260828C28000,2.0,9.0,3.0
2026-08-19,HK.00700,腾讯控股,7,5454470.0,7701,HK.TCH260828C450000,2.0,9.0,4.0
2026-08-19,HK.01347,HUA HONG GRACE,9,5432260.0,602,HK.HOS260828C85000,9.0,9.0,5.0
2026-08-19,HK.03690,美团-W,4,4388765.0,5836,HK.MET260828C87500,9.0,9.0,6.0
2026-08-19,HK.00981,SMIC,6,3818350.0,744,HK.SMC260828C70000,2.0,9.0,7.0
2026-08-19,HEX,,3,1855129.0,5954,HK.HEX260821C410000,2.0,9.0,8.0
2026-08-19,HK.00005,HSBC HOLDINGS,3,1358236.0,1363,HK.HKB260828C160000,9.0,9.0,9.0
2026-08-19,AIA,,3,1344920.0,1024,HK.AIA260828C75000,9.0,9.0,10.0
2026-08-19,HK.01211,BYD COMPANY,1,1184530.0,773,HK.BYD260828C87500,9.0,9.0,11.0
2026-08-19,YOF,,1,1079360.0,223,HK.YOF260828C132500,9.0,9.0,12.0
2026-08-19,HK.00992,联想集团,2,1035740.0,439,HK.LEN260828C32000,9.0,9.0,13.0
2026-08-19,HK.00857,PETROCHINA,2,896140.0,2401,HK.PEC260828C10000,9.0,9.0,14.0
2026-08-19,HK.02899,ZIJIN MINING,1,744460.0,730,HK.ZJM260828C36000,9.0,9.0,15.0
2026-08-19,HK.06181,老铺黄金,2,673882.0,413,HK.LAO260828C350000,9.0,9.0,16.0
2026-08-19,HK.02388,BOC HONG KONG,1,478750.0,228,HK.BOC260828C46000,9.0,9.0,17.0
2026-08-19,WXB,,1,423325.0,517,HK.WXB260828C48000,9.0,9.0,18.0
2026-08-19,HK.09660,HORIZONROBOT-W,1,343020.0,566,HK.HRB260828C4800,9.0,9.0,19.0
2026-08-19,HK.01024,KUAISHOU-W,1,325260.0,398,HK.KST260821C37000,2.0,2.0,20.0
2026-08-19,SHK,,1,284090.0,161,HK.SHK260828C120000,9.0,9.0,21.0
2026-08-19,HK.09868,小鹏-W,1,262770.0,828,HK.PEN260828C47000,9.0,9.0,22.0
2026-08-19,HK.09961,TRIP.COM-S,1,256264.5,365,HK.TRP260828C360000,9.0,9.0,23.0
2026-08-19,HK.02513,Z.AI,1,250777.0,36,HK.KAT260828C1060000,9.0,9.0,24.0
2026-08-19,JDC,,1,239830.0,242,HK.JDC260828C112500,9.0,9.0,25.0
2026-08-19,HK.00003,HK & CHINA GAS,1,221540.0,401,HK.HKG260828C6750,9.0,9.0,26.0
2026-08-19,HK.06618,JD HEALTH,1,216305.0,425,HK.JDH260828C39000,9.0,9.0,27.0
2026-08-20,HK.09988,阿里巴巴-W,20,45001400.0,24215,HK.ALB260828C45000,1.0,8.0,1.0
2026-08-20,HK.09992,泡泡玛特,11,12434242.0,22986,HK.POP260828C167500,1.0,8.0,2.0
2026-08-20,HK.00700,腾讯控股,11,7277618.0,14412,HK.TCH260821C450000,1.0,8.0,3.0
2026-08-20,HK.01093,CSPC PHARMA,5,5551360.0,4687,HK.CSP260828C8500,8.0,8.0,4.0
2026-08-20,HK.01810,小米集团-W,8,4753570.0,6778,HK.MIU260828C28000,1.0,8.0,5.0
2026-08-20,HK.02318,PING AN,4,2462705.0,5234,HK.PAI260828C55000,1.0,8.0,6.0
2026-08-20,HK.09999,NTES,4,2327195.0,846,HK.NTE260828C200000,8.0,8.0,7.0
2026-08-20,SBO,,2,1988250.0,1166,HK.SBO260828C5000,8.0,8.0,8.0
2026-08-20,HEX,,4,1973808.0,2309,HK.HEX260828C400000,8.0,8.0,9.0
2026-08-20,HK.01024,KUAISHOU-W,3,1622825.0,4917,HK.KST260828C34000,8.0,8.0,10.0
2026-08-20,HK.02899,ZIJIN MINING,4,1602880.0,814,HK.ZJM260828C38000,8.0,8.0,11.0
2026-08-20,BOM,,1,1600000.0,200,HK.BOM260828C190000,8.0,8.0,12.0
2026-08-20,HK.00981,SMIC,4,1589350.0,269,HK.SMC260828C75000,1.0,8.0,13.0
2026-08-20,HK.03690,美团-W,2,1446150.0,2267,HK.MET260828C90000,8.0,8.0,14.0
2026-08-20,HK.09888,BIDU-W,2,1102752.0,3574,HK.BIU260828C92500,8.0,8.0,15.0
2026-08-20,HK.00992,联想集团,2,931000.0,195,HK.LEN260828C28000,8.0,8.0,16.0
2026-08-20,JDC,,2,921260.0,1580,HK.JDC260828C120000,8.0,8.0,17.0
2026-08-20,HK.02259,ZIJIN GOLD INTL,1,871622.0,652,HK.ZJG260828C150000,8.0,8.0,18.0
2026-08-20,HK.01211,BYD COMPANY,2,811670.0,1170,HK.BYD260828C92500,8.0,8.0,19.0
2026-08-20,HK.00005,HSBC HOLDINGS,2,791968.0,1335,HK.HKB260828C160000,8.0,8.0,20.0
2026-08-20,HK.06181,老铺黄金,1,675433.0,201,HK.LAO260828C350000,8.0,8.0,21.0
2026-08-20,BEA,,2,527586.0,2950,HK.BEA260828C16500,8.0,8.0,22.0
2026-08-20,HK.01347,HUA HONG GRACE,1,473140.0,36,HK.HOS260828C110000,8.0,8.0,23.0
2026-08-20,AIA,,1,427400.0,394,HK.AIA260828C72500,8.0,8.0,24.0
2026-08-20,HK.02628,中国人寿,1,369380.0,565,HK.CLI260828C27000,8.0,8.0,25.0
2026-08-20,HK.03993,CMOC,1,333000.0,10,HK.MOL260828C13000,8.0,8.0,26.0
2026-08-20,HK.00100,MiniMax,1,309878.4,628,HK.MNX260821C295000,1.0,1.0,27.0
2026-08-20,WXB,,1,267500.0,100,HK.WXB260828C46000,8.0,8.0,28.0
2026-08-20,HK.01288,ABC,1,260560.0,255,HK.XAB260828C6250,8.0,8.0,29.0
2026-08-20,WXA,,1,244000.0,16,HK.WXA260828C177500,8.0,8.0,30.0
2026-08-21,HK.09988,阿里巴巴-W,15,24669860.0,20395,HK.ALB260828C45000,0.0,7.0,1.0
2026-08-21,HK.01810,小米集团-W,9,6772470.0,13085,HK.MIU260828C29000,0.0,7.0,2.0
2026-08-21,HK.09992,泡泡玛特,6,5170884.0,19581,HK.POP260828C150000,0.0,7.0,3.0
2026-08-21,HK.02513,Z.AI,3,5164533.0,1857,HK.KAT260828C1040000,7.0,7.0,4.0
2026-08-21,HK.00700,腾讯控股,7,3576936.0,12081,HK.TCH260828C460000,0.0,7.0,5.0
2026-08-21,HK.00100,MiniMax,2,2760969.2,9553,HK.MNX260828C350000,7.0,7.0,6.0
2026-08-21,AIA,,4,2658800.0,1363,HK.AIA260828C70000,0.0,7.0,7.0
2026-08-21,HK.02899,ZIJIN MINING,4,2100600.0,631,HK.ZJM260828C36000,7.0,7.0,8.0
2026-08-21,HK.06181,老铺黄金,3,2029769.0,1493,HK.LAO260828C400000,7.0,7.0,9.0
2026-08-21,HK.01024,KUAISHOU-W,3,1984425.0,6978,HK.KST260828C34000,7.0,7.0,10.0
2026-08-21,HEX,,3,1670630.0,2100,HK.HEX260828C420000,7.0,7.0,11.0
2026-08-21,HK.09868,小鹏-W,3,1420668.0,3696,HK.PEN260828C47000,7.0,7.0,12.0
2026-08-21,HK.02628,中国人寿,2,1283710.0,2429,HK.CLI260828C28000,7.0,7.0,13.0
2026-08-21,HK.03690,美团-W,3,1145955.0,3335,HK.MET260828C85000,7.0,7.0,14.0
2026-08-21,HK.03750,宁德时代,3,1133857.0,902,HK.CAT260821C640000,0.0,7.0,15.0
2026-08-21,HK.01211,BYD COMPANY,2,962115.0,1312,HK.BYD260828C92500,7.0,7.0,16.0
2026-08-21,HK.00981,SMIC,3,931225.0,499,HK.SMC260828C75000,0.0,7.0,17.0
2026-08-21,HK.01347,HUA HONG GRACE,3,839000.0,115,HK.HOS260828C127500,7.0,7.0,18.0
2026-08-21,HK.02318,PING AN,2,829290.0,4811,HK.PAI260828C55000,7.0,7.0,19.0
2026-08-21,HK.00005,HSBC HOLDINGS,3,759280.0,1852,HK.HKB260821C162500,0.0,7.0,20.0
2026-08-21,HK.03308,ZJ INNOLIGHT,1,593600.0,170,HK.ZJI260828C1140000,7.0,7.0,21.0
2026-08-21,COS,,1,568000.0,160,HK.COS260828C16000,7.0,7.0,22.0
2026-08-21,HK.02382,SUNNY OPTICAL,1,466940.0,317,HK.SNO260828C62500,7.0,7.0,23.0
2026-08-21,HK.00857,PETROCHINA,1,410080.0,304,HK.PEC260828C9500,7.0,7.0,24.0
2026-08-21,HK.03993,CMOC,1,360000.0,10,HK.MOL260828C13000,7.0,7.0,25.0
2026-08-21,HK.00386,SINOPEC CORP,1,339100.0,2370,HK.CPC260828C4400,7.0,7.0,26.0
2026-08-21,CHQ,,1,286350.0,140,HK.CHQ260828C24000,7.0,7.0,27.0
2026-08-21,HK.00883,CNOOC,1,283330.0,551,HK.CNC260821C24500,0.0,0.0,28.0
2026-08-21,HK.03988,BANK OF CHINA,1,259000.0,1000,HK.XBC260828C5250,7.0,7.0,29.0
2026-08-21,HK.09961,TRIP.COM-S,1,251097.0,454,HK.TRP260828C370000,7.0,7.0,30.0
2026-08-21,HK.02338,WEICHAI POWER,1,250000.0,200,HK.WCP260828C33000,7.0,7.0,31.0
2026-08-21,HK.09888,BIDU-W,1,246459.0,1500,HK.BIU260828C95000,7.0,7.0,32.0
2026-08-21,JDC,,1,220380.0,201,HK.JDC260821C113000,0.0,0.0,33.0
2026-08-24,HK.09988,阿里巴巴-W,10,38702910.0,27952,HK.ALB260828C45000,4.0,11.0,1.0
2026-08-24,HK.00700,腾讯控股,5,6665648.0,12549,HK.TCH260828C360000,4.0,4.0,2.0
2026-08-24,HK.03690,美团-W,7,5470930.0,5169,HK.MET260828C82500,4.0,11.0,3.0
2026-08-24,HK.00981,SMIC,6,4376400.0,1595,HK.SMC260828C70000,4.0,4.0,4.0
2026-08-24,HK.01810,小米集团-W,4,2937370.0,10328,HK.MIU260828C28000,4.0,4.0,5.0
2026-08-24,HK.00386,SINOPEC CORP,2,2684380.0,5773,HK.CPC260828C4300,4.0,4.0,6.0
2026-08-24,HK.00027,GALAXY ENT,2,2098640.0,461,HK.GLX260828C30000,4.0,4.0,7.0
2026-08-24,HK.09992,泡泡玛特,3,1748468.0,2979,HK.POP260828C155000,4.0,4.0,8.0
2026-08-24,HK.02899,ZIJIN MINING,3,1190180.0,995,HK.ZJM260828C38000,4.0,4.0,9.0
2026-08-24,HK.00992,联想集团,1,1030000.0,70,HK.LEN260828C22000,4.0,4.0,10.0
2026-08-24,WXB,,2,945505.0,770,HK.WXB260828C49000,4.0,4.0,11.0
2026-08-24,HK.09888,BIDU-W,2,754426.5,4272,HK.BIU260828C90000,4.0,4.0,12.0
2026-08-24,HEX,,1,746621.0,2583,HK.HEX260828C420000,4.0,4.0,13.0
2026-08-24,HK.06181,老铺黄金,1,582086.0,374,HK.LAO260828C410000,4.0,4.0,14.0
2026-08-24,AIA,,1,582010.0,575,HK.AIA260828C75000,4.0,4.0,15.0
2026-08-24,HK.02318,PING AN,1,569250.0,2842,HK.PAI260828C57500,4.0,4.0,16.0
2026-08-24,HK.00175,GEELY AUTO,1,426600.0,215,HK.GAH260828C18500,4.0,4.0,17.0
2026-08-24,HK.03993,CMOC,1,405000.0,10,HK.MOL260828C13000,4.0,4.0,18.0
2026-08-24,HK.00857,PETROCHINA,1,395180.0,310,HK.PEC260828C9500,4.0,4.0,19.0
2026-08-24,HK.02513,Z.AI,1,381030.0,150,HK.KAT260828C1160000,4.0,4.0,20.0
2026-08-24,HK.00939,建设银行,1,356848.0,812,HK.XCC260828C8750,4.0,4.0,21.0
2026-08-24,HK.01347,HUA HONG GRACE,1,292620.0,55,HK.HOS260828C115000,4.0,4.0,22.0
2026-08-24,HK.00005,HSBC HOLDINGS,1,287040.0,60,HK.HKB260828C150000,4.0,4.0,23.0
2026-08-24,HK.01772,GANFENGLITHIUM,1,282922.0,1471,HK.GLI260828C44000,4.0,4.0,24.0
2026-08-24,HK.02628,中国人寿,1,278170.0,579,HK.CLI260828C29000,4.0,4.0,25.0
2026-08-24,HK.01024,KUAISHOU-W,1,263970.0,1158,HK.KST260828C34000,4.0,4.0,26.0
2026-08-25,HK.09988,阿里巴巴-W,6,5860380.0,9508,HK.ALB260828C112500,3.0,10.0,1.0
2026-08-25,HK.03690,美团-W,9,5459150.0,6764,HK.MET260904C77000,3.0,10.0,2.0
2026-08-25,HK.00700,腾讯控股,5,3174556.0,7753,HK.TCH260828C450000,3.0,10.0,3.0
2026-08-25,HK.00386,SINOPEC CORP,2,2514300.0,3417,HK.CPC260828C4300,3.0,3.0,4.0
2026-08-25,HK.09999,NTES,4,2229455.0,1991,HK.NTE260828C197500,3.0,3.0,5.0
2026-08-25,HK.09926,AKESO,3,2196970.0,1123,HK.AKS260828C90000,3.0,3.0,6.0
2026-08-25,HK.09992,泡泡玛特,5,1929308.0,2780,HK.POP260828C157500,3.0,3.0,7.0
2026-08-25,HK.00981,SMIC,4,1725250.0,763,HK.SMC260828C67500,3.0,3.0,8.0
2026-08-25,HK.00992,联想集团,3,1552180.0,102,HK.LEN260828C19500,3.0,3.0,9.0
2026-08-25,YOF,,4,1477930.0,355,HK.YOF260828C140000,3.0,3.0,10.0
2026-08-25,HK.01211,BYD COMPANY,4,1264720.0,3937,HK.BYD260828C95000,3.0,3.0,11.0
2026-08-25,HK.01810,小米集团-W,2,1140880.0,2875,HK.MIU260828C28000,3.0,3.0,12.0
2026-08-25,HK.02338,WEICHAI POWER,1,1131330.0,1121,HK.WCP260828C31000,3.0,3.0,13.0
2026-08-25,HK.02628,中国人寿,2,839770.0,1867,HK.CLI260828C28000,3.0,3.0,14.0
2026-08-25,AIA,,1,781370.0,2400,HK.AIA260828C75000,3.0,3.0,15.0
2026-08-25,HK.00883,CNOOC,1,697170.0,1331,HK.CNC260828C25000,3.0,3.0,16.0
2026-08-25,HK.02899,ZIJIN MINING,2,691580.0,982,HK.ZJM260904C40000,3.0,10.0,17.0
2026-08-25,BEA,,1,646208.0,2700,HK.BEA260828C16500,3.0,3.0,18.0
2026-08-25,HK.03750,宁德时代,2,561087.0,699,HK.CAT260828C620000,3.0,3.0,19.0
2026-08-25,HK.01347,HUA HONG GRACE,2,553260.0,174,HK.HOS260828C115000,3.0,3.0,20.0
2026-08-25,HEX,,1,535515.0,316,HK.HEX260828C400000,3.0,3.0,21.0
2026-08-25,HK.00100,MiniMax,2,524425.2,2221,HK.MNX260828C350000,3.0,3.0,22.0
2026-08-25,WXB,,1,490170.0,477,HK.WXB260828C50000,3.0,3.0,23.0
2026-08-25,JDC,,1,457140.0,475,HK.JDC260828C112500,3.0,3.0,24.0
2026-08-25,NFU,,1,433650.0,349,HK.NFU260828C43000,3.0,3.0,25.0
2026-08-25,WXA,,1,425600.0,361,HK.WXA260828C205000,3.0,3.0,26.0
2026-08-25,HK.02259,ZIJIN GOLD INTL,1,424590.0,621,HK.ZJG260828C160000,3.0,3.0,27.0
2026-08-25,HK.00003,HK & CHINA GAS,1,361100.0,710,HK.HKG260828C7000,3.0,3.0,28.0
2026-08-25,HK.03308,ZJ INNOLIGHT,1,292601.0,146,HK.ZJI260828C1010000,3.0,3.0,29.0
2026-08-25,HK.06862,HAIDILAO,1,258850.0,967,HK.HDO260828C11500,3.0,3.0,30.0
2026-08-25,HK.00175,GEELY AUTO,1,223450.0,129,HK.GAH260828C19000,3.0,3.0,31.0
2026-08-26,HK.00700,腾讯控股,9,13693061.0,17637,HK.TCH260828C350000,2.0,9.0,1.0
2026-08-26,HK.09988,阿里巴巴-W,14,8288750.0,8957,HK.ALB260828C110000,2.0,9.0,2.0
2026-08-26,HK.01211,BYD COMPANY,4,2598790.0,2390,HK.BYD260828C92500,2.0,2.0,3.0
2026-08-26,HK.00981,SMIC,6,2393450.0,1062,HK.SMC260828C72500,2.0,2.0,4.0
2026-08-26,HK.00386,SINOPEC CORP,2,2328440.0,3404,HK.CPC260828C4400,2.0,2.0,5.0
2026-08-26,INB,,5,2313430.0,484,HK.INB260828C100000,2.0,2.0,6.0
2026-08-26,HK.01810,小米集团-W,3,1930540.0,5199,HK.MIU260828C29000,2.0,2.0,7.0
2026-08-26,HK.03690,美团-W,5,1920355.0,1662,HK.MET260904C79000,2.0,9.0,8.0
2026-08-26,YOF,,4,1557895.0,274,HK.YOF260904C170000,9.0,9.0,9.0
2026-08-26,AIA,,2,1471820.0,418,HK.AIA260828C70000,2.0,2.0,10.0
2026-08-26,HK.01347,HUA HONG GRACE,3,1402900.0,219,HK.HOS260828C120000,2.0,2.0,11.0
2026-08-26,HK.02899,ZIJIN MINING,4,1396620.0,905,HK.ZJM260828C36000,2.0,9.0,12.0
2026-08-26,HEX,,3,1312635.0,1807,HK.HEX260828C400000,2.0,2.0,13.0
2026-08-26,HK.03993,CMOC,1,1210680.0,360,HK.MOL260828C18000,2.0,2.0,14.0
2026-08-26,HK.02628,中国人寿,3,1158190.0,2595,HK.CLI260828C28000,2.0,2.0,15.0
2026-08-26,JDC,,1,837250.0,250,HK.JDC260828C107500,2.0,2.0,16.0
2026-08-26,HK.09926,AKESO,2,750210.0,352,HK.AKS260828C97500,2.0,2.0,17.0
2026-08-26,HK.02318,PING AN,1,687500.0,2636,HK.PAI260828C57500,2.0,2.0,18.0
2026-08-26,HK.09999,NTES,1,650815.0,631,HK.NTE260828C200000,2.0,2.0,19.0
2026-08-26,HK.00005,HSBC HOLDINGS,2,546952.0,109,HK.HKB260828C155000,2.0,2.0,20.0
2026-08-26,HK.02020,ANTA SPORTS,1,488684.0,640,HK.ANA260828C72500,2.0,2.0,21.0
2026-08-26,HK.00883,CNOOC,1,464640.0,162,HK.CNC260828C22000,2.0,2.0,22.0
2026-08-26,HK.09868,小鹏-W,1,424800.0,1804,HK.PEN260828C46000,2.0,2.0,23.0
2026-08-26,ZAO,,1,424020.0,239,HK.ZAO260828C10500,2.0,2.0,24.0
2026-08-26,COS,,1,414875.0,55,HK.COS260828C14500,2.0,2.0,25.0
2026-08-26,HK.00992,联想集团,1,370900.0,280,HK.LEN260828C31000,2.0,2.0,26.0
2026-08-26,WXB,,1,367015.0,895,HK.WXB260828C52500,2.0,2.0,27.0
2026-08-26,HK.02259,ZIJIN GOLD INTL,1,300482.0,320,HK.ZJG260828C160000,2.0,2.0,28.0
2026-08-26,HK.02015,LI AUTO-W,1,284100.0,1191,HK.LAU260828C49000,2.0,2.0,29.0
2026-08-26,HK.00358,JIANGXI COPPER,1,283330.0,632,HK.JXC260828C41000,2.0,2.0,30.0
2026-08-26,WXA,,1,245440.0,345,HK.WXA260828C205000,2.0,2.0,31.0
2026-08-27,HK.09988,阿里巴巴-W,12,9142525.0,13482,HK.ALB260904C117000,1.0,8.0,1.0
2026-08-27,HK.00100,MiniMax,3,4171649.2,16166,HK.MNX260904C320000,8.0,8.0,2.0
2026-08-27,HK.00700,腾讯控股,7,4127744.0,13550,HK.TCH260828C450000,1.0,8.0,3.0
2026-08-27,HK.03690,美团-W,6,2587520.0,2948,HK.MET260904C78000,1.0,8.0,4.0
2026-08-27,HEX,,3,2178642.0,2935,HK.HEX260828C410000,1.0,1.0,5.0
2026-08-27,HK.06030,CITIC SEC,1,1729100.0,317,HK.CTS260828C22000,1.0,1.0,6.0
2026-08-27,HK.01810,小米集团-W,3,1708420.0,4230,HK.MIU260828C28000,1.0,8.0,7.0
2026-08-27,HK.01347,HUA HONG GRACE,4,1700960.0,213,HK.HOS260828C120000,1.0,1.0,8.0
2026-08-27,HK.00981,SMIC,4,1634775.0,633,HK.SMC260828C72500,1.0,8.0,9.0
2026-08-27,YOF,,5,1303825.0,283,HK.YOF260904C180000,1.0,8.0,10.0
2026-08-27,HK.02513,Z.AI,3,1291887.0,300,HK.KAT260828C1100000,1.0,8.0,11.0
2026-08-27,HK.00386,SINOPEC CORP,1,1265120.0,2270,HK.CPC260828C4400,1.0,1.0,12.0
2026-08-27,HK.02318,PING AN,3,1158245.0,5095,HK.PAI260828C55000,1.0,1.0,13.0
2026-08-27,HK.02899,ZIJIN MINING,3,1140320.0,791,HK.ZJM260904C39500,1.0,8.0,14.0
2026-08-27,AIA,,2,1093940.0,369,HK.AIA260828C70000,1.0,1.0,15.0
2026-08-27,HK.00992,联想集团,2,950320.0,28,HK.LEN260828C13000,1.0,1.0,16.0
2026-08-27,HK.09992,泡泡玛特,3,945238.0,2822,HK.POP260828C155000,1.0,8.0,17.0
2026-08-27,HK.02628,中国人寿,2,695520.0,2122,HK.CLI260828C29000,1.0,1.0,18.0
2026-08-27,JDC,,2,499380.0,796,HK.JDC260828C110000,1.0,1.0,19.0
2026-08-27,HK.00883,CNOOC,2,475920.0,1220,HK.CNC260828C24000,1.0,1.0,20.0
2026-08-27,HK.01211,BYD COMPANY,1,464965.0,1465,HK.BYD260828C92500,1.0,1.0,21.0
2026-08-27,INB,,1,427410.0,808,HK.INB260828C110000,1.0,1.0,22.0
2026-08-27,HK.09926,AKESO,2,401640.0,149,HK.AKS260828C100000,1.0,1.0,23.0
2026-08-27,CHQ,,1,254250.0,15,HK.CHQ260828C20000,1.0,1.0,24.0
2026-08-27,BEA,,1,217060.0,1442,HK.BEA260828C17000,1.0,1.0,25.0
2026-08-27,HK.02382,SUNNY OPTICAL,1,212800.0,91,HK.SNO260828C62500,1.0,1.0,26.0
2026-08-27,HK.00857,PETROCHINA,1,199440.0,523,HK.PEC260828C9750,1.0,1.0,27.0
2026-08-27,HK.03750,宁德时代,1,183270.0,231,HK.CAT260828C610000,1.0,1.0,28.0
2026-08-27,CCE,,1,171600.0,130,HK.CCE260828C10500,1.0,1.0,29.0
2026-08-28,HK.00700,腾讯控股,16,18194575.0,35454,HK.TCH260828C450000,0.0,7.0,1.0
2026-08-28,HK.09988,阿里巴巴-W,12,10372015.0,13485,HK.ALB260828C102500,0.0,7.0,2.0
2026-08-28,HK.03690,美团-W,8,5189440.0,6153,HK.MET260904C80000,0.0,7.0,3.0
2026-08-28,JDC,,1,4819850.0,600,HK.JDC260828C95000,0.0,0.0,4.0
2026-08-28,HK.00005,HSBC HOLDINGS,3,3743120.0,847,HK.HKB260828C135000,0.0,0.0,5.0
2026-08-28,HK.00386,SINOPEC CORP,3,3416920.0,7956,HK.CPC260828C4400,0.0,0.0,6.0
2026-08-28,HK.09992,泡泡玛特,4,2792588.0,6076,HK.POP260828C152500,0.0,7.0,7.0
2026-08-28,HK.02899,ZIJIN MINING,5,2184200.0,1370,HK.ZJM260904C38500,0.0,7.0,8.0
2026-08-28,HEX,,4,1908165.0,2117,HK.HEX260828C400000,0.0,7.0,9.0
2026-08-28,WXB,,1,1891100.0,305,HK.WXB260828C38000,0.0,0.0,10.0
2026-08-28,HK.02513,Z.AI,2,1886485.0,783,HK.KAT260904C1300000,7.0,7.0,11.0
2026-08-28,HK.06030,CITIC SEC,1,1730000.0,300,HK.CTS260828C22000,0.0,0.0,12.0
2026-08-28,HK.00981,SMIC,4,1695550.0,1370,HK.SMC260828C72500,0.0,0.0,13.0
2026-08-28,HK.02338,WEICHAI POWER,1,1334480.0,934,HK.WCP260828C31000,0.0,0.0,14.0
2026-08-28,HK.01810,小米集团-W,3,1133160.0,3781,HK.MIU260828C24000,0.0,0.0,15.0
2026-08-28,HK.00883,CNOOC,3,964500.0,1204,HK.CNC260828C24000,0.0,0.0,16.0
2026-08-28,HK.01211,BYD COMPANY,1,885000.0,100,HK.BYD260828C75000,0.0,0.0,17.0
2026-08-28,AIA,,2,866120.0,948,HK.AIA260828C75000,0.0,0.0,18.0
2026-08-28,HK.00992,联想集团,2,753860.0,1313,HK.LEN260828C26000,0.0,0.0,19.0
2026-08-28,HK.02628,中国人寿,2,708660.0,838,HK.CLI260828C28000,0.0,0.0,20.0
2026-08-28,BEA,,1,672484.0,2882,HK.BEA260828C17000,0.0,0.0,21.0
2026-08-28,YOF,,2,587780.0,144,HK.YOF260904C172500,7.0,7.0,22.0
2026-08-28,HK.03750,宁德时代,1,440837.0,223,HK.CAT260904C600000,7.0,7.0,23.0
2026-08-28,ZAO,,1,387000.0,300,HK.ZAO260828C10500,0.0,0.0,24.0
2026-08-28,HK.09660,HORIZONROBOT-W,1,345000.0,734,HK.HRB260828C4600,0.0,0.0,25.0
2026-08-28,HK.06181,老铺黄金,1,340492.0,261,HK.LAO260904C410000,7.0,7.0,26.0
2026-08-28,HK.00939,建设银行,1,334750.0,1987,HK.XCC260828C9000,0.0,0.0,27.0
2026-08-28,HK.09888,BIDU-W,1,302671.5,929,HK.BIU260904C96000,7.0,7.0,28.0
2026-08-28,INB,,1,295960.0,31,HK.INB260828C97500,0.0,0.0,29.0
2026-08-28,TRF,,1,263175.0,240,HK.TRF260828C24000,0.0,0.0,30.0
2026-08-28,HK.00857,PETROCHINA,1,247320.0,201,HK.PEC260828C9500,0.0,0.0,31.0
2026-08-31,HK.00100,MiniMax,1,23607076.0,38101,HK.MNX260904C320000,4.0,4.0,1.0
2026-08-31,HK.00700,腾讯控股,5,11351351.0,17218,HK.TCH260904C450000,4.0,11.0,2.0
2026-08-31,HK.03690,美团-W,6,3588535.0,5755,HK.MET260904C80000,4.0,4.0,3.0
2026-08-31,HK.02513,Z.AI,4,2738489.0,556,HK.KAT260904C1140000,4.0,4.0,4.0
2026-08-31,HK.09988,阿里巴巴-W,3,1368565.0,2007,HK.ALB260904C115000,4.0,4.0,5.0
2026-08-31,HK.00981,SMIC,1,439900.0,125,HK.SMC260904C70000,4.0,4.0,6.0
2026-09-01,HK.09988,阿里巴巴-W,7,5542140.0,4924,HK.ALB260911C111000,3.0,10.0,1.0
2026-09-01,HK.02513,Z.AI,5,5137297.0,847,HK.KAT260904C1140000,3.0,3.0,2.0
2026-09-01,HK.00700,腾讯控股,6,3908003.0,9775,HK.TCH260904C450000,3.0,10.0,3.0
2026-09-01,HK.03690,美团-W,6,2371050.0,3832,HK.MET260911C79000,3.0,10.0,4.0
2026-09-01,HK.01810,小米集团-W,3,1576780.0,2590,HK.MIU260911C28000,3.0,10.0,5.0
2026-09-01,HK.01024,KUAISHOU-W,3,1283780.0,3215,HK.KST260904C35000,3.0,10.0,6.0
2026-09-01,HK.03308,ZJ INNOLIGHT,1,1010312.5,335,HK.ZJI260911C1095000,10.0,10.0,7.0
2026-09-01,HK.00100,MiniMax,3,986945.0,3658,HK.MNX260904C375000,3.0,3.0,8.0
2026-09-01,HEX,,3,878027.0,3499,HK.HEX260904C410000,3.0,10.0,9.0
2026-09-01,HK.01211,BYD COMPANY,2,723230.0,1190,HK.BYD260904C90000,3.0,10.0,10.0
2026-09-01,YOF,,2,640325.0,119,HK.YOF260911C165000,10.0,10.0,11.0
2026-09-01,HK.00981,SMIC,1,252775.0,97,HK.SMC260904C70000,3.0,3.0,12.0
2026-09-01,HK.09992,泡泡玛特,1,228194.0,570,HK.POP260911C157500,10.0,10.0,13.0
2026-09-02,HK.09988,阿里巴巴-W,10,5176420.0,8297,HK.ALB260904C110000,2.0,9.0,1.0
2026-09-02,HK.00700,腾讯控股,6,4561711.0,11675,HK.TCH260904C440000,2.0,9.0,2.0
2026-09-02,HK.01810,小米集团-W,3,1471000.0,2301,HK.MIU260911C28000,2.0,9.0,3.0
2026-09-02,HK.02513,Z.AI,1,1260732.0,721,HK.KAT260904C1140000,2.0,2.0,4.0
2026-09-02,HK.03690,美团-W,4,1142740.0,1790,HK.MET260904C77000,2.0,9.0,5.0
2026-09-02,HK.00981,SMIC,2,778175.0,520,HK.SMC260904C68000,2.0,2.0,6.0
2026-09-02,YOF,,1,562520.0,185,HK.YOF260904C170000,2.0,2.0,7.0
2026-09-02,HEX,,1,200131.0,722,HK.HEX260911C405000,9.0,9.0,8.0
2026-09-03,HK.00700,腾讯控股,8,3195259.0,11407,HK.TCH260904C435000,1.0,8.0,1.0
2026-09-03,HK.09988,阿里巴巴-W,8,2813630.0,7396,HK.ALB260904C110000,1.0,8.0,2.0
2026-09-03,HK.03690,美团-W,3,1476230.0,4853,HK.MET260904C79000,1.0,1.0,3.0
2026-09-03,HK.01810,小米集团-W,3,731250.0,1268,HK.MIU260911C28000,1.0,8.0,4.0
2026-09-03,HK.00981,SMIC,2,455125.0,415,HK.SMC260904C70000,1.0,8.0,5.0
2026-09-03,HK.00100,MiniMax,1,201132.0,1500,HK.MNX260911C405000,8.0,8.0,6.0
2026-09-03,HK.02259,ZIJIN GOLD INTL,1,185830.0,329,HK.ZJG260904C162500,1.0,1.0,7.0
2026-09-03,SHK,,1,183040.0,216,HK.SHK260904C115000,1.0,1.0,8.0
2026-09-04,HK.09988,阿里巴巴-W,14,9719295.0,13148,HK.ALB260911C110000,0.0,7.0,1.0
2026-09-04,HK.00700,腾讯控股,6,4959902.0,15533,HK.TCH260911C450000,0.0,7.0,2.0
2026-09-04,HK.03690,美团-W,7,3967050.0,4843,HK.MET260904C80000,0.0,7.0,3.0
2026-09-04,HK.00100,MiniMax,3,1076775.4,6677,HK.MNX260911C400000,0.0,7.0,4.0
2026-09-04,SHK,,1,1040000.0,200,HK.SHK260904C115000,0.0,0.0,5.0
2026-09-04,HK.01810,小米集团-W,3,961740.0,1407,HK.MIU260904C28000,0.0,7.0,6.0
2026-09-04,HK.09926,AKESO,2,783570.0,354,HK.AKS260904C99000,0.0,7.0,7.0
2026-09-04,HK.09888,BIDU-W,2,765348.0,3881,HK.BIU260911C94000,0.0,7.0,8.0
2026-09-04,HK.00981,SMIC,3,761125.0,1363,HK.SMC260904C69000,0.0,0.0,9.0
2026-09-04,HK.03750,宁德时代,2,591841.0,762,HK.CAT260911C575000,7.0,7.0,10.0
2026-09-04,HK.02259,ZIJIN GOLD INTL,2,585712.0,1812,HK.ZJG260904C162500,0.0,0.0,11.0
2026-09-04,HK.00005,HSBC HOLDINGS,2,511248.0,722,HK.HKB260904C165000,0.0,7.0,12.0
2026-09-07,HK.02513,Z.AI,3,6297235.0,3013,HK.KAT260911C1100000,4.0,4.0,1.0
2026-09-07,HK.03690,美团-W,3,3270990.0,1785,HK.MET260911C75000,4.0,4.0,2.0
2026-09-07,HK.00100,MiniMax,6,2447313.8,13908,HK.MNX260911C380000,4.0,4.0,3.0
2026-09-07,HK.00700,腾讯控股,3,1869066.0,4572,HK.TCH260911C440000,4.0,4.0,4.0
2026-09-07,HK.01810,小米集团-W,5,1369850.0,3314,HK.MIU260911C28000,4.0,4.0,5.0
2026-09-07,HK.09988,阿里巴巴-W,3,964805.0,1710,HK.ALB260911C110000,4.0,4.0,6.0
2026-09-07,HK.09888,BIDU-W,3,786504.0,3427,HK.BIU260911C90000,4.0,4.0,7.0
2026-09-07,HK.03308,ZJ INNOLIGHT,1,723483.0,249,HK.ZJI260911C1140000,4.0,4.0,8.0
2026-09-07,HK.00981,SMIC,2,655850.0,251,HK.SMC260911C70000,4.0,4.0,9.0
2026-09-07,HK.09992,泡泡玛特,3,521006.0,1368,HK.POP260911C155000,4.0,11.0,10.0
2026-09-07,HK.02899,ZIJIN MINING,1,250860.0,521,HK.ZJM260911C38000,4.0,4.0,11.0
2026-09-07,HK.03750,宁德时代,1,215719.0,499,HK.CAT260911C590000,4.0,4.0,12.0
2026-09-07,HK.02338,WEICHAI POWER,1,207500.0,350,HK.WCP260911C33000,4.0,4.0,13.0
2026-09-08,HK.02513,Z.AI,6,5134297.0,3094,HK.KAT260911C920000,3.0,3.0,1.0
2026-09-08,HK.00100,MiniMax,5,3218656.2,15443,HK.MNX260911C335000,3.0,10.0,2.0
2026-09-08,HK.09988,阿里巴巴-W,5,2754780.0,5491,HK.ALB260911C112000,3.0,3.0,3.0
2026-09-08,HK.00700,腾讯控股,3,1405119.0,3776,HK.TCH260911C440000,3.0,3.0,4.0
2026-09-08,HK.03308,ZJ INNOLIGHT,2,1356000.0,380,HK.ZJI260918C1200000,10.0,10.0,5.0
2026-09-08,HK.01810,小米集团-W,4,1202300.0,1905,HK.MIU260918C27500,3.0,10.0,6.0
2026-09-08,HK.03690,美团-W,2,549530.0,906,HK.MET260911C81000,3.0,3.0,7.0
2026-09-08,HK.00981,SMIC,1,408175.0,170,HK.SMC260911C68000,3.0,3.0,8.0
2026-09-08,HK.06181,老铺黄金,1,352712.0,219,HK.LAO260911C400000,3.0,3.0,9.0
2026-09-08,HK.09888,BIDU-W,1,259372.5,2555,HK.BIU260911C93000,3.0,3.0,10.0
2026-09-08,HK.01211,BYD COMPANY,1,250545.0,352,HK.BYD260918C85000,10.0,10.0,11.0
2026-09-08,HEX,,1,210005.0,517,HK.HEX260911C400000,3.0,3.0,12.0
2026-09-09,HK.00100,MiniMax,4,2667252.0,18192,HK.MNX260911C335000,2.0,2.0,1.0
2026-09-09,HK.09988,阿里巴巴-W,2,1254765.0,3376,HK.ALB260911C112000,2.0,2.0,2.0
2026-09-09,HK.03308,ZJ INNOLIGHT,1,976747.5,636,HK.ZJI260918C1305000,9.0,9.0,3.0
2026-09-09,HK.03690,美团-W,2,614345.0,1505,HK.MET260911C78000,2.0,2.0,4.0
2026-09-09,HK.02382,SUNNY OPTICAL,2,586730.0,359,HK.SNO260918C69000,2.0,9.0,5.0
2026-09-09,HK.00700,腾讯控股,2,510689.0,9100,HK.TCH260911C440000,2.0,2.0,6.0
2026-09-09,HK.00981,SMIC,2,414450.0,160,HK.SMC260911C66000,2.0,9.0,7.0
2026-09-09,HK.02899,ZIJIN MINING,1,302100.0,105,HK.ZJM260918C37000,9.0,9.0,8.0
2026-09-09,HK.03750,宁德时代,1,264463.0,476,HK.CAT260911C565000,2.0,2.0,9.0
2026-09-09,HK.02259,ZIJIN GOLD INTL,1,255556.0,160,HK.ZJG260918C162500,9.0,9.0,10.0
2026-09-09,HK.09888,BIDU-W,1,204402.0,772,HK.BIU260911C91000,2.0,2.0,11.0
2026-09-09,YOF,,1,194125.0,30,HK.YOF260911C180000,2.0,2.0,12.0
2026-09-09,HK.01810,小米集团-W,1,189210.0,497,HK.MIU260911C26500,2.0,2.0,13.0
2026-09-10,HK.00100,MiniMax,7,13324017.0,96328,HK.MNX260918C292500,1.0,8.0,1.0
2026-09-10,HK.02513,Z.AI,4,8756961.0,4606,HK.KAT260918C825000,1.0,8.0,2.0
2026-09-10,HK.09988,阿里巴巴-W,6,2886195.0,3342,HK.ALB260918C97000,1.0,8.0,3.0
2026-09-10,HK.02899,ZIJIN MINING,4,2163080.0,1292,HK.ZJM260918C37000,8.0,8.0,4.0
2026-09-10,HK.03690,美团-W,3,1143635.0,2425,HK.MET260918C75000,1.0,8.0,5.0
2026-09-10,HK.00700,腾讯控股,3,1019068.0,3676,HK.TCH260911C430000,1.0,8.0,6.0
2026-09-10,HK.02259,ZIJIN GOLD INTL,1,761326.0,563,HK.ZJG260918C165000,8.0,8.0,7.0
2026-09-10,HK.03308,ZJ INNOLIGHT,1,295000.0,100,HK.ZJI260918C1130000,8.0,8.0,8.0
2026-09-10,HK.02338,WEICHAI POWER,1,255000.0,250,HK.WCP260918C32000,8.0,8.0,9.0
2026-09-11,HK.00100,MiniMax,3,11603235.0,49360,HK.MNX260918C270000,7.0,7.0,1.0
2026-09-11,HK.02899,ZIJIN MINING,4,2492880.0,1262,HK.ZJM260918C35000,7.0,7.0,2.0
2026-09-11,HK.00700,腾讯控股,6,2186012.0,9888,HK.TCH260911C430000,0.0,7.0,3.0
2026-09-11,HK.09988,阿里巴巴-W,5,1866930.0,2826,HK.ALB260918C108000,0.0,7.0,4.0
2026-09-11,AIA,,2,515280.0,543,HK.AIA260918C76000,7.0,7.0,5.0
2026-09-11,HK.02513,Z.AI,1,340600.0,200,HK.KAT260918C840000,7.0,7.0,6.0
2026-09-11,HK.03690,美团-W,1,332070.0,945,HK.MET260911C74000,0.0,0.0,7.0
2026-09-11,HK.09926,AKESO,1,315780.0,189,HK.AKS260918C96000,7.0,7.0,8.0
2026-09-11,SHK,,1,248170.0,237,HK.SHK260918C111000,7.0,7.0,9.0
2026-09-11,HK.03308,ZJ INNOLIGHT,1,240390.5,111,HK.ZJI260918C1200000,7.0,7.0,10.0
2026-09-11,HK.01810,小米集团-W,1,225870.0,467,HK.MIU260911C25500,0.0,0.0,11.0
2026-09-11,HK.00005,HSBC HOLDINGS,1,215848.0,614,HK.HKB260918C165000,7.0,7.0,12.0
2026-09-14,HK.00100,MiniMax,4,10869239.8,51165,HK.MNX260918C255000,4.0,11.0,1.0
2026-09-14,HK.02513,Z.AI,7,8274374.0,4088,HK.KAT260918C740000,4.0,11.0,2.0
2026-09-14,HK.09988,阿里巴巴-W,6,2303730.0,3265,HK.ALB260918C106000,4.0,4.0,3.0
2026-09-14,HK.00700,腾讯控股,3,2015274.0,4782,HK.TCH260918C435000,4.0,4.0,4.0
2026-09-14,HK.01810,小米集团-W,2,624160.0,1144,HK.MIU260918C27000,4.0,4.0,5.0
2026-09-14,AIA,,2,518610.0,312,HK.AIA260918C74000,4.0,4.0,6.0
2026-09-14,HK.03308,ZJ INNOLIGHT,1,350000.0,100,HK.ZJI260925C1125000,11.0,11.0,7.0
2026-09-14,HK.03750,宁德时代,1,319559.0,654,HK.CAT260918C570000,4.0,4.0,8.0
2026-09-14,HK.00981,SMIC,1,256750.0,133,HK.SMC260918C63000,4.0,4.0,9.0
2026-09-14,HK.00175,GEELY AUTO,1,206500.0,140,HK.GAH260918C16500,4.0,4.0,10.0
2026-09-14,SHK,,1,203200.0,144,HK.SHK260918C111000,4.0,4.0,11.0
2026-09-14,HK.03690,美团-W,1,177970.0,368,HK.MET260918C76000,4.0,4.0,12.0
2026-09-15,HK.02513,Z.AI,7,15578110.0,8476,HK.KAT260918C710000,3.0,14.0,1.0
2026-09-15,HK.09988,阿里巴巴-W,14,10791440.0,13508,HK.ALB260929C105000,3.0,14.0,2.0
2026-09-15,HK.00700,腾讯控股,13,9586320.0,19149,HK.TCH260929C450000,3.0,14.0,3.0
2026-09-15,HK.00005,HSBC HOLDINGS,8,6727584.0,2731,HK.HKB260929C140000,3.0,14.0,4.0
2026-09-15,HK.00100,MiniMax,3,6147652.2,46208,HK.MNX260918C235000,3.0,3.0,5.0
2026-09-15,HK.01810,小米集团-W,3,2491900.0,1282,HK.MIU260929C15500,14.0,14.0,6.0
2026-09-15,HK.02899,ZIJIN MINING,4,1781440.0,1058,HK.ZJM260929C34000,3.0,14.0,7.0
2026-09-15,HK.01347,HUA HONG GRACE,4,1292960.0,170,HK.HOS260929C115000,14.0,14.0,8.0
2026-09-15,HK.09992,泡泡玛特,3,891934.0,3277,HK.POP260929C150000,14.0,14.0,9.0
2026-09-15,HK.03750,宁德时代,3,882235.0,1648,HK.CAT260929C560000,3.0,14.0,10.0
2026-09-15,WHG,,1,794000.0,1360,HK.WHG260929C6250,14.0,14.0,11.0
2026-09-15,HK.09961,TRIP.COM-S,3,762873.0,356,HK.TRP260918C295000,3.0,3.0,12.0
2026-09-15,HK.03690,美团-W,2,738980.0,710,HK.MET260929C75000,14.0,14.0,13.0
2026-09-15,HK.02388,BOC HONG KONG,1,715595.0,1906,HK.BOC260929C52500,14.0,14.0,14.0
2026-09-15,HK.00981,SMIC,3,680450.0,195,HK.SMC260929C62500,3.0,14.0,15.0
2026-09-15,HK.03993,CMOC,1,601200.0,20,HK.MOL260929C12000,14.0,14.0,16.0
2026-09-15,HK.09868,小鹏-W,1,456420.0,2595,HK.PEN260918C40500,3.0,3.0,17.0
2026-09-15,SHK,,1,432210.0,188,HK.SHK260929C110000,14.0,14.0,18.0
2026-09-15,AIA,,1,322500.0,140,HK.AIA260918C74000,3.0,3.0,19.0
2026-09-15,HK.00857,PETROCHINA,1,310200.0,90,HK.PEC260929C8250,14.0,14.0,20.0
2026-09-15,HK.02318,PING AN,1,264865.0,1788,HK.PAI260929C55000,14.0,14.0,21.0
2026-09-15,HK.03968,CM BANK,1,263720.0,154,HK.CMB260929C48000,14.0,14.0,22.0
2026-09-15,HK.00175,GEELY AUTO,1,231900.0,160,HK.GAH260929C17000,14.0,14.0,23.0
2026-09-15,JDC,,1,228165.0,203,HK.JDC260929C107500,14.0,14.0,24.0
2026-09-15,HK.01339,PICC GROUP,1,218250.0,255,HK.PIN260929C5750,14.0,14.0,25.0
2026-09-15,HK.00992,联想集团,1,215380.0,66,HK.LEN260929C31000,14.0,14.0,26.0
2026-09-15,HK.09999,NTES,1,198010.0,65,HK.NTE260929C185000,14.0,14.0,27.0
2026-09-15,HK.00006,POWER ASSETS,1,192075.0,455,HK.HEH260929C60000,14.0,14.0,28.0
2026-09-16,HK.00992,联想集团,10,29999480.0,2644,HK.LEN260929C6500,13.0,13.0,1.0
2026-09-16,HK.02513,Z.AI,6,14734080.0,3822,HK.KAT260918C675000,2.0,13.0,2.0
2026-09-16,HK.00100,MiniMax,7,14331481.4,55320,HK.MNX260918C235000,2.0,13.0,3.0
2026-09-16,HK.00700,腾讯控股,11,8906488.0,6254,HK.TCH260929C230000,2.0,13.0,4.0
2026-09-16,HK.01810,小米集团-W,3,8320700.0,2013,HK.MIU260929C15500,13.0,13.0,5.0
2026-09-16,HK.01347,HUA HONG GRACE,7,7429560.0,529,HK.HOS260929C37000,13.0,13.0,6.0
2026-09-16,HK.09988,阿里巴巴-W,10,4068070.0,6679,HK.ALB260929C110000,2.0,13.0,7.0
2026-09-16,HK.03750,宁德时代,9,3832236.0,2062,HK.CAT260929C260000,2.0,13.0,8.0
2026-09-16,HK.00981,SMIC,9,3072575.0,1394,HK.SMC260929C65000,2.0,13.0,9.0
2026-09-16,HK.03690,美团-W,5,2885820.0,2430,HK.MET260929C31000,2.0,13.0,10.0
2026-09-16,HK.00939,建设银行,1,2464500.0,500,HK.XCC260929C4700,13.0,13.0,11.0
2026-09-16,HK.09961,TRIP.COM-S,3,1468486.5,966,HK.TRP260918C252500,2.0,13.0,12.0
2026-09-16,WHG,,2,1349300.0,2477,HK.WHG260929C6250,13.0,13.0,13.0
2026-09-16,WXB,,2,1335250.0,638,HK.WXB260929C33000,13.0,13.0,14.0
2026-09-16,HK.00005,HSBC HOLDINGS,3,1224736.0,950,HK.HKB260929C140000,13.0,13.0,15.0
2026-09-16,HK.02899,ZIJIN MINING,4,965920.0,565,HK.ZJM260918C34500,2.0,13.0,16.0
2026-09-16,HK.03993,CMOC,1,608400.0,20,HK.MOL260929C12000,13.0,13.0,17.0
2026-09-16,AIA,,2,493590.0,1269,HK.AIA260929C82500,13.0,13.0,18.0
2026-09-16,HK.01024,KUAISHOU-W,1,461950.0,1253,HK.KST260929C30000,13.0,13.0,19.0
2026-09-16,HK.00883,CNOOC,1,423400.0,1507,HK.CNC260929C25000,13.0,13.0,20.0
2026-09-16,HK.09992,泡泡玛特,2,364288.0,1921,HK.POP260929C152500,13.0,13.0,21.0
2026-09-16,HK.00857,PETROCHINA,1,280200.0,90,HK.PEC260929C8250,13.0,13.0,22.0
2026-09-16,HK.02338,WEICHAI POWER,1,263400.0,80,HK.WCP260918C26000,2.0,2.0,23.0
2026-09-16,HK.06181,老铺黄金,1,225225.0,315,HK.LAO260918C375000,2.0,2.0,24.0
2026-09-16,BLI,,1,219942.0,1744,HK.BLI260918C117000,2.0,2.0,25.0
2026-09-16,HK.03308,ZJ INNOLIGHT,1,201174.5,201,HK.ZJI260925C1270000,9.0,9.0,26.0
2026-09-16,HK.01818,ZHAOJIN MINING,1,195960.0,741,HK.ZMI260918C21000,2.0,2.0,27.0
2026-09-16,HEX,,1,178395.0,546,HK.HEX260929C400000,13.0,13.0,28.0
2026-09-16,HK.02259,ZIJIN GOLD INTL,1,171380.0,209,HK.ZJG260918C162500,2.0,2.0,29.0
2026-09-17,HK.03690,美团-W,4,33705915.0,5168,HK.MET260929C37000,1.0,12.0,1.0
2026-09-17,HK.00700,腾讯控股,9,12890482.0,18401,HK.TCH260929C230000,1.0,12.0,2.0
2026-09-17,HK.00100,MiniMax,6,11861034.399999999,38584,HK.MNX260925C240000,8.0,12.0,3.0
2026-09-17,HK.09988,阿里巴巴-W,6,10314395.0,2904,HK.ALB260929C60000,1.0,12.0,4.0
2026-09-17,HK.00992,联想集团,5,4656260.0,717,HK.LEN260929C28000,12.0,12.0,5.0
2026-09-17,HK.01810,小米集团-W,8,3865970.0,7654,HK.MIU260929C20000,1.0,12.0,6.0
2026-09-17,HK.00005,HSBC HOLDINGS,4,1822648.0,1140,HK.HKB260929C140000,12.0,12.0,7.0
2026-09-17,JDC,,2,1701350.0,1187,HK.JDC260929C102500,12.0,12.0,8.0
2026-09-17,HK.02513,Z.AI,6,1563576.0,708,HK.KAT260918C745000,1.0,12.0,9.0
2026-09-17,HK.01211,BYD COMPANY,4,1299630.0,2477,HK.BYD260929C80000,1.0,12.0,10.0
2026-09-17,HK.00981,SMIC,4,1236450.0,614,HK.SMC260918C62000,1.0,12.0,11.0
2026-09-17,HK.01347,HUA HONG GRACE,3,977560.0,123,HK.HOS260929C115000,12.0,12.0,12.0
2026-09-17,HK.03988,BANK OF CHINA,1,842342.0,855,HK.XBC260929C5000,12.0,12.0,13.0
2026-09-17,HK.02259,ZIJIN GOLD INTL,2,620338.0,772,HK.ZJG260929C150000,1.0,12.0,14.0
2026-09-17,HK.03993,CMOC,1,594000.0,20,HK.MOL260929C12000,12.0,12.0,15.0
2026-09-17,HK.03750,宁德时代,2,544177.0,450,HK.CAT260929C500000,12.0,12.0,16.0
2026-09-17,HK.02899,ZIJIN MINING,1,515300.0,309,HK.ZJM260929C34000,12.0,12.0,17.0
2026-09-17,HK.02628,中国人寿,2,487970.0,636,HK.CLI260929C29000,12.0,12.0,18.0
2026-09-17,WHG,,1,469500.0,720,HK.WHG260929C6250,12.0,12.0,19.0
2026-09-17,HK.03308,ZJ INNOLIGHT,2,430490.0,222,HK.ZJI260918C1130000,1.0,12.0,20.0
2026-09-17,HK.09992,泡泡玛特,2,379184.0,838,HK.POP260925C152500,8.0,8.0,21.0
2026-09-17,BEA,,2,334182.0,1800,HK.BEA260929C18500,12.0,12.0,22.0
2026-09-17,HK.01288,ABC,1,308080.0,52,HK.XAB260929C5750,12.0,12.0,23.0
2026-09-17,HK.09961,TRIP.COM-S,1,283306.5,367,HK.TRP260929C320000,12.0,12.0,24.0
2026-09-17,WXB,,1,241500.0,30,HK.WXB260929C35000,12.0,12.0,25.0
2026-09-17,HK.01336,NCI,1,235820.0,156,HK.NCL260929C46000,12.0,12.0,26.0
2026-09-17,HK.01024,KUAISHOU-W,1,191645.0,1861,HK.KST260918C30500,1.0,1.0,27.0
2026-09-17,HK.00883,CNOOC,1,186730.0,440,HK.CNC260929C24000,12.0,12.0,28.0
2026-09-17,SHK,,1,184900.0,55,HK.SHK260929C105000,12.0,12.0,29.0
2026-09-17,HEX,,1,161781.0,1143,HK.HEX260918C390000,1.0,1.0,30.0
2026-09-18,HK.02513,Z.AI,9,30867276.0,8024,HK.KAT260925C765000,0.0,11.0,1.0
2026-09-18,HK.00100,MiniMax,9,27383108.6,60272,HK.MNX260925C255000,0.0,11.0,2.0
2026-09-18,HK.00700,腾讯控股,13,19616772.0,31244,HK.TCH260929C215000,0.0,11.0,3.0
2026-09-18,HK.09988,阿里巴巴-W,17,13513335.0,22182,HK.ALB260929C112500,0.0,11.0,4.0
2026-09-18,HK.00992,联想集团,10,10711120.0,2333,HK.LEN260929C28000,11.0,11.0,5.0
2026-09-18,HK.01810,小米集团-W,5,5150560.0,5195,HK.MIU260929C15500,7.0,11.0,6.0
2026-09-18,HK.01347,HUA HONG GRACE,4,5120700.0,532,HK.HOS260929C115000,11.0,11.0,7.0
2026-09-18,HK.00981,SMIC,9,4667775.0,2249,HK.SMC260929C67500,0.0,11.0,8.0
2026-09-18,HK.00005,HSBC HOLDINGS,4,2305300.0,1197,HK.HKB260929C140000,0.0,11.0,9.0
2026-09-18,HK.02899,ZIJIN MINING,4,2217700.0,619,HK.ZJM260929C33000,11.0,11.0,10.0
2026-09-18,HK.03750,宁德时代,3,2205399.0,2870,HK.CAT260925C505000,7.0,11.0,11.0
2026-09-18,HK.03308,ZJ INNOLIGHT,7,2184281.0,1471,HK.ZJI260929C1250000,0.0,11.0,12.0
2026-09-18,HK.09992,泡泡玛特,4,2005296.0,3938,HK.POP260925C152500,7.0,11.0,13.0
2026-09-18,HK.03690,美团-W,2,1438640.0,612,HK.MET260929C55000,11.0,11.0,14.0
2026-09-18,HK.01024,KUAISHOU-W,3,1278910.0,4333,HK.KST260925C30500,7.0,11.0,15.0
2026-09-18,AIA,,2,1242430.0,729,HK.AIA260929C77500,11.0,11.0,16.0
2026-09-18,HK.01211,BYD COMPANY,3,1223740.0,2638,HK.BYD260929C85000,11.0,11.0,17.0
2026-09-18,HK.00386,SINOPEC CORP,3,911000.0,1041,HK.CPC260929C4100,11.0,11.0,18.0
2026-09-18,HK.09961,TRIP.COM-S,2,840450.0,955,HK.TRP260929C320000,11.0,11.0,19.0
2026-09-18,HK.09888,BIDU-W,2,778395.0,2606,HK.BIU260929C90000,11.0,11.0,20.0
2026-09-18,HK.02259,ZIJIN GOLD INTL,2,635198.0,704,HK.ZJG260918C155000,0.0,7.0,21.0
2026-09-18,HK.02628,中国人寿,2,552640.0,691,HK.CLI260929C30000,11.0,11.0,22.0
2026-09-18,HK.00883,CNOOC,2,526160.0,1233,HK.CNC260929C24000,11.0,11.0,23.0
2026-09-18,SHK,,2,477430.0,236,HK.SHK260925C107000,7.0,7.0,24.0
2026-09-18,JDC,,1,376310.0,334,HK.JDC260929C105000,11.0,11.0,25.0
2026-09-18,HK.03988,BANK OF CHINA,1,247620.0,530,HK.XBC260929C5500,11.0,11.0,26.0
2026-09-18,HK.02318,PING AN,1,211500.0,60,HK.PAI260929C46000,11.0,11.0,27.0
2026-09-18,HK.00358,JIANGXI COPPER,1,208780.0,176,HK.JXC260929C34000,11.0,11.0,28.0
2026-09-18,HK.00625,SHEIN-W,1,198750.0,250,HK.SHN260929C37000,11.0,11.0,29.0
