ablation,period,trades,payoff,delta_payoff_vs_selected,mean_trade_pct,delta_mean_trade_pct,avg_win_pct,avg_loss_pct,mtm_mdd_pct
ablation_no_confirmations,fit28,186,10.094841098491168,-33.128446197899244,-0.0215782025840201,-0.1976627966027095,1.3209379622099446,-0.1308527741370173,-3.3185816743729
ablation_no_confirmations,validation28,216,8.68385272458235,-1.548056624439111,-0.0020364435350338,-0.060762998138056204,1.2925454052365457,-0.1488446944266561,-4.211473727495251
ablation_no_confirmations,development56,402,9.285503451413708,-7.550674121717718,-0.0110781529457588,-0.1139028799352743,1.3035869551706454,-0.140389475055569,-6.739512508970858
ablation_no_confirmations,stress27,203,7.4190020716815965,-4.479040014197308,-0.0096907648512285,-0.0359534933329528,0.8207673896705903,-0.1106304300417258,-3.679649937321861
ablation_no_confirmations,all83,605,8.583028053008551,-6.937896344619958,-0.010612632642966,-0.086610517635657,1.120448499291314,-0.130542332189928,-7.120643458411169
ablation_without_rvol,fit28,118,16.527991049939857,-26.695296246450553,0.0048410097104366,-0.1712435843082528,2.010553971833781,-0.1216453933063508,-3.154690753168421
ablation_without_rvol,validation28,158,10.402419998214077,0.17051064919261627,0.0117794765801237,-0.0469470780228987,1.485125377107415,-0.1427672962024593,-4.132151699644959
ablation_without_rvol,development56,276,12.373416773889597,-4.4627607992418294,0.0088130305996053,-0.09401169638991021,1.652307202702168,-0.1335368583226638,-4.13215169964497
ablation_without_rvol,stress27,159,10.831762918611595,-1.066279167267309,0.0119739799245746,-0.014288748557149698,1.1161341875292423,-0.1030427083675782,-3.5079919182132717
ablation_without_rvol,all83,435,11.713430728964797,-3.807493668663712,0.0099684120770079,-0.0660294729156831,1.4349397641185495,-0.1225037990424318,-4.568888044492281
ablation_without_rsi,fit28,114,8.598961538629595,-34.624325757760815,-0.0773190145935884,-0.2534036086122778,1.0025164580525303,-0.1165857590534472,-2.2206421093246558
ablation_without_rsi,validation28,162,5.281288195705142,-4.950621153316319,-0.0221766771917696,-0.080903231794792,0.7968226846025226,-0.1508765769023012,-4.626199746961268
ablation_without_rsi,development56,276,6.101158539821774,-10.735019033309651,-0.0449528600316513,-0.1477775870211668,0.8284678805179082,-0.1357886170488055,-4.626199746961257
ablation_without_rsi,stress27,153,6.481135283340168,-5.416906802538736,-0.0456285806575455,-0.0718913091392698,0.6399026696207486,-0.0987331141298077,-3.123330291410253
ablation_without_rsi,all83,429,6.3123042643874205,-9.208620133241087,-0.0451938513038233,-0.12119173629651431,0.7724079529538878,-0.1223654501750869,-5.934518702770763
ablation_previous_entry,fit28,27,19.52485161096348,-23.69843568542693,0.0467143668211299,-0.1293702271975595,1.7528099190877229,-0.0897732773601974,-1.001420387044616
ablation_previous_entry,validation28,41,21.36020835380348,11.128299004782018,0.0081671899761957,-0.050559364626826704,1.922517992997285,-0.0900046460761678,-2.1112984277663727
ablation_previous_entry,development56,68,20.43795721894259,3.6017796458111633,0.0234726866646255,-0.07935204032489,1.837663956042504,-0.0899142676714919,-2.1112984277663616
ablation_previous_entry,stress27,35,6.6377110789310505,-5.260331006947854,-0.0719355724393648,-0.0981983009210891,0.847271067041468,-0.1276450657412335,-2.8616229131448234
ablation_previous_entry,all83,103,14.671779900986852,-0.8491444966416566,-0.008947595555177,-0.084945480547868,1.5075329930421588,-0.1027505185611978,-2.8616229131448345
ablation_previous_exit,fit28,62,3.444616190087452,-39.77867110630296,0.0268064743465536,-0.1492781196721358,1.2260996365730727,-0.3559466625342501,-3.0032388147733124
ablation_previous_exit,validation28,103,2.023332555716649,-8.208576793304811,-0.0491905506291555,-0.1079171052321779,0.833451328175194,-0.4119200898638196,-5.574724949820597
ablation_previous_exit,development56,165,2.4726695121459232,-14.363508060985502,-0.020634092759495,-0.1234588197490105,0.9643340976411536,-0.3899971641597383,-5.819504271989262
ablation_previous_exit,stress27,89,2.400597673347206,-9.4974444125317,-0.1057836860860381,-0.1320464145677624,0.6533893209851124,-0.2721777698276602,-3.934301990245448
ablation_previous_exit,all83,254,2.5555575550873457,-12.965366842541163,-0.0504699738857247,-0.12646785887841572,0.8827748119608804,-0.3454333517957916,-7.822723527578923
ablation_no_soft_loss,fit28,62,25.188854877122697,-18.034432419267713,0.1818873374082487,0.005802743389559301,4.120067906740584,-0.1635670984980964,-2.9295645342791943
ablation_no_soft_loss,validation28,103,7.305146718142548,-2.9267626308789128,0.0689564545525224,0.0102298999495,1.3586885941438154,-0.1859905962969193,-5.044074530478548
ablation_no_soft_loss,development56,165,11.21856027381363,-5.617617299317796,0.1113910893225529,0.008566362333037397,1.986274801552172,-0.1770525587127731,-5.044074530478548
ablation_no_soft_loss,stress27,89,7.889486225187777,-4.008555860691128,-0.0131541511085388,-0.0394168795902631,1.0268772759338798,-0.1301576866508109,-1.9069828023501436
ablation_no_soft_loss,all83,254,10.658101750892085,-4.862822646736424,0.0677512216124459,-0.0082466633802451,1.7077400360500872,-0.1602292862241768,-5.044074530478548
ablation_no_fast_failure,fit28,62,17.076774129867196,-26.146513166523214,0.1377380098551685,-0.03834658416352091,3.1388177125710883,-0.1838062440072514,-3.590567079956441
ablation_no_fast_failure,validation28,103,5.494678717951614,-4.737230631069846,0.0158255272608802,-0.042901027342142205,1.2087780776048864,-0.219990674551307,-4.362202934224435
ablation_no_fast_failure,development56,165,8.323256691951878,-8.512920881179548,0.0616350661750976,-0.041189660814417904,1.712266678030852,-0.2057207582804118,-4.362202934224446
ablation_no_fast_failure,stress27,89,8.762949729063013,-3.135092356815891,-0.0014923872070492,-0.027755115688773497,1.0268772759338798,-0.1171839743104037,-3.576128606585882
ablation_no_fast_failure,all83,254,8.742027835070457,-6.778896562558051,0.039515604163243,-0.036482280829448,1.5195009086910785,-0.1738156109038323,-4.973890103250078
ablation_no_structure,fit28,62,43.22328729639041,0.0,0.1760845940186894,0.0,4.107113549247732,-0.0950208511695203,-2.848956065348596
ablation_no_structure,validation28,103,10.23190934902146,0.0,0.0587265546030224,0.0,1.4388327196346893,-0.1406221136793294,-4.362202934224435
ablation_no_structure,development56,165,16.836177573131426,0.0,0.1028247269895155,0.0,2.066663503073052,-0.1227513486417015,-4.362202934224446
ablation_no_structure,stress27,89,11.898042085878904,0.0,0.0262627284817243,0.0,1.0268772759338798,-0.086306408106643,-1.6810581932710569
ablation_no_structure,all83,254,15.520924397628509,0.0,0.075997884992691,0.0,1.706737501371031,-0.1099636502083477,-4.759882182360764
ablation_no_trailing,fit28,62,31.9613687442527,-11.261918552137711,0.1447631170633082,-0.031321476955381206,4.107113549247732,-0.1285024299838934,-4.738423501729471
ablation_no_trailing,validation28,103,10.694890144429994,0.46298079540853365,0.0938007810381895,0.035074226435167104,1.4267286575610798,-0.1334028342782122,-6.097536534613591
ablation_no_trailing,development56,165,15.145894629954748,-1.690282943176678,0.1129502648779311,0.010125537888415595,1.9910202137056383,-0.1314560983256746,-6.097536534613601
ablation_no_trailing,stress27,89,11.70798716501196,-0.19005492086694353,0.0246040024360258,-0.0016587260456984998,1.010474318370861,-0.086306408106643,-1.8235202092193088
ablation_no_trailing,all83,254,14.512756946295683,-1.0081674513328256,0.0819942910301769,0.005996406037485899,1.6758447473480311,-0.1154739070976988,-6.097536534613601
ablation_no_expanded_trail,fit28,62,43.22328729639041,0.0,0.1760845940186894,0.0,4.107113549247732,-0.0950208511695203,-2.848956065348596
ablation_no_expanded_trail,validation28,103,10.23190934902146,0.0,0.0587265546030224,0.0,1.4388327196346893,-0.1406221136793294,-4.362202934224435
ablation_no_expanded_trail,development56,165,16.836177573131426,0.0,0.1028247269895155,0.0,2.066663503073052,-0.1227513486417015,-4.362202934224446
ablation_no_expanded_trail,stress27,89,11.898042085878904,0.0,0.0262627284817243,0.0,1.0268772759338798,-0.086306408106643,-1.6810581932710569
ablation_no_expanded_trail,all83,254,15.520924397628509,0.0,0.075997884992691,0.0,1.706737501371031,-0.1099636502083477,-4.759882182360764
ablation_no_stall,fit28,62,43.22328729639041,0.0,0.1760845940186894,0.0,4.107113549247732,-0.0950208511695203,-2.848956065348596
ablation_no_stall,validation28,103,10.23190934902146,0.0,0.0587265546030224,0.0,1.4388327196346893,-0.1406221136793294,-4.362202934224435
ablation_no_stall,development56,165,16.836177573131426,0.0,0.1028247269895155,0.0,2.066663503073052,-0.1227513486417015,-4.362202934224446
ablation_no_stall,stress27,89,11.898042085878904,0.0,0.0262627284817243,0.0,1.0268772759338798,-0.086306408106643,-1.6810581932710569
ablation_no_stall,all83,254,15.520924397628509,0.0,0.075997884992691,0.0,1.706737501371031,-0.1099636502083477,-4.759882182360764
ablation_no_late_tightening,fit28,62,43.22328729639041,0.0,0.1760845940186894,0.0,4.107113549247732,-0.0950208511695203,-2.848956065348596
ablation_no_late_tightening,validation28,103,10.23190934902146,0.0,0.0587265546030224,0.0,1.4388327196346893,-0.1406221136793294,-4.362202934224435
ablation_no_late_tightening,development56,165,16.836177573131426,0.0,0.1028247269895155,0.0,2.066663503073052,-0.1227513486417015,-4.362202934224446
ablation_no_late_tightening,stress27,89,11.898042085878904,0.0,0.0262627284817243,0.0,1.0268772759338798,-0.086306408106643,-1.6810581932710569
ablation_no_late_tightening,all83,254,15.520924397628509,0.0,0.075997884992691,0.0,1.706737501371031,-0.1099636502083477,-4.759882182360764
ablation_flatten1545,fit28,62,43.22328729639041,0.0,0.1760845940186894,0.0,4.107113549247732,-0.0950208511695203,-2.848956065348596
ablation_flatten1545,validation28,103,10.23190934902146,0.0,0.0587265546030224,0.0,1.4388327196346893,-0.1406221136793294,-4.362202934224435
ablation_flatten1545,development56,165,16.836177573131426,0.0,0.1028247269895155,0.0,2.066663503073052,-0.1227513486417015,-4.362202934224446
ablation_flatten1545,stress27,89,11.898042085878904,0.0,0.0262627284817243,0.0,1.0268772759338798,-0.086306408106643,-1.6810581932710569
ablation_flatten1545,all83,254,15.520924397628509,0.0,0.075997884992691,0.0,1.706737501371031,-0.1099636502083477,-4.759882182360764
ablation_safety_08,fit28,62,43.22328729639041,0.0,0.1760845940186894,0.0,4.107113549247732,-0.0950208511695203,-2.848956065348596
ablation_safety_08,validation28,103,10.23190934902146,0.0,0.0587265546030224,0.0,1.4388327196346893,-0.1406221136793294,-4.362202934224435
ablation_safety_08,development56,165,16.836177573131426,0.0,0.1028247269895155,0.0,2.066663503073052,-0.1227513486417015,-4.362202934224446
ablation_safety_08,stress27,89,11.898042085878904,0.0,0.0262627284817243,0.0,1.0268772759338798,-0.086306408106643,-1.6810581932710569
ablation_safety_08,all83,254,15.520924397628509,0.0,0.075997884992691,0.0,1.706737501371031,-0.1099636502083477,-4.759882182360764
ablation_soft_loss_always_active,fit28,62,35.4405381762034,-7.782749120187013,0.0170477216792292,-0.1590368723394602,3.4425993815487903,-0.0971373336497561,-2.848956065348596
ablation_soft_loss_always_active,validation28,103,12.601588671219394,2.3696793221979338,0.0245408787061952,-0.0341856758968272,1.6407066595251585,-0.1301983981807267,-3.892129972838188
ablation_soft_loss_always_active,development56,165,16.777753727691795,-0.05842384543963064,0.0217252681869716,-0.0810994588025439,1.9683235180749097,-0.117317463947881,-3.8921299728382097
ablation_soft_loss_always_active,stress27,89,16.645356447417477,4.747314361538573,0.0159124918445604,-0.010350236637163897,1.3971761509801977,-0.0839378931531964,-1.6810581932710569
ablation_soft_loss_always_active,all83,254,16.726145075901027,1.2052206782725179,0.0196885079725047,-0.056309377020186305,1.7667420943944232,-0.1056275720661982,-4.276013110370314
ablation_entry_after1045,fit28,36,59.82915222758441,16.605864931194,0.3515425978527731,0.1754580038340837,5.168837378962097,-0.0863932913389835,-2.390975813196694
ablation_entry_after1045,validation28,66,8.559581499484846,-1.6723278495366145,0.0304344200017894,-0.028292134601233004,0.8581148396997812,-0.1002519620557881,-1.8674717386763628
ablation_entry_after1045,development56,102,20.340299804264024,3.504122231132598,0.1437667180668425,0.04094199107732699,1.93579547451536,-0.0951704494596264,-2.81979923464154
ablation_entry_after1045,stress27,59,15.22094710824536,3.322905022366456,-0.0167975726358365,-0.043060301117560804,1.459281354525262,-0.0958732294480382,-1.4268301075000769
ablation_entry_after1045,all83,161,19.284288335578623,3.763363937950114,0.0849263879335626,0.008928502940871594,1.84049265051734,-0.0954400089072364,-2.81979923464154
