name,period,reason,trades,mean_net_pct
selected_1m,fit28,failed_followthrough,15,-0.05232725959846811
selected_1m,fit28,scheduled_flatten,5,3.2820354589769467
selected_1m,fit28,soft_failure_loss,41,-0.11113717483170991
selected_1m,fit28,trailing,1,-0.15139940364885576
selected_1m,validation28,failed_followthrough,20,-0.06493715433565125
selected_1m,validation28,scheduled_flatten,12,1.5391107614055066
selected_1m,validation28,soft_failure_loss,68,-0.1535397989672007
selected_1m,validation28,trailing,3,-0.22701486542403065
selected_1m,development56,failed_followthrough,35,-0.05953291373400135
selected_1m,development56,scheduled_flatten,17,2.0517356724559304
selected_1m,development56,soft_failure_loss,109,-0.13759018805385098
selected_1m,development56,trailing,4,-0.20811099998023697
selected_1m,stress27,failed_followthrough,16,-0.03662737744052517
selected_1m,stress27,scheduled_flatten,9,0.7938419079852288
selected_1m,stress27,soft_failure_loss,63,-0.09689530291063259
selected_1m,stress27,trailing,1,1.8832477854246663
selected_1m,all83,failed_followthrough,51,-0.05234686313212647
selected_1m,all83,scheduled_flatten,26,1.6163109078314566
selected_1m,all83,soft_failure_loss,172,-0.12268450337930006
selected_1m,all83,trailing,5,0.21016075710074367
selected_5m,fit28,failed_followthrough,20,-0.11043329609241785
selected_5m,fit28,scheduled_flatten,2,5.0220789735089575
selected_5m,fit28,soft_failure_loss,1,-0.13999520016529343
selected_5m,fit28,trailing,3,1.5906358143301391
selected_5m,validation28,failed_followthrough,28,-0.11834916016841002
selected_5m,validation28,scheduled_flatten,3,0.654321761489007
selected_5m,validation28,soft_failure_loss,4,-0.5060635859401669
selected_5m,validation28,trailing,2,1.0504143639969816
selected_5m,development56,failed_followthrough,48,-0.11505088347007993
selected_5m,development56,scheduled_flatten,5,2.4014246462969875
selected_5m,development56,soft_failure_loss,5,-0.43284990878519214
selected_5m,development56,trailing,5,1.3745472341968763
selected_5m,stress27,failed_followthrough,29,-0.11087649706470189
selected_5m,stress27,scheduled_flatten,2,0.31752493541509924
selected_5m,stress27,soft_failure_loss,6,-0.2685897052009319
selected_5m,stress27,trailing,3,0.12508855804341154
selected_5m,all83,failed_followthrough,77,-0.11347871196675575
selected_5m,all83,scheduled_flatten,7,1.806024728902162
selected_5m,all83,soft_failure_loss,11,-0.3432534341028684
selected_5m,all83,trailing,8,0.9060002306393269
selected_15m,fit28,failed_followthrough,7,-0.0404160960945457
selected_15m,fit28,scheduled_flatten,2,2.211616628957378
selected_15m,fit28,soft_failure_loss,31,-0.22407057421388624
selected_15m,fit28,trailing,4,1.409480119249668
selected_15m,validation28,failed_followthrough,13,-0.06169497257898156
selected_15m,validation28,scheduled_flatten,17,1.4030167382352197
selected_15m,validation28,soft_failure_loss,37,-0.38334373388496407
selected_15m,validation28,trailing,1,-1.4760352978254032
selected_15m,development56,failed_followthrough,20,-0.054247365809429
selected_15m,development56,scheduled_flatten,19,1.4881325162059735
selected_15m,development56,soft_failure_loss,68,-0.31073391109373744
selected_15m,development56,trailing,5,0.8323770358346537
selected_15m,stress27,failed_followthrough,14,-0.06318039909155133
selected_15m,stress27,scheduled_flatten,10,0.8978874512971274
selected_15m,stress27,soft_failure_loss,30,-0.32996625576711586
selected_15m,stress27,trailing,1,-0.7531013916501036
selected_15m,all83,failed_followthrough,34,-0.05792567363147937
selected_15m,all83,scheduled_flatten,29,1.284599735202923
selected_15m,all83,soft_failure_loss,98,-0.31662136354477166
selected_15m,all83,trailing,6,0.5681306312538608
previous_payoff_4_45,fit28,failed_followthrough,14,-0.14068078598848247
previous_payoff_4_45,fit28,scheduled_flatten,9,0.877714396575327
previous_payoff_4_45,fit28,structural,4,0.24835022666086543
previous_payoff_4_45,validation28,failed_followthrough,18,-0.12494393708316061
previous_payoff_4_45,validation28,scheduled_flatten,9,0.9406251752185999
previous_payoff_4_45,validation28,structural,11,0.2884706958806988
previous_payoff_4_45,validation28,trailing,3,-0.21518220267047755
previous_payoff_4_45,development56,failed_followthrough,32,-0.13182880847923897
previous_payoff_4_45,development56,scheduled_flatten,18,0.9091697858969633
previous_payoff_4_45,development56,structural,15,0.2777719040887432
previous_payoff_4_45,development56,trailing,3,-0.21518220267047755
previous_payoff_4_45,stress27,failed_followthrough,22,-0.18249352048295064
previous_payoff_4_45,stress27,scheduled_flatten,5,0.6378001780109194
previous_payoff_4_45,stress27,structural,7,-0.011853837563958367
previous_payoff_4_45,stress27,trailing,1,-0.8557238077416309
previous_payoff_4_45,all83,failed_followthrough,54,-0.15246998744371407
previous_payoff_4_45,all83,scheduled_flatten,23,0.850176392878258
previous_payoff_4_45,all83,structural,22,0.18561825901742912
previous_payoff_4_45,all83,trailing,4,-0.3753176039382659
ablation_no_confirmations,fit28,failed_followthrough,31,-0.06283084507919616
ablation_no_confirmations,fit28,scheduled_flatten,15,1.0398901738881967
ablation_no_confirmations,fit28,soft_failure_loss,134,-0.1321226315776033
ablation_no_confirmations,fit28,trailing,6,0.006715089983870526
ablation_no_confirmations,validation28,failed_followthrough,31,-0.062486535635962744
ablation_no_confirmations,validation28,scheduled_flatten,20,1.2494664178018602
ablation_no_confirmations,validation28,soft_failure_loss,159,-0.16039525248168165
ablation_no_confirmations,validation28,trailing,6,0.335121264949619
ablation_no_confirmations,development56,failed_followthrough,62,-0.06265869035757947
ablation_no_confirmations,development56,scheduled_flatten,35,1.1596480275531473
ablation_no_confirmations,development56,soft_failure_loss,293,-0.1474651118634342
ablation_no_confirmations,development56,trailing,12,0.17091817746674481
ablation_no_confirmations,stress27,failed_followthrough,35,-0.04423050117130809
ablation_no_confirmations,stress27,scheduled_flatten,23,0.6794880738844828
ablation_no_confirmations,stress27,soft_failure_loss,138,-0.11654663948580665
ablation_no_confirmations,stress27,trailing,7,0.005150403699228246
ablation_no_confirmations,all83,failed_followthrough,97,-0.0560093437439764
ablation_no_confirmations,all83,scheduled_flatten,58,0.9692397700638493
ablation_no_confirmations,all83,soft_failure_loss,431,-0.1375654617750059
ablation_no_confirmations,all83,trailing,19,0.10984583976292293
ablation_without_rvol,fit28,failed_followthrough,24,-0.0626462101554978
ablation_without_rvol,fit28,scheduled_flatten,10,1.342193584259905
ablation_without_rvol,fit28,soft_failure_loss,82,-0.13336665417933907
ablation_without_rvol,fit28,trailing,2,-0.20556100516488982
ablation_without_rvol,validation28,failed_followthrough,27,-0.057187790055136585
ablation_without_rvol,validation28,scheduled_flatten,14,1.2709435869859689
ablation_without_rvol,validation28,soft_failure_loss,112,-0.15651566972927197
ablation_without_rvol,validation28,trailing,5,0.6283544846046257
ablation_without_rvol,development56,failed_followthrough,51,-0.05975645833765952
ablation_without_rvol,development56,scheduled_flatten,24,1.300631085850109
ablation_without_rvol,development56,soft_failure_loss,194,-0.14673103429064055
ablation_without_rvol,development56,trailing,7,0.3900929160990497
ablation_without_rvol,stress27,failed_followthrough,34,-0.054062696049104964
ablation_without_rvol,stress27,scheduled_flatten,15,0.9620751036416072
ablation_without_rvol,stress27,soft_failure_loss,107,-0.11118347120716383
ablation_without_rvol,stress27,trailing,3,0.40249977940645554
ablation_without_rvol,all83,failed_followthrough,85,-0.057478953422237675
ablation_without_rvol,all83,scheduled_flatten,39,1.1704172465391465
ablation_without_rvol,all83,soft_failure_loss,301,-0.1340945251546538
ablation_without_rvol,all83,trailing,10,0.3938149750912715
ablation_without_rsi,fit28,failed_followthrough,27,-0.05344738348982452
ablation_without_rsi,fit28,scheduled_flatten,4,0.9896832387318384
ablation_without_rsi,fit28,soft_failure_loss,80,-0.12707137639218188
ablation_without_rsi,fit28,trailing,3,-0.38810371766554097
ablation_without_rsi,validation28,failed_followthrough,23,-0.09024331208507962
ablation_without_rsi,validation28,scheduled_flatten,20,0.8463737711665204
ablation_without_rsi,validation28,soft_failure_loss,112,-0.1568945184546314
ablation_without_rsi,validation28,trailing,7,-0.12461641193164832
ablation_without_rsi,development56,failed_followthrough,50,-0.07037351064364189
ablation_without_rsi,development56,scheduled_flatten,24,0.8702586824274068
ablation_without_rsi,development56,soft_failure_loss,192,-0.1444682092619441
ablation_without_rsi,development56,trailing,10,-0.2036626036518161
ablation_without_rsi,stress27,failed_followthrough,26,-0.03887316393767967
ablation_without_rsi,stress27,scheduled_flatten,13,0.35728072414025774
ablation_without_rsi,stress27,soft_failure_loss,111,-0.1063292347264108
ablation_without_rsi,stress27,trailing,3,0.39580835419448485
ablation_without_rsi,all83,failed_followthrough,76,-0.05959707624423376
ablation_without_rsi,all83,scheduled_flatten,37,0.6900231835697597
ablation_without_rsi,all83,soft_failure_loss,303,-0.13049650571922397
ablation_without_rsi,all83,trailing,13,-0.06532315184113127
ablation_previous_entry,fit28,failed_followthrough,7,-0.04058403013587028
ablation_previous_entry,fit28,scheduled_flatten,3,1.0369849790653323
ablation_previous_entry,fit28,soft_failure_loss,17,-0.09209287188672917
ablation_previous_entry,validation28,failed_followthrough,14,-0.042780896857819294
ablation_previous_entry,validation28,scheduled_flatten,2,1.922517992997285
ablation_previous_entry,validation28,soft_failure_loss,25,-0.11644994563844299
ablation_previous_entry,development56,failed_followthrough,21,-0.042048607950502956
ablation_previous_entry,development56,scheduled_flatten,5,1.3911981846381136
ablation_previous_entry,development56,soft_failure_loss,42,-0.10659113007227311
ablation_previous_entry,stress27,failed_followthrough,10,-0.04952773930978481
ablation_previous_entry,stress27,scheduled_flatten,3,0.31991202927514517
ablation_previous_entry,stress27,soft_failure_loss,21,-0.08183747454268521
ablation_previous_entry,stress27,trailing,1,-1.263616764708968
ablation_previous_entry,all83,failed_followthrough,31,-0.04446123096962613
ablation_previous_entry,all83,scheduled_flatten,8,0.9894658763770005
ablation_previous_entry,all83,soft_failure_loss,63,-0.0983399115624105
ablation_previous_entry,all83,trailing,1,-1.263616764708968
ablation_previous_exit,fit28,failed_followthrough,21,-0.25233101396861685
ablation_previous_exit,fit28,scheduled_flatten,7,1.686496298270657
ablation_previous_exit,fit28,structural,32,-0.12791285215024903
ablation_previous_exit,fit28,trailing,2,-0.37565505812967487
ablation_previous_exit,validation28,failed_followthrough,33,-0.3168844061732097
ablation_previous_exit,validation28,scheduled_flatten,14,0.683956396404868
ablation_previous_exit,validation28,structural,51,0.0005762657792012083
ablation_previous_exit,validation28,trailing,5,-0.8428440830989024
ablation_previous_exit,development56,failed_followthrough,54,-0.2917803092047569
ablation_previous_exit,development56,scheduled_flatten,21,1.0181363636934646
ablation_previous_exit,development56,structural,83,-0.04896170739841819
ablation_previous_exit,development56,trailing,7,-0.7093615045362658
ablation_previous_exit,stress27,failed_followthrough,41,-0.16683179698172923
ablation_previous_exit,stress27,scheduled_flatten,14,0.4932616221462493
ablation_previous_exit,stress27,structural,27,-0.22546278918956697
ablation_previous_exit,stress27,trailing,7,-0.48468739819081147
ablation_previous_exit,all83,failed_followthrough,95,-0.2378551618242923
ablation_previous_exit,all83,scheduled_flatten,35,0.8081864670745784
ablation_previous_exit,all83,structural,110,-0.09228470020170014
ablation_previous_exit,all83,trailing,14,-0.5970244513635388
ablation_no_soft_loss,fit28,failed_followthrough,54,-0.1580391924488371
ablation_no_soft_loss,fit28,scheduled_flatten,6,3.4303437719327876
ablation_no_soft_loss,fit28,trailing,2,-0.3854656600240485
ablation_no_soft_loss,validation28,failed_followthrough,83,-0.17764807208343933
ablation_no_soft_loss,validation28,scheduled_flatten,16,1.4288881176287487
ablation_no_soft_loss,validation28,trailing,4,-0.25372627005617787
ablation_no_soft_loss,development56,failed_followthrough,137,-0.16991902463622383
ablation_no_soft_loss,development56,scheduled_flatten,22,1.9747396597116682
ablation_no_soft_loss,development56,trailing,6,-0.2976394000454681
ablation_no_soft_loss,stress27,failed_followthrough,76,-0.1211021169839202
ablation_no_soft_loss,stress27,scheduled_flatten,10,0.692292167627466
ablation_no_soft_loss,stress27,trailing,3,0.37003992194777297
ablation_no_soft_loss,all83,failed_followthrough,213,-0.15250078528610608
ablation_no_soft_loss,all83,scheduled_flatten,32,1.573974818435355
ablation_no_soft_loss,all83,trailing,9,-0.07507962604772107
ablation_no_fast_failure,fit28,scheduled_flatten,10,1.7379261323250073
ablation_no_fast_failure,fit28,soft_failure_loss,49,-0.10773502759508444
ablation_no_fast_failure,fit28,trailing,3,-1.1868294533568289
ablation_no_fast_failure,validation28,scheduled_flatten,21,0.7946587104233288
ablation_no_fast_failure,validation28,soft_failure_loss,75,-0.1559821386592922
ablation_no_fast_failure,validation28,trailing,7,-0.4798776016531889
ablation_no_fast_failure,development56,scheduled_flatten,31,1.0989385239399994
ablation_no_fast_failure,development56,soft_failure_loss,124,-0.136916747996823
ablation_no_fast_failure,development56,trailing,10,-0.6919631571642808
ablation_no_fast_failure,stress27,scheduled_flatten,15,0.34958310215838284
ablation_no_fast_failure,stress27,soft_failure_loss,72,-0.09697788926847531
ablation_no_fast_failure,stress27,trailing,2,0.802919516763548
ablation_no_fast_failure,all83,scheduled_flatten,46,0.8545834950981679
ablation_no_fast_failure,all83,soft_failure_loss,196,-0.1222453305047769
ablation_no_fast_failure,all83,trailing,12,-0.442816044842976
ablation_no_structure,fit28,failed_followthrough,15,-0.05232725959846811
ablation_no_structure,fit28,scheduled_flatten,5,3.2820354589769467
ablation_no_structure,fit28,soft_failure_loss,41,-0.11113717483170991
ablation_no_structure,fit28,trailing,1,-0.15139940364885576
ablation_no_structure,validation28,failed_followthrough,20,-0.06493715433565125
ablation_no_structure,validation28,scheduled_flatten,12,1.5391107614055066
ablation_no_structure,validation28,soft_failure_loss,68,-0.1535397989672007
ablation_no_structure,validation28,trailing,3,-0.22701486542403065
ablation_no_structure,development56,failed_followthrough,35,-0.05953291373400135
ablation_no_structure,development56,scheduled_flatten,17,2.0517356724559304
ablation_no_structure,development56,soft_failure_loss,109,-0.13759018805385098
ablation_no_structure,development56,trailing,4,-0.20811099998023697
ablation_no_structure,stress27,failed_followthrough,16,-0.03662737744052517
ablation_no_structure,stress27,scheduled_flatten,9,0.7938419079852288
ablation_no_structure,stress27,soft_failure_loss,63,-0.09689530291063259
ablation_no_structure,stress27,trailing,1,1.8832477854246663
ablation_no_structure,all83,failed_followthrough,51,-0.05234686313212647
ablation_no_structure,all83,scheduled_flatten,26,1.6163109078314566
ablation_no_structure,all83,soft_failure_loss,172,-0.12268450337930006
ablation_no_structure,all83,trailing,5,0.21016075710074367
ablation_no_trailing,fit28,failed_followthrough,15,-0.05232725959846811
ablation_no_trailing,fit28,scheduled_flatten,6,2.3861410533337057
ablation_no_trailing,fit28,soft_failure_loss,41,-0.11113717483170991
ablation_no_trailing,validation28,failed_followthrough,20,-0.06493715433565125
ablation_no_trailing,validation28,scheduled_flatten,15,1.4267286575610798
ablation_no_trailing,validation28,soft_failure_loss,68,-0.1535397989672007
ablation_no_trailing,development56,failed_followthrough,35,-0.05953291373400135
ablation_no_trailing,development56,scheduled_flatten,21,1.7008464849246876
ablation_no_trailing,development56,soft_failure_loss,109,-0.13759018805385098
ablation_no_trailing,stress27,failed_followthrough,16,-0.03662737744052517
ablation_no_trailing,stress27,scheduled_flatten,10,0.8880198339224561
ablation_no_trailing,stress27,soft_failure_loss,63,-0.09689530291063259
ablation_no_trailing,all83,failed_followthrough,51,-0.05234686313212647
ablation_no_trailing,all83,scheduled_flatten,31,1.4386443394400965
ablation_no_trailing,all83,soft_failure_loss,172,-0.12268450337930006
ablation_no_expanded_trail,fit28,failed_followthrough,15,-0.05232725959846811
ablation_no_expanded_trail,fit28,scheduled_flatten,5,3.2820354589769467
ablation_no_expanded_trail,fit28,soft_failure_loss,41,-0.11113717483170991
ablation_no_expanded_trail,fit28,trailing,1,-0.15139940364885576
ablation_no_expanded_trail,validation28,failed_followthrough,20,-0.06493715433565125
ablation_no_expanded_trail,validation28,scheduled_flatten,12,1.5391107614055066
ablation_no_expanded_trail,validation28,soft_failure_loss,68,-0.1535397989672007
ablation_no_expanded_trail,validation28,trailing,3,-0.22701486542403065
ablation_no_expanded_trail,development56,failed_followthrough,35,-0.05953291373400135
ablation_no_expanded_trail,development56,scheduled_flatten,17,2.0517356724559304
ablation_no_expanded_trail,development56,soft_failure_loss,109,-0.13759018805385098
ablation_no_expanded_trail,development56,trailing,4,-0.20811099998023697
ablation_no_expanded_trail,stress27,failed_followthrough,16,-0.03662737744052517
ablation_no_expanded_trail,stress27,scheduled_flatten,9,0.7938419079852288
ablation_no_expanded_trail,stress27,soft_failure_loss,63,-0.09689530291063259
ablation_no_expanded_trail,stress27,trailing,1,1.8832477854246663
ablation_no_expanded_trail,all83,failed_followthrough,51,-0.05234686313212647
ablation_no_expanded_trail,all83,scheduled_flatten,26,1.6163109078314566
ablation_no_expanded_trail,all83,soft_failure_loss,172,-0.12268450337930006
ablation_no_expanded_trail,all83,trailing,5,0.21016075710074367
ablation_no_stall,fit28,failed_followthrough,15,-0.05232725959846811
ablation_no_stall,fit28,scheduled_flatten,5,3.2820354589769467
ablation_no_stall,fit28,soft_failure_loss,41,-0.11113717483170991
ablation_no_stall,fit28,trailing,1,-0.15139940364885576
ablation_no_stall,validation28,failed_followthrough,20,-0.06493715433565125
ablation_no_stall,validation28,scheduled_flatten,12,1.5391107614055066
ablation_no_stall,validation28,soft_failure_loss,68,-0.1535397989672007
ablation_no_stall,validation28,trailing,3,-0.22701486542403065
ablation_no_stall,development56,failed_followthrough,35,-0.05953291373400135
ablation_no_stall,development56,scheduled_flatten,17,2.0517356724559304
ablation_no_stall,development56,soft_failure_loss,109,-0.13759018805385098
ablation_no_stall,development56,trailing,4,-0.20811099998023697
ablation_no_stall,stress27,failed_followthrough,16,-0.03662737744052517
ablation_no_stall,stress27,scheduled_flatten,9,0.7938419079852288
ablation_no_stall,stress27,soft_failure_loss,63,-0.09689530291063259
ablation_no_stall,stress27,trailing,1,1.8832477854246663
ablation_no_stall,all83,failed_followthrough,51,-0.05234686313212647
ablation_no_stall,all83,scheduled_flatten,26,1.6163109078314566
ablation_no_stall,all83,soft_failure_loss,172,-0.12268450337930006
ablation_no_stall,all83,trailing,5,0.21016075710074367
ablation_no_late_tightening,fit28,failed_followthrough,15,-0.05232725959846811
ablation_no_late_tightening,fit28,scheduled_flatten,5,3.2820354589769467
ablation_no_late_tightening,fit28,soft_failure_loss,41,-0.11113717483170991
ablation_no_late_tightening,fit28,trailing,1,-0.15139940364885576
ablation_no_late_tightening,validation28,failed_followthrough,20,-0.06493715433565125
ablation_no_late_tightening,validation28,scheduled_flatten,12,1.5391107614055066
ablation_no_late_tightening,validation28,soft_failure_loss,68,-0.1535397989672007
ablation_no_late_tightening,validation28,trailing,3,-0.22701486542403065
ablation_no_late_tightening,development56,failed_followthrough,35,-0.05953291373400135
ablation_no_late_tightening,development56,scheduled_flatten,17,2.0517356724559304
ablation_no_late_tightening,development56,soft_failure_loss,109,-0.13759018805385098
ablation_no_late_tightening,development56,trailing,4,-0.20811099998023697
ablation_no_late_tightening,stress27,failed_followthrough,16,-0.03662737744052517
ablation_no_late_tightening,stress27,scheduled_flatten,9,0.7938419079852288
ablation_no_late_tightening,stress27,soft_failure_loss,63,-0.09689530291063259
ablation_no_late_tightening,stress27,trailing,1,1.8832477854246663
ablation_no_late_tightening,all83,failed_followthrough,51,-0.05234686313212647
ablation_no_late_tightening,all83,scheduled_flatten,26,1.6163109078314566
ablation_no_late_tightening,all83,soft_failure_loss,172,-0.12268450337930006
ablation_no_late_tightening,all83,trailing,5,0.21016075710074367
ablation_flatten1545,fit28,failed_followthrough,15,-0.05232725959846811
ablation_flatten1545,fit28,scheduled_flatten,5,3.2820354589769467
ablation_flatten1545,fit28,soft_failure_loss,41,-0.11113717483170991
ablation_flatten1545,fit28,trailing,1,-0.15139940364885576
ablation_flatten1545,validation28,failed_followthrough,20,-0.06493715433565125
ablation_flatten1545,validation28,scheduled_flatten,12,1.5391107614055066
ablation_flatten1545,validation28,soft_failure_loss,68,-0.1535397989672007
ablation_flatten1545,validation28,trailing,3,-0.22701486542403065
ablation_flatten1545,development56,failed_followthrough,35,-0.05953291373400135
ablation_flatten1545,development56,scheduled_flatten,17,2.0517356724559304
ablation_flatten1545,development56,soft_failure_loss,109,-0.13759018805385098
ablation_flatten1545,development56,trailing,4,-0.20811099998023697
ablation_flatten1545,stress27,failed_followthrough,16,-0.03662737744052517
ablation_flatten1545,stress27,scheduled_flatten,9,0.7938419079852288
ablation_flatten1545,stress27,soft_failure_loss,63,-0.09689530291063259
ablation_flatten1545,stress27,trailing,1,1.8832477854246663
ablation_flatten1545,all83,failed_followthrough,51,-0.05234686313212647
ablation_flatten1545,all83,scheduled_flatten,26,1.6163109078314566
ablation_flatten1545,all83,soft_failure_loss,172,-0.12268450337930006
ablation_flatten1545,all83,trailing,5,0.21016075710074367
ablation_safety_08,fit28,failed_followthrough,15,-0.05232725959846811
ablation_safety_08,fit28,scheduled_flatten,5,3.2820354589769467
ablation_safety_08,fit28,soft_failure_loss,41,-0.11113717483170991
ablation_safety_08,fit28,trailing,1,-0.15139940364885576
ablation_safety_08,validation28,failed_followthrough,20,-0.06493715433565125
ablation_safety_08,validation28,scheduled_flatten,12,1.5391107614055066
ablation_safety_08,validation28,soft_failure_loss,68,-0.1535397989672007
ablation_safety_08,validation28,trailing,3,-0.22701486542403065
ablation_safety_08,development56,failed_followthrough,35,-0.05953291373400135
ablation_safety_08,development56,scheduled_flatten,17,2.0517356724559304
ablation_safety_08,development56,soft_failure_loss,109,-0.13759018805385098
ablation_safety_08,development56,trailing,4,-0.20811099998023697
ablation_safety_08,stress27,failed_followthrough,16,-0.03662737744052517
ablation_safety_08,stress27,scheduled_flatten,9,0.7938419079852288
ablation_safety_08,stress27,soft_failure_loss,63,-0.09689530291063259
ablation_safety_08,stress27,trailing,1,1.8832477854246663
ablation_safety_08,all83,failed_followthrough,51,-0.05234686313212647
ablation_safety_08,all83,scheduled_flatten,26,1.6163109078314566
ablation_safety_08,all83,soft_failure_loss,172,-0.12268450337930006
ablation_safety_08,all83,trailing,5,0.21016075710074367
ablation_soft_loss_always_active,fit28,failed_followthrough,12,-0.03108327556447012
ablation_soft_loss_always_active,fit28,scheduled_flatten,2,3.4425993815487903
ablation_soft_loss_always_active,fit28,soft_failure_loss,48,-0.11365084817107765
ablation_soft_loss_always_active,validation28,failed_followthrough,13,-0.04822313008811487
ablation_soft_loss_always_active,validation28,scheduled_flatten,8,1.816357964667693
ablation_soft_loss_always_active,validation28,soft_failure_loss,81,-0.14335492268941757
ablation_soft_loss_always_active,validation28,trailing,1,0.23549621838488316
ablation_soft_loss_always_active,development56,failed_followthrough,25,-0.03999599991676538
ablation_soft_loss_always_active,development56,scheduled_flatten,10,2.1416062480439124
ablation_soft_loss_always_active,development56,soft_failure_loss,129,-0.13230224379887248
ablation_soft_loss_always_active,development56,trailing,1,0.23549621838488316
ablation_soft_loss_always_active,stress27,failed_followthrough,15,-0.03694384234097765
ablation_soft_loss_always_active,stress27,scheduled_flatten,5,1.299961824091304
ablation_soft_loss_always_active,stress27,soft_failure_loss,68,-0.09430422789118588
ablation_soft_loss_always_active,stress27,trailing,1,1.8832477854246663
ablation_soft_loss_always_active,all83,failed_followthrough,40,-0.038851440825844984
ablation_soft_loss_always_active,all83,scheduled_flatten,15,1.861058106726376
ablation_soft_loss_always_active,all83,soft_failure_loss,197,-0.1191861773941888
ablation_soft_loss_always_active,all83,trailing,2,1.0593720019047748
ablation_entry_after1045,fit28,failed_followthrough,6,-0.03054419639477131
ablation_entry_after1045,fit28,scheduled_flatten,3,5.168837378962097
ablation_entry_after1045,fit28,soft_failure_loss,26,-0.09678130892957591
ablation_entry_after1045,fit28,trailing,1,-0.15139940364885576
ablation_entry_after1045,validation28,failed_followthrough,17,-0.04855458627589771
ablation_entry_after1045,validation28,scheduled_flatten,8,0.9082478435446353
ablation_entry_after1045,validation28,soft_failure_loss,40,-0.12116436286139713
ablation_entry_after1045,validation28,trailing,1,0.41469145290717013
ablation_entry_after1045,development56,failed_followthrough,23,-0.04385622369821256
ablation_entry_after1045,development56,scheduled_flatten,11,2.0702268077493975
ablation_entry_after1045,development56,soft_failure_loss,66,-0.11155891737310393
ablation_entry_after1045,development56,trailing,2,0.13164602462915717
ablation_entry_after1045,stress27,failed_followthrough,14,-0.040933816055220486
ablation_entry_after1045,stress27,scheduled_flatten,4,1.0409433843656488
ablation_entry_after1045,stress27,soft_failure_loss,41,-0.11175016824887472
ablation_entry_after1045,all83,failed_followthrough,37,-0.04275044783329663
ablation_entry_after1045,all83,scheduled_flatten,15,1.7957512281803978
ablation_entry_after1045,all83,soft_failure_loss,107,-0.11163220041896002
ablation_entry_after1045,all83,trailing,2,0.13164602462915717
