variation,id,period,jobs,trades,trade_rate_pct,cost_bps,win_rate_pct,avg_win_pct,avg_loss_pct,payoff_ratio,profit_factor,mean_trade_pct,mean_job_bps,mean_gross_points,worst_stream_mdd_pct,p05_pct,cvar05_pct,worst_trade_pct,trim_top1_mean_pct,held_until_flatten_pct,unclosed_after_day_pct
selected,f634ff0af0eb,development56,1120,165,14.732142857142858,2,10.303030303030303,2.0666635030730522,-0.12275134864170154,16.836177573131426,1.9338852617786095,0.10282472698951552,1.5148285672562556,1.106464821521211,-1.607457260523748,-0.3578778029661919,-0.44989193992784127,-0.6087414519270011,0.019915002656906617,10.303030303030303,0.0
selected,f634ff0af0eb,development56,1120,165,14.732142857142858,5,10.303030303030303,2.036663503073053,-0.15275134864170153,13.333194902588492,1.5315156307027322,0.07282472698951552,1.0728642815419696,1.106464821521211,-1.8143739182192142,-0.3878778029661919,-0.4798919399278413,-0.6387414519270012,-0.010084997343093384,10.303030303030303,0.0
selected,f634ff0af0eb,stress27,540,89,16.48148148148148,2,10.112359550561798,1.0268772759338798,-0.08630640810664308,11.898042085878904,1.3385297346613767,0.026262728481724378,0.4328486731247166,-0.025923931617978853,-0.9116552488847907,-0.1799157728403339,-0.2303568686430293,-0.2856913892325098,-0.015986324256220614,10.112359550561797,0.0
selected,f634ff0af0eb,stress27,540,89,16.48148148148148,5,10.112359550561798,0.9968772759338795,-0.1163064081066431,8.571129417218591,0.9642520594370917,-0.003737271518275632,-0.06159577131972801,-0.025923931617978853,-1.0901526257262706,-0.2099157728403339,-0.2603568686430293,-0.3156913892325098,-0.045986324256220616,10.112359550561797,0.0
selected,f634ff0af0eb,all83,1660,254,15.301204819277109,2,10.236220472440944,1.706737501371031,-0.1099636502083477,15.520924397628509,1.7699299751681634,0.07599788499269108,1.162859204105032,0.709682935578739,-2.4226534026315694,-0.29908251259338203,-0.41139773838384613,-0.6087414519270011,0.0003799745327201896,10.236220472440944,0.0
selected,f634ff0af0eb,all83,1660,254,15.301204819277109,5,10.236220472440944,1.676737501371031,-0.13996365020834772,11.979806891825598,1.3661183297695858,0.04599788499269105,0.7038230595267185,0.709682935578739,-2.7740693793072646,-0.329082512593382,-0.44139773838384616,-0.6387414519270012,-0.029620025467279813,10.236220472440944,0.0
entry_cap_daily_atr_x0.8,536f0789fb0d,development56,1120,94,8.392857142857142,2,9.574468085106384,2.683221279497912,-0.08965879807445773,29.927027097436813,3.1687440456109566,0.1758297199909819,1.4757137213528837,1.4560309514574399,-1.0824824454200632,-0.2254329135427286,-0.28991315505490034,-0.4078838125129604,0.09245168008465274,11.702127659574469,0.0
entry_cap_daily_atr_x0.8,536f0789fb0d,development56,1120,94,8.392857142857142,5,9.574468085106384,2.6532212794979113,-0.11965879807445771,22.17322355057372,2.347753081825453,0.1458297199909819,1.2239280070671696,1.4560309514574399,-1.231092781820864,-0.25543291354272857,-0.3199131550549003,-0.4378838125129604,0.06245168008465274,11.702127659574469,0.0
entry_cap_daily_atr_x0.8,536f0789fb0d,stress27,540,54,10.0,2,7.407407407407407,1.5210026753598438,-0.0726004486799294,20.950320597403266,1.6760256477922613,0.045444227174868616,0.4544422717486862,0.02788659737036354,-0.6467133868835795,-0.17273697439993516,-0.2195800080276076,-0.2606280220717912,-0.024343228339207146,5.555555555555555,0.0
entry_cap_daily_atr_x0.8,536f0789fb0d,stress27,540,54,10.0,5,7.407407407407407,1.4910026753598438,-0.1026004486799294,14.53212626789918,1.1625701014319343,0.015444227174868616,0.15444227174868613,0.02788659737036354,-0.766077082781369,-0.20273697439993515,-0.2495800080276076,-0.2906280220717912,-0.054343228339207135,5.555555555555555,0.0
entry_cap_daily_atr_x0.8,536f0789fb0d,all83,1660,148,8.91566265060241,2,8.783783783783784,2.3256155551477367,-0.08334089089129909,27.904855950976334,2.6871342767606845,0.12825663477429192,1.1434928883491087,0.9349512546959391,-1.7221952734184365,-0.206261944775002,-0.26689155312680835,-0.4078838125129604,0.036041420728773435,9.45945945945946,0.0
entry_cap_daily_atr_x0.8,536f0789fb0d,all83,1660,148,8.91566265060241,5,8.783783783783784,2.2956155551477364,-0.11334089089129909,20.25408073904566,1.9503929600562488,0.09825663477429189,0.8760230088310362,0.9349512546959391,-1.987738744932932,-0.23626194477500204,-0.2968915531268083,-0.4378838125129604,0.006041420728773423,9.45945945945946,0.0
entry_cap_daily_atr_x1.2,15e00a183628,development56,1120,239,21.339285714285715,2,9.623430962343097,1.669610926676951,-0.1392668371642437,11.988575031024098,1.276561230155344,0.03480926563218926,0.742804864829753,0.6123574245523006,-2.652299968861227,-0.4216581972516365,-0.5917378726814024,-1.4568974819279306,-0.03668508660029157,8.786610878661087,0.0
entry_cap_daily_atr_x1.2,15e00a183628,development56,1120,239,21.339285714285715,5,9.205020920502092,1.7149646006966164,-0.1685705379227296,10.173572569856379,1.031422103856407,0.004809265632189265,0.10262629340118165,0.6123574245523006,-2.857331466291879,-0.4516581972516366,-0.6217378726814023,-1.4868974819279306,-0.0666850866002916,8.786610878661087,0.0
entry_cap_daily_atr_x1.2,15e00a183628,stress27,540,139,25.74074074074074,2,10.79136690647482,1.036192951178606,-0.08990153800463607,11.525864564465751,1.3942578102176315,0.03161945003672099,0.8139080657600402,0.0985370594604291,-1.445421567841343,-0.18199188808568348,-0.261912659083051,-0.4421344367892838,-0.011014901777816406,10.071942446043165,0.0
entry_cap_daily_atr_x1.2,15e00a183628,stress27,540,139,25.74074074074074,5,10.79136690647482,1.006192951178606,-0.1199015380046361,8.391826893327263,1.0151403499992655,0.0016194500367209777,0.041685843537817756,0.0985370594604291,-1.7116296742586745,-0.2119918880856835,-0.291912659083051,-0.47213443678928385,-0.0410149017778164,10.071942446043165,0.0
entry_cap_daily_atr_x1.2,15e00a183628,all83,1660,378,22.771084337349397,2,10.052910052910052,1.4195775152960255,-0.1212630221766221,11.706598514659989,1.3083845398737635,0.03363629111427898,0.7659348217588827,0.4234128987645489,-2.652299968861227,-0.3426573655181502,-0.5173875314840848,-1.4568974819279306,-0.021408439176431766,9.25925925925926,0.0
entry_cap_daily_atr_x1.2,15e00a183628,all83,1660,378,22.771084337349397,5,9.788359788359788,1.427624742783909,-0.1508727197706956,9.462444535723153,1.0267168557822777,0.003636291114278964,0.08280229163840051,0.4234128987645489,-2.857331466291879,-0.37265736551815015,-0.5473875314840847,-1.4868974819279306,-0.0514084391764318,9.25925925925926,0.0
entry_retest_depth_x0.8,9c4a8d1e3f21,development56,1120,165,14.732142857142858,2,10.303030303030303,2.0666635030730522,-0.12275134864170154,16.836177573131426,1.9338852617786095,0.10282472698951552,1.5148285672562556,1.106464821521211,-1.607457260523748,-0.3578778029661919,-0.44989193992784127,-0.6087414519270011,0.019915002656906617,10.303030303030303,0.0
entry_retest_depth_x0.8,9c4a8d1e3f21,development56,1120,165,14.732142857142858,5,10.303030303030303,2.036663503073053,-0.15275134864170153,13.333194902588492,1.5315156307027322,0.07282472698951552,1.0728642815419696,1.106464821521211,-1.8143739182192142,-0.3878778029661919,-0.4798919399278413,-0.6387414519270012,-0.010084997343093384,10.303030303030303,0.0
entry_retest_depth_x0.8,9c4a8d1e3f21,stress27,540,89,16.48148148148148,2,10.112359550561798,1.0268772759338798,-0.08630640810664308,11.898042085878904,1.3385297346613767,0.026262728481724378,0.4328486731247166,-0.025923931617978853,-0.9116552488847907,-0.1799157728403339,-0.2303568686430293,-0.2856913892325098,-0.015986324256220614,10.112359550561797,0.0
entry_retest_depth_x0.8,9c4a8d1e3f21,stress27,540,89,16.48148148148148,5,10.112359550561798,0.9968772759338795,-0.1163064081066431,8.571129417218591,0.9642520594370917,-0.003737271518275632,-0.06159577131972801,-0.025923931617978853,-1.0901526257262706,-0.2099157728403339,-0.2603568686430293,-0.3156913892325098,-0.045986324256220616,10.112359550561797,0.0
entry_retest_depth_x0.8,9c4a8d1e3f21,all83,1660,254,15.301204819277109,2,10.236220472440944,1.706737501371031,-0.1099636502083477,15.520924397628509,1.7699299751681634,0.07599788499269108,1.162859204105032,0.709682935578739,-2.4226534026315694,-0.29908251259338203,-0.41139773838384613,-0.6087414519270011,0.0003799745327201896,10.236220472440944,0.0
entry_retest_depth_x0.8,9c4a8d1e3f21,all83,1660,254,15.301204819277109,5,10.236220472440944,1.676737501371031,-0.13996365020834772,11.979806891825598,1.3661183297695858,0.04599788499269105,0.7038230595267185,0.709682935578739,-2.7740693793072646,-0.329082512593382,-0.44139773838384616,-0.6387414519270012,-0.029620025467279813,10.236220472440944,0.0
entry_retest_depth_x1.2,56424fe5efd9,development56,1120,165,14.732142857142858,2,10.303030303030303,2.0666635030730522,-0.12275134864170154,16.836177573131426,1.9338852617786095,0.10282472698951552,1.5148285672562556,1.106464821521211,-1.607457260523748,-0.3578778029661919,-0.44989193992784127,-0.6087414519270011,0.019915002656906617,10.303030303030303,0.0
entry_retest_depth_x1.2,56424fe5efd9,development56,1120,165,14.732142857142858,5,10.303030303030303,2.036663503073053,-0.15275134864170153,13.333194902588492,1.5315156307027322,0.07282472698951552,1.0728642815419696,1.106464821521211,-1.8143739182192142,-0.3878778029661919,-0.4798919399278413,-0.6387414519270012,-0.010084997343093384,10.303030303030303,0.0
entry_retest_depth_x1.2,56424fe5efd9,stress27,540,89,16.48148148148148,2,10.112359550561798,1.0268772759338798,-0.08630640810664308,11.898042085878904,1.3385297346613767,0.026262728481724378,0.4328486731247166,-0.025923931617978853,-0.9116552488847907,-0.1799157728403339,-0.2303568686430293,-0.2856913892325098,-0.015986324256220614,10.112359550561797,0.0
entry_retest_depth_x1.2,56424fe5efd9,stress27,540,89,16.48148148148148,5,10.112359550561798,0.9968772759338795,-0.1163064081066431,8.571129417218591,0.9642520594370917,-0.003737271518275632,-0.06159577131972801,-0.025923931617978853,-1.0901526257262706,-0.2099157728403339,-0.2603568686430293,-0.3156913892325098,-0.045986324256220616,10.112359550561797,0.0
entry_retest_depth_x1.2,56424fe5efd9,all83,1660,254,15.301204819277109,2,10.236220472440944,1.706737501371031,-0.1099636502083477,15.520924397628509,1.7699299751681634,0.07599788499269108,1.162859204105032,0.709682935578739,-2.4226534026315694,-0.29908251259338203,-0.41139773838384613,-0.6087414519270011,0.0003799745327201896,10.236220472440944,0.0
entry_retest_depth_x1.2,56424fe5efd9,all83,1660,254,15.301204819277109,5,10.236220472440944,1.676737501371031,-0.13996365020834772,11.979806891825598,1.3661183297695858,0.04599788499269105,0.7038230595267185,0.709682935578739,-2.7740693793072646,-0.329082512593382,-0.44139773838384616,-0.6387414519270012,-0.029620025467279813,10.236220472440944,0.0
indicator_rvol_min_x0.8,5d4f87eca289,development56,1120,199,17.767857142857142,2,7.035175879396985,1.3749697739578781,-0.12940760427583084,10.625108019364498,0.8040622284924486,-0.023572009827228204,-0.4188241031802154,0.12060094368844268,-3.19640960213482,-0.3621459296381364,-0.4533045068743825,-0.5234831281584792,-0.06656486836712089,8.040201005025125,0.0
indicator_rvol_min_x0.8,5d4f87eca289,development56,1120,199,17.767857142857142,5,7.035175879396985,1.344969773957878,-0.15940760427583084,8.43729996487878,0.6384983757205563,-0.053572009827228206,-0.9518598174659297,0.12060094368844268,-3.6320529690515246,-0.39214592963813644,-0.4833045068743826,-0.5534831281584792,-0.09656486836712087,8.040201005025125,0.0
indicator_rvol_min_x0.8,5d4f87eca289,stress27,540,115,21.296296296296298,2,11.304347826086957,1.0484548997590686,-0.09624025905802211,10.894140456614602,1.3884688817253905,0.03316006324304029,0.7061865320277099,0.03729271623478138,-1.159414153209759,-0.21149232385952615,-0.3238038063997839,-0.5984318298428156,-0.019691336814561155,11.304347826086957,0.0
indicator_rvol_min_x0.8,5d4f87eca289,stress27,540,115,21.296296296296298,5,11.304347826086957,1.0184548997590683,-0.12624025905802214,8.067591965974733,1.028222505467368,0.003160063243040286,0.06729764313882092,0.03729271623478138,-1.3079322609232946,-0.24149232385952615,-0.3538038063997839,-0.6284318298428156,-0.04969133681456115,11.304347826086957,0.0
indicator_rvol_min_x0.8,5d4f87eca289,all83,1660,314,18.91566265060241,2,8.598726114649681,1.217758908602896,-0.11761990667228908,10.353340204526761,0.9740076150600088,-0.002794339753722211,-0.052856788112576755,0.09008996866560494,-3.19640960213482,-0.31310285075975564,-0.4293994698492465,-0.5984318298428156,-0.05017516189943079,9.235668789808917,0.0
indicator_rvol_min_x0.8,5d4f87eca289,all83,1660,314,18.91566265060241,5,8.598726114649681,1.1877589086028957,-0.14761990667228908,8.04606191250126,0.756946591071547,-0.03279433975372223,-0.6203266676306494,0.09008996866560494,-3.6320529690515246,-0.3431028507597556,-0.45939946984924657,-0.6284318298428156,-0.0801751618994308,9.235668789808917,0.0
indicator_rvol_min_x1.2,88acf72cb982,development56,1120,129,11.517857142857142,2,7.751937984496124,1.408855523878488,-0.12568447661415943,11.209463267317837,0.9419717031359528,-0.006727887428682862,-0.07749084627679367,0.08770178247286518,-2.264093090814001,-0.37708898603542856,-0.48206313880012186,-0.6317082240693118,-0.06739051239310367,7.751937984496124,0.0
indicator_rvol_min_x1.2,88acf72cb982,development56,1120,129,11.517857142857142,5,7.751937984496124,1.378855523878488,-0.1556844766141594,8.856730959090894,0.7442631058059574,-0.036727887428682875,-0.4230265605625081,0.08770178247286518,-2.469825538257775,-0.40708898603542854,-0.5120631388001218,-0.6617082240693118,-0.09739051239310366,7.751937984496124,0.0
indicator_rvol_min_x1.2,88acf72cb982,stress27,540,66,12.222222222222221,2,7.575757575757576,0.9789426157622134,-0.08424348861962312,11.620395021653758,0.952491395217521,-0.003699086772514286,-0.04521106055295238,-0.1368918369393994,-0.8798502082193793,-0.18371320815083594,-0.27709708801964067,-0.47394497208375064,-0.061358755329335796,7.575757575757576,0.0
indicator_rvol_min_x1.2,88acf72cb982,stress27,540,66,12.222222222222221,5,7.575757575757576,0.9489426157622135,-0.1142434886196231,8.306316860838736,0.6808456443310439,-0.0336990867725143,-0.4118777272196192,-0.1368918369393994,-0.9990038520581335,-0.21371320815083594,-0.3070970880196407,-0.5039449720837508,-0.09135875532933582,7.575757575757576,0.0
indicator_rvol_min_x1.2,88acf72cb982,all83,1660,195,11.74698795180723,2,7.6923076923076925,1.2655512211730633,-0.11164058623823322,11.33594209611606,0.9446618413430049,-0.00570275489890272,-0.0669901930895199,0.01168548051794486,-2.264093090814001,-0.34348469896905326,-0.45725941190177627,-0.6317082240693118,-0.05359777841939582,7.6923076923076925,0.0
indicator_rvol_min_x1.2,88acf72cb982,all83,1660,195,11.74698795180723,5,7.6923076923076925,1.2355512211730635,-0.14164058623823322,8.72314393767702,0.7269286614730851,-0.03570275489890273,-0.41939983164373695,0.01168548051794486,-2.469825538257775,-0.3734846989690533,-0.4872594119017762,-0.6617082240693118,-0.08359777841939582,7.6923076923076925,0.0
indicator_rsi_min_x0.8,129be352b13f,development56,1120,239,21.339285714285715,2,7.949790794979079,1.072355509014541,-0.1407835378365522,7.617051861983545,0.6578362971713062,-0.04434152155968707,-0.9462163975683223,-0.18167482093305534,-3.9282346407216173,-0.39501695205590903,-0.49799935422476643,-0.611974645270578,-0.07366937702074586,7.112970711297072,0.0
indicator_rsi_min_x0.8,129be352b13f,development56,1120,239,21.339285714285715,5,7.949790794979079,1.0423555090145407,-0.17078353783655223,6.103372270061083,0.5271094233234572,-0.07434152155968708,-1.586394968996894,-0.18167482093305534,-4.360802915073081,-0.42501695205590906,-0.5279993542247664,-0.6419746452705779,-0.10366937702074583,7.112970711297072,0.0
indicator_rsi_min_x0.8,129be352b13f,stress27,540,132,24.444444444444443,2,9.090909090909092,0.6059410075556818,-0.09865504641261912,6.142017358355578,0.6142017358355577,-0.03460085968822814,-0.8457987923789101,-0.2169081444621235,-1.6634351521652824,-0.2516313061891134,-0.30197167690643295,-0.4028668426604743,-0.06623482302703816,9.090909090909092,0.0
indicator_rsi_min_x0.8,129be352b13f,stress27,540,132,24.444444444444443,5,9.090909090909092,0.5759410075556817,-0.1286550464126191,4.476629744538266,0.44766297445382647,-0.06460085968822814,-1.579132125712243,-0.2169081444621235,-1.8996896811052544,-0.28163130618911336,-0.33197167690643303,-0.43286684266047426,-0.09623482302703815,9.090909090909092,0.0
indicator_rsi_min_x0.8,129be352b13f,all83,1660,371,22.349397590361445,2,8.355795148247978,0.8918079600627243,-0.1259146585104582,7.082638118648058,0.6457699461120288,-0.04087584132509792,-0.9135504296151402,-0.19421066650134913,-5.526326157013606,-0.38068499015542095,-0.4581047453426212,-0.611974645270578,-0.0658792136943299,7.816711590296496,0.0
indicator_rsi_min_x0.8,129be352b13f,all83,1660,371,22.349397590361445,5,8.355795148247978,0.8618079600627245,-0.1559146585104582,5.527433842950164,0.503971909210162,-0.07087584132509792,-1.5840323573259834,-0.19421066650134913,-6.177650873187346,-0.4106849901554209,-0.48810474534262116,-0.6419746452705779,-0.0958792136943299,7.816711590296496,0.0
indicator_rsi_min_x1.2,9d5ac8b84956,development56,1120,44,3.9285714285714284,2,11.363636363636363,1.56055937092715,-0.16307547243334203,9.569552966127613,1.2268657648881558,0.032792123403077515,0.1288261990835188,0.5417347199545461,-1.5358111990354972,-0.4850338915530902,-0.5484493143111357,-0.6317082240693118,-0.03468467494726773,11.363636363636363,0.0
indicator_rsi_min_x1.2,9d5ac8b84956,development56,1120,44,3.9285714285714284,5,11.363636363636363,1.5305593709271499,-0.19307547243334205,7.9272594889315355,1.0163153190937866,0.002792123403077488,0.010969056226375846,0.5417347199545461,-1.6543728580082573,-0.5150338915530902,-0.5784493143111358,-0.6617082240693118,-0.06468467494726775,11.363636363636363,0.0
indicator_rsi_min_x1.2,9d5ac8b84956,stress27,540,25,4.62962962962963,2,12.0,0.27798356825367315,-0.09981673841277201,2.7849394066967816,0.37976446454956114,-0.05448070161279858,-0.25222547042962307,-0.32618147780000756,-0.8967969002683485,-0.24143575818323554,-0.36728649707777095,-0.47394497208375064,-0.07591461044532742,12.0,0.0
indicator_rsi_min_x1.2,9d5ac8b84956,stress27,540,25,4.62962962962963,5,12.0,0.24798356825367313,-0.129816738412772,1.910258810117165,0.2604898377432498,-0.08448070161279858,-0.3911143593185119,-0.32618147780000756,-0.9862311735309937,-0.27143575818323556,-0.397286497077771,-0.5039449720837508,-0.10591461044532743,12.0,0.0
indicator_rsi_min_x1.2,9d5ac8b84956,all83,1660,69,4.156626506024097,2,11.594202898550725,1.079593444924596,-0.14026084704887418,7.697040675566501,1.0094479574513444,0.001171534629209373,0.004869631892496792,0.22727232946376585,-2.4188349920769125,-0.4667690884590941,-0.5298232287542894,-0.6317082240693118,-0.04196262592724231,11.594202898550725,0.0
indicator_rsi_min_x1.2,9d5ac8b84956,all83,1660,69,4.156626506024097,5,11.594202898550725,1.0495934449245963,-0.17026084704887415,6.16462012915574,0.8084747710368183,-0.028828465370790635,-0.11982916328822614,0.22727232946376585,-2.6242880906871435,-0.4967690884590942,-0.5598232287542896,-0.6617082240693118,-0.07196262592724231,11.594202898550725,0.0
exit_trail_x0.8,1ec4a590addd,development56,1120,165,14.732142857142858,2,10.303030303030303,2.019413307618257,-0.12155733275626227,16.61284648016615,1.9082323659650307,0.09902752110050642,1.4588875876413891,1.0815014699393932,-1.607457260523748,-0.3578778029661919,-0.4282724828464758,-0.5234831281584792,0.01607120528459675,7.878787878787878,0.0
exit_trail_x0.8,1ec4a590addd,development56,1120,165,14.732142857142858,5,9.696969696969697,2.1138415537565005,-0.1505498246880568,14.040810463488988,1.5077380363478108,0.06902752110050638,1.016923301927103,1.0815014699393932,-1.8143739182192142,-0.3878778029661919,-0.45827248284647576,-0.5534831281584792,-0.013928794715403266,7.878787878787878,0.0
exit_trail_x0.8,1ec4a590addd,stress27,540,89,16.48148148148148,2,7.865168539325842,1.2448267317292547,-0.0875875889641082,14.212364405182587,1.2132506199546111,0.017209043000538292,0.2836305235273903,-0.07615493003371007,-0.9116552488847907,-0.1799157728403339,-0.2303568686430293,-0.2856913892325098,-0.025142892526965624,6.741573033707865,0.0
exit_trail_x0.8,1ec4a590addd,stress27,540,89,16.48148148148148,5,7.865168539325842,1.2148267317292545,-0.11758758896410822,10.331249602371397,0.881935941665851,-0.012790956999461707,-0.21081392091705406,-0.07615493003371007,-1.0901526257262706,-0.2099157728403339,-0.2603568686430293,-0.3156913892325098,-0.05514289252696563,6.741573033707865,0.0
exit_trail_x0.8,1ec4a590addd,all83,1660,254,15.301204819277109,2,9.448818897637794,1.793492222983965,-0.10944638062166821,16.386948684796334,1.7099424714570086,0.07035884176626563,1.076575048712739,0.6758659597125972,-2.4226534026315694,-0.29908251259338203,-0.3964304219429008,-0.5234831281584792,-0.005326467616730284,7.480314960629922,0.0
exit_trail_x0.8,1ec4a590addd,all83,1660,254,15.301204819277109,5,9.05511811023622,1.8402283470525562,-0.13884894447436075,13.253455789808793,1.3196081522320444,0.04035884176626559,0.6175389041344252,0.6758659597125972,-2.7740693793072646,-0.329082512593382,-0.4264304219429008,-0.5534831281584792,-0.03532646761673028,7.480314960629922,0.0
exit_trail_x1.2,e619812de1d8,development56,1120,165,14.732142857142858,2,10.303030303030303,2.0609627760908333,-0.13345654783293756,15.442949855639679,1.773852348282936,0.09263514008648126,1.3647141173454826,1.0626466397030288,-2.417801934181063,-0.38339233318726307,-0.5950248069444098,-1.646964358498257,0.009600390147700153,10.303030303030303,0.0
exit_trail_x1.2,e619812de1d8,development56,1120,165,14.732142857142858,5,10.303030303030303,2.030962776090834,-0.1634565478329376,12.425092803052467,1.4272066057560264,0.06263514008648124,0.922749831631197,1.0626466397030288,-2.564807393324775,-0.4133923331872631,-0.6250248069444098,-1.676964358498257,-0.02039960985229983,10.303030303030303,0.0
exit_trail_x1.2,e619812de1d8,stress27,540,89,16.48148148148148,2,10.112359550561798,1.0104743183708613,-0.08630640810664308,11.707987165011959,1.3171485560638454,0.024604002436025885,0.40551041051968595,-0.029571535449439596,-0.9116552488847907,-0.1799157728403339,-0.2303568686430293,-0.2856913892325098,-0.01766389946152931,11.235955056179774,0.0
exit_trail_x1.2,e619812de1d8,stress27,540,89,16.48148148148148,5,10.112359550561798,0.9804743183708612,-0.1163064081066431,8.43009714023538,0.9483859282764805,-0.0053959975639741135,-0.08893403392475854,-0.029571535449439596,-1.0901526257262706,-0.2099157728403339,-0.2603568686430293,-0.3156913892325098,-0.04766389946152931,11.235955056179774,0.0
exit_trail_x1.2,e619812de1d8,all83,1660,254,15.301204819277109,2,10.236220472440944,1.697332156110843,-0.11691263915704479,14.517952621280529,1.655556000672341,0.06879745799636108,1.0526839958479346,0.679940271244093,-2.9095859758903164,-0.31604981290668027,-0.5216747174235526,-1.646964358498257,-0.006906513344044015,10.62992125984252,0.0
exit_trail_x1.2,e619812de1d8,all83,1660,254,15.301204819277109,5,10.236220472440944,1.6673321561108432,-0.14691263915704478,11.349140316841765,1.2942002115696751,0.03879745799636105,0.5936478512696209,0.679940271244093,-3.172278175293586,-0.34604981290668024,-0.5516747174235526,-1.676964358498257,-0.03690651334404401,10.62992125984252,0.0
exit_progress_x0.8,1f65af47735b,development56,1120,165,14.732142857142858,2,11.515151515151516,1.871192563606432,-0.14488397365661834,12.91511073572046,1.6807335888951287,0.08727029427064206,1.2856784423799947,1.029185219575756,-1.7056203001427628,-0.4528761603655511,-0.6008606250418737,-0.9299796947957348,0.004169718002832273,13.333333333333334,0.0
exit_progress_x0.8,1f65af47735b,development56,1120,165,14.732142857142858,5,11.515151515151516,1.8411925636064321,-0.17488397365661834,10.528080561696191,1.3700926758371756,0.05727029427064204,0.8437141566657087,1.029185219575756,-1.8829255909715181,-0.4828761603655511,-0.6308606250418737,-0.9599796947957349,-0.02583028199716776,13.333333333333334,0.0
exit_progress_x0.8,1f65af47735b,stress27,540,89,16.48148148148148,2,10.112359550561798,1.0268772759338798,-0.09950843380547585,10.319499932450668,1.1609437424007,0.014395739089515148,0.237263107216083,-0.1327778642022484,-1.3857420961768452,-0.19863523832636706,-0.4113869195728985,-1.0861572804104733,-0.02798816580061403,11.235955056179774,0.0
exit_progress_x0.8,1f65af47735b,stress27,540,89,16.48148148148148,5,10.112359550561798,0.9968772759338795,-0.12950843380547586,7.697392722941953,0.8659566813309698,-0.015604260910484865,-0.2571813372283616,-0.1327778642022484,-1.4748827237232032,-0.22863523832636706,-0.44138691957289844,-1.1161572804104731,-0.05798816580061404,11.235955056179774,0.0
exit_progress_x0.8,1f65af47735b,all83,1660,254,15.301204819277109,2,11.023622047244094,1.5998055068545407,-0.1288218356562139,12.418744840152197,1.5386055554170863,0.06173550918749128,0.944627670700168,0.6220406744724396,-2.4226534026315694,-0.37971878841561624,-0.594397806753235,-1.0861572804104733,-0.014052867915569615,12.598425196850393,0.0
exit_progress_x0.8,1f65af47735b,all83,1660,254,15.301204819277109,5,11.023622047244094,1.56980550685454,-0.1588218356562139,9.88406600621683,1.2245745494427933,0.03173550918749129,0.48559152612185463,0.6220406744724396,-2.7740693793072646,-0.4097187884156162,-0.6243978067532349,-1.1161572804104731,-0.04405286791556963,12.598425196850393,0.0
exit_progress_x1.2,8549d0d6f50e,development56,1120,165,14.732142857142858,2,8.484848484848484,1.7887114049217052,-0.12009461430125518,14.894185016779812,1.3809178161252804,0.04186468429948088,0.6167565097691379,0.5791578930303015,-2.296990436316715,-0.3578778029661919,-0.44989193992784127,-0.6087414519270011,-0.026812446869551063,8.484848484848486,0.0
exit_progress_x1.2,8549d0d6f50e,development56,1120,165,14.732142857142858,5,8.484848484848484,1.7587114049217052,-0.15009461430125517,11.717351839099251,1.0863769917045663,0.01186468429948087,0.1747922240548521,0.5791578930303015,-2.59038431424109,-0.3878778029661919,-0.4798919399278413,-0.6387414519270012,-0.05681244686955106,8.484848484848486,0.0
exit_progress_x1.2,8549d0d6f50e,stress27,540,89,16.48148148148148,2,8.98876404494382,1.1207400924895436,-0.08554871062867801,13.100607645088743,1.2938871748235796,0.02288174358419586,0.3771250331469318,-0.036204830494383576,-0.9116552488847907,-0.1799157728403339,-0.2303568686430293,-0.2856913892325098,-0.01940572943667559,8.98876404494382,0.0
exit_progress_x1.2,8549d0d6f50e,stress27,540,89,16.48148148148148,5,8.98876404494382,1.0907400924895436,-0.11554871062867801,9.439656111738845,0.9323117147396389,-0.00711825641580415,-0.11731941129751283,-0.036204830494383576,-1.0901526257262706,-0.2099157728403339,-0.2603568686430293,-0.3156913892325098,-0.049405729436675594,8.98876404494382,0.0
exit_progress_x1.2,8549d0d6f50e,all83,1660,254,15.301204819277109,2,8.661417322834646,1.5458127458554647,-0.10803332896729503,14.308665303865896,1.3568561926079727,0.03521318145042432,0.5388041017113119,0.3635386710078725,-2.4226534026315694,-0.28979675722316517,-0.41059940371715226,-0.6087414519270011,-0.02421566944288556,8.661417322834646,0.0
exit_progress_x1.2,8549d0d6f50e,all83,1660,254,15.301204819277109,5,8.661417322834646,1.5158127458554649,-0.13803332896729503,10.981498143934603,1.041348961924833,0.0052131814504242915,0.0797679571329982,0.3635386710078725,-2.7740693793072646,-0.3197967572231652,-0.4405994037171523,-0.6387414519270012,-0.05421566944288557,8.661417322834646,0.0
exit_soft_x0.8,e544820f702e,development56,1120,165,14.732142857142858,2,9.696969696969697,2.181111458366063,-0.11989980998940038,18.191116887999087,1.9534085248858082,0.103228555426887,1.5207778254853888,1.1082241409696958,-1.607457260523748,-0.34624247713873035,-0.44661238453673513,-0.6087414519270011,0.020323786044429876,10.303030303030303,0.0
exit_soft_x0.8,e544820f702e,development56,1120,165,14.732142857142858,5,9.696969696969697,2.151111458366063,-0.14989980998940036,14.350328119282947,1.5409748316008536,0.07322855542688697,1.0788135397711027,1.1082241409696958,-1.8143739182192142,-0.3762424771387303,-0.47661238453673505,-0.6387414519270012,-0.009676213955570142,10.303030303030303,0.0
exit_soft_x0.8,e544820f702e,stress27,540,89,16.48148148148148,2,10.112359550561798,1.0268772759338798,-0.08112987715569846,12.657202401073194,1.4239352701207344,0.03091579001066339,0.5095380205461187,0.00206595602247078,-0.8425479414115644,-0.1773319518962947,-0.2239351713275527,-0.2856913892325098,-0.011280387028089117,10.112359550561797,0.0
exit_soft_x0.8,e544820f702e,stress27,540,89,16.48148148148148,5,10.112359550561798,0.9968772759338795,-0.11112987715569844,8.970380436371807,1.0091677990918284,0.0009157900106633853,0.01509357610167431,0.00206595602247078,-1.0211490753334607,-0.2073319518962947,-0.2539351713275526,-0.3156913892325098,-0.04128038702808912,10.112359550561797,0.0
exit_soft_x0.8,e544820f702e,all83,1660,254,15.301204819277109,2,9.84251968503937,1.765587152690477,-0.10635572865011585,16.600771534355463,1.812311302877234,0.07789061793852518,1.1918202985774333,0.7206332808897625,-2.2818506451957155,-0.28979675722316517,-0.40528692493279983,-0.6087414519270011,0.002295329784679799,10.236220472440944,0.0
exit_soft_x0.8,e544820f702e,all83,1660,254,15.301204819277109,5,9.84251968503937,1.735587152690477,-0.13635572865011586,12.728377237042487,1.389560833738263,0.047890617938525164,0.73278415399912,0.7206332808897625,-2.633731520130067,-0.3197967572231652,-0.4352869249327997,-0.6387414519270012,-0.027704670215320203,10.236220472440944,0.0
exit_soft_x1.2,5f1699681ca0,development56,1120,165,14.732142857142858,2,10.303030303030303,2.0666635030730522,-0.1262725222681832,16.366692182514424,1.8799578858293593,0.0996663409487926,1.4682987729063195,1.0910796479575746,-1.7840432476777024,-0.373591440862464,-0.46272766809654026,-0.6087414519270011,0.016717863413230012,10.303030303030303,0.0
exit_soft_x1.2,5f1699681ca0,development56,1120,165,14.732142857142858,5,10.303030303030303,2.036663503073053,-0.1562725222681832,13.032767843715245,1.497007117183508,0.06966634094879258,1.0263344871920335,1.0910796479575746,-1.9318097323696715,-0.4035914408624639,-0.49272766809654023,-0.6387414519270012,-0.013282136586769988,10.303030303030303,0.0
exit_soft_x1.2,5f1699681ca0,stress27,540,89,16.48148148148148,2,10.112359550561798,1.0268772759338798,-0.09426062018287648,10.894022062889247,1.2255774820750402,0.019112874930053925,0.31500849421755545,-0.06754303274157289,-0.9476333725364938,-0.21362573980527863,-0.2675447210628695,-0.32818988246598724,-0.0232174261437055,10.112359550561797,0.0
exit_soft_x1.2,5f1699681ca0,stress27,540,89,16.48148148148148,5,10.112359550561798,0.9968772759338795,-0.12426062018287647,8.022471435171965,0.9025280364568462,-0.010887125069946085,-0.17943595022688918,-0.06754303274157289,-1.1260767246972447,-0.24362573980527863,-0.29754472106286944,-0.35818988246598726,-0.05321742614370551,10.112359550561797,0.0
exit_soft_x1.2,5f1699681ca0,all83,1660,254,15.301204819277109,2,10.236220472440944,1.706737501371031,-0.11504027592246152,14.835999719971046,1.6918245294703822,0.07144091387923455,1.0931320557425046,0.6851055590511804,-2.441417807325008,-0.3149360446375786,-0.42634041326267597,-0.6087414519270011,-0.004231462370936992,10.236220472440944,0.0
exit_soft_x1.2,5f1699681ca0,all83,1660,254,15.301204819277109,5,10.236220472440944,1.676737501371031,-0.14504027592246152,11.560495805092197,1.318302153212268,0.041440913879234535,0.6340959111641911,0.6851055590511804,-2.7927718246074207,-0.3449360446375786,-0.45634041326267594,-0.6387414519270012,-0.03423146237093701,10.236220472440944,0.0
exit_soft_escape_x0.8,9baf2ef835ae,development56,1120,165,14.732142857142858,2,10.303030303030303,2.0666635030730522,-0.12307283652436406,16.792198517858374,1.9288336135377862,0.10253636210082427,1.510580334521072,1.1056163366727259,-1.607457260523748,-0.3578778029661919,-0.44989193992784127,-0.6087414519270011,0.019623099548722236,10.303030303030303,0.0
exit_soft_escape_x0.8,9baf2ef835ae,development56,1120,165,14.732142857142858,5,10.303030303030303,2.036663503073053,-0.15307283652436407,13.305192151116138,1.528299098439016,0.07253636210082427,1.0686160488067862,1.1056163366727259,-1.8143739182192142,-0.3878778029661919,-0.4798919399278413,-0.6387414519270012,-0.0103769004512778,10.303030303030303,0.0
exit_soft_escape_x0.8,9baf2ef835ae,stress27,540,89,16.48148148148148,2,10.112359550561798,1.0268772759338798,-0.08806225504160767,11.660810587336206,1.3118411910753232,0.02468443910198095,0.40683612594005636,-0.03374190914606896,-0.9116552488847907,-0.19863523832636706,-0.24502380777610197,-0.2856913892325098,-0.017582548742552037,10.112359550561797,0.0
exit_soft_escape_x0.8,9baf2ef835ae,stress27,540,89,16.48148148148148,5,10.112359550561798,0.9968772759338795,-0.11806225504160765,8.443657759904372,0.9499114979892419,-0.005315560898019064,-0.08760831850438827,-0.03374190914606896,-1.0901526257262706,-0.22863523832636706,-0.27502380777610197,-0.3156913892325098,-0.04758254874255204,10.112359550561797,0.0
exit_soft_escape_x0.8,9baf2ef835ae,all83,1660,254,15.301204819277109,2,10.236220472440944,1.706737501371031,-0.11078842196901094,15.40537784578635,1.7567536139931803,0.07525753868784375,1.1515310136573682,0.7063923843976363,-2.4226534026315694,-0.29908251259338203,-0.41139773838384613,-0.6087414519270011,-0.00036922053274283934,10.236220472440944,0.0
exit_soft_escape_x0.8,9baf2ef835ae,all83,1660,254,15.301204819277109,5,10.236220472440944,1.676737501371031,-0.14078842196901092,11.909626359333009,1.3581152865906063,0.045257538687843726,0.6924948690790546,0.7063923843976363,-2.7740693793072646,-0.329082512593382,-0.44139773838384616,-0.6387414519270012,-0.03036922053274284,10.236220472440944,0.0
exit_soft_escape_x1.2,7a746e87dc54,development56,1120,165,14.732142857142858,2,10.303030303030303,2.0666635030730522,-0.12275134864170154,16.836177573131426,1.9338852617786095,0.10282472698951552,1.5148285672562556,1.106464821521211,-1.607457260523748,-0.3578778029661919,-0.44989193992784127,-0.6087414519270011,0.019915002656906617,10.303030303030303,0.0
exit_soft_escape_x1.2,7a746e87dc54,development56,1120,165,14.732142857142858,5,10.303030303030303,2.036663503073053,-0.15275134864170153,13.333194902588492,1.5315156307027322,0.07282472698951552,1.0728642815419696,1.106464821521211,-1.8143739182192142,-0.3878778029661919,-0.4798919399278413,-0.6387414519270012,-0.010084997343093384,10.303030303030303,0.0
exit_soft_escape_x1.2,7a746e87dc54,stress27,540,89,16.48148148148148,2,10.112359550561798,1.0268772759338798,-0.08630640810664308,11.898042085878904,1.3385297346613767,0.026262728481724378,0.4328486731247166,-0.025923931617978853,-0.9116552488847907,-0.1799157728403339,-0.2303568686430293,-0.2856913892325098,-0.015986324256220614,10.112359550561797,0.0
exit_soft_escape_x1.2,7a746e87dc54,stress27,540,89,16.48148148148148,5,10.112359550561798,0.9968772759338795,-0.1163064081066431,8.571129417218591,0.9642520594370917,-0.003737271518275632,-0.06159577131972801,-0.025923931617978853,-1.0901526257262706,-0.2099157728403339,-0.2603568686430293,-0.3156913892325098,-0.045986324256220616,10.112359550561797,0.0
exit_soft_escape_x1.2,7a746e87dc54,all83,1660,254,15.301204819277109,2,10.236220472440944,1.706737501371031,-0.1099636502083477,15.520924397628509,1.7699299751681634,0.07599788499269108,1.162859204105032,0.709682935578739,-2.4226534026315694,-0.29908251259338203,-0.41139773838384613,-0.6087414519270011,0.0003799745327201896,10.236220472440944,0.0
exit_soft_escape_x1.2,7a746e87dc54,all83,1660,254,15.301204819277109,5,10.236220472440944,1.676737501371031,-0.13996365020834772,11.979806891825598,1.3661183297695858,0.04599788499269105,0.7038230595267185,0.709682935578739,-2.7740693793072646,-0.329082512593382,-0.44139773838384616,-0.6387414519270012,-0.029620025467279813,10.236220472440944,0.0
exit_structure_buffer_x0.8,17bec3793847,development56,1120,165,14.732142857142858,2,10.303030303030303,2.0666635030730522,-0.12275134864170154,16.836177573131426,1.9338852617786095,0.10282472698951552,1.5148285672562556,1.106464821521211,-1.607457260523748,-0.3578778029661919,-0.44989193992784127,-0.6087414519270011,0.019915002656906617,10.303030303030303,0.0
exit_structure_buffer_x0.8,17bec3793847,development56,1120,165,14.732142857142858,5,10.303030303030303,2.036663503073053,-0.15275134864170153,13.333194902588492,1.5315156307027322,0.07282472698951552,1.0728642815419696,1.106464821521211,-1.8143739182192142,-0.3878778029661919,-0.4798919399278413,-0.6387414519270012,-0.010084997343093384,10.303030303030303,0.0
exit_structure_buffer_x0.8,17bec3793847,stress27,540,89,16.48148148148148,2,10.112359550561798,1.0268772759338798,-0.08630640810664308,11.898042085878904,1.3385297346613767,0.026262728481724378,0.4328486731247166,-0.025923931617978853,-0.9116552488847907,-0.1799157728403339,-0.2303568686430293,-0.2856913892325098,-0.015986324256220614,10.112359550561797,0.0
exit_structure_buffer_x0.8,17bec3793847,stress27,540,89,16.48148148148148,5,10.112359550561798,0.9968772759338795,-0.1163064081066431,8.571129417218591,0.9642520594370917,-0.003737271518275632,-0.06159577131972801,-0.025923931617978853,-1.0901526257262706,-0.2099157728403339,-0.2603568686430293,-0.3156913892325098,-0.045986324256220616,10.112359550561797,0.0
exit_structure_buffer_x0.8,17bec3793847,all83,1660,254,15.301204819277109,2,10.236220472440944,1.706737501371031,-0.1099636502083477,15.520924397628509,1.7699299751681634,0.07599788499269108,1.162859204105032,0.709682935578739,-2.4226534026315694,-0.29908251259338203,-0.41139773838384613,-0.6087414519270011,0.0003799745327201896,10.236220472440944,0.0
exit_structure_buffer_x0.8,17bec3793847,all83,1660,254,15.301204819277109,5,10.236220472440944,1.676737501371031,-0.13996365020834772,11.979806891825598,1.3661183297695858,0.04599788499269105,0.7038230595267185,0.709682935578739,-2.7740693793072646,-0.329082512593382,-0.44139773838384616,-0.6387414519270012,-0.029620025467279813,10.236220472440944,0.0
exit_structure_buffer_x1.2,e09825fd9ebe,development56,1120,165,14.732142857142858,2,10.303030303030303,2.0666635030730522,-0.12275134864170154,16.836177573131426,1.9338852617786095,0.10282472698951552,1.5148285672562556,1.106464821521211,-1.607457260523748,-0.3578778029661919,-0.44989193992784127,-0.6087414519270011,0.019915002656906617,10.303030303030303,0.0
exit_structure_buffer_x1.2,e09825fd9ebe,development56,1120,165,14.732142857142858,5,10.303030303030303,2.036663503073053,-0.15275134864170153,13.333194902588492,1.5315156307027322,0.07282472698951552,1.0728642815419696,1.106464821521211,-1.8143739182192142,-0.3878778029661919,-0.4798919399278413,-0.6387414519270012,-0.010084997343093384,10.303030303030303,0.0
exit_structure_buffer_x1.2,e09825fd9ebe,stress27,540,89,16.48148148148148,2,10.112359550561798,1.0268772759338798,-0.08630640810664308,11.898042085878904,1.3385297346613767,0.026262728481724378,0.4328486731247166,-0.025923931617978853,-0.9116552488847907,-0.1799157728403339,-0.2303568686430293,-0.2856913892325098,-0.015986324256220614,10.112359550561797,0.0
exit_structure_buffer_x1.2,e09825fd9ebe,stress27,540,89,16.48148148148148,5,10.112359550561798,0.9968772759338795,-0.1163064081066431,8.571129417218591,0.9642520594370917,-0.003737271518275632,-0.06159577131972801,-0.025923931617978853,-1.0901526257262706,-0.2099157728403339,-0.2603568686430293,-0.3156913892325098,-0.045986324256220616,10.112359550561797,0.0
exit_structure_buffer_x1.2,e09825fd9ebe,all83,1660,254,15.301204819277109,2,10.236220472440944,1.706737501371031,-0.1099636502083477,15.520924397628509,1.7699299751681634,0.07599788499269108,1.162859204105032,0.709682935578739,-2.4226534026315694,-0.29908251259338203,-0.41139773838384613,-0.6087414519270011,0.0003799745327201896,10.236220472440944,0.0
exit_structure_buffer_x1.2,e09825fd9ebe,all83,1660,254,15.301204819277109,5,10.236220472440944,1.676737501371031,-0.13996365020834772,11.979806891825598,1.3661183297695858,0.04599788499269105,0.7038230595267185,0.709682935578739,-2.7740693793072646,-0.329082512593382,-0.44139773838384616,-0.6387414519270012,-0.029620025467279813,10.236220472440944,0.0
exit_safety_x0.8,a6555ca62240,development56,1120,165,14.732142857142858,2,10.303030303030303,2.0666635030730522,-0.12275134864170154,16.836177573131426,1.9338852617786095,0.10282472698951552,1.5148285672562556,1.106464821521211,-1.607457260523748,-0.3578778029661919,-0.44989193992784127,-0.6087414519270011,0.019915002656906617,10.303030303030303,0.0
exit_safety_x0.8,a6555ca62240,development56,1120,165,14.732142857142858,5,10.303030303030303,2.036663503073053,-0.15275134864170153,13.333194902588492,1.5315156307027322,0.07282472698951552,1.0728642815419696,1.106464821521211,-1.8143739182192142,-0.3878778029661919,-0.4798919399278413,-0.6387414519270012,-0.010084997343093384,10.303030303030303,0.0
exit_safety_x0.8,a6555ca62240,stress27,540,89,16.48148148148148,2,10.112359550561798,1.0268772759338798,-0.08630640810664308,11.898042085878904,1.3385297346613767,0.026262728481724378,0.4328486731247166,-0.025923931617978853,-0.9116552488847907,-0.1799157728403339,-0.2303568686430293,-0.2856913892325098,-0.015986324256220614,10.112359550561797,0.0
exit_safety_x0.8,a6555ca62240,stress27,540,89,16.48148148148148,5,10.112359550561798,0.9968772759338795,-0.1163064081066431,8.571129417218591,0.9642520594370917,-0.003737271518275632,-0.06159577131972801,-0.025923931617978853,-1.0901526257262706,-0.2099157728403339,-0.2603568686430293,-0.3156913892325098,-0.045986324256220616,10.112359550561797,0.0
exit_safety_x0.8,a6555ca62240,all83,1660,254,15.301204819277109,2,10.236220472440944,1.706737501371031,-0.1099636502083477,15.520924397628509,1.7699299751681634,0.07599788499269108,1.162859204105032,0.709682935578739,-2.4226534026315694,-0.29908251259338203,-0.41139773838384613,-0.6087414519270011,0.0003799745327201896,10.236220472440944,0.0
exit_safety_x0.8,a6555ca62240,all83,1660,254,15.301204819277109,5,10.236220472440944,1.676737501371031,-0.13996365020834772,11.979806891825598,1.3661183297695858,0.04599788499269105,0.7038230595267185,0.709682935578739,-2.7740693793072646,-0.329082512593382,-0.44139773838384616,-0.6387414519270012,-0.029620025467279813,10.236220472440944,0.0
exit_safety_x1.2,5efb18023e76,development56,1120,165,14.732142857142858,2,10.303030303030303,2.0666635030730522,-0.12275134864170154,16.836177573131426,1.9338852617786095,0.10282472698951552,1.5148285672562556,1.106464821521211,-1.607457260523748,-0.3578778029661919,-0.44989193992784127,-0.6087414519270011,0.019915002656906617,10.303030303030303,0.0
exit_safety_x1.2,5efb18023e76,development56,1120,165,14.732142857142858,5,10.303030303030303,2.036663503073053,-0.15275134864170153,13.333194902588492,1.5315156307027322,0.07282472698951552,1.0728642815419696,1.106464821521211,-1.8143739182192142,-0.3878778029661919,-0.4798919399278413,-0.6387414519270012,-0.010084997343093384,10.303030303030303,0.0
exit_safety_x1.2,5efb18023e76,stress27,540,89,16.48148148148148,2,10.112359550561798,1.0268772759338798,-0.08630640810664308,11.898042085878904,1.3385297346613767,0.026262728481724378,0.4328486731247166,-0.025923931617978853,-0.9116552488847907,-0.1799157728403339,-0.2303568686430293,-0.2856913892325098,-0.015986324256220614,10.112359550561797,0.0
exit_safety_x1.2,5efb18023e76,stress27,540,89,16.48148148148148,5,10.112359550561798,0.9968772759338795,-0.1163064081066431,8.571129417218591,0.9642520594370917,-0.003737271518275632,-0.06159577131972801,-0.025923931617978853,-1.0901526257262706,-0.2099157728403339,-0.2603568686430293,-0.3156913892325098,-0.045986324256220616,10.112359550561797,0.0
exit_safety_x1.2,5efb18023e76,all83,1660,254,15.301204819277109,2,10.236220472440944,1.706737501371031,-0.1099636502083477,15.520924397628509,1.7699299751681634,0.07599788499269108,1.162859204105032,0.709682935578739,-2.4226534026315694,-0.29908251259338203,-0.41139773838384613,-0.6087414519270011,0.0003799745327201896,10.236220472440944,0.0
exit_safety_x1.2,5efb18023e76,all83,1660,254,15.301204819277109,5,10.236220472440944,1.676737501371031,-0.13996365020834772,11.979806891825598,1.3661183297695858,0.04599788499269105,0.7038230595267185,0.709682935578739,-2.7740693793072646,-0.329082512593382,-0.44139773838384616,-0.6387414519270012,-0.029620025467279813,10.236220472440944,0.0
timer_fail_x0.8,e03e8dd1ba84,development56,1120,165,14.732142857142858,2,9.696969696969697,2.1609227719608284,-0.12040023140008342,17.947829060063842,1.9272836574565202,0.10081896892582322,1.4852794529250741,1.1014363898121207,-1.607457260523748,-0.3578778029661919,-0.44989193992784127,-0.6087414519270011,0.01788463406482542,9.696969696969697,0.0
timer_fail_x0.8,e03e8dd1ba84,development56,1120,165,14.732142857142858,5,9.696969696969697,2.130922771960828,-0.1504002314000834,14.16834769550525,1.5214333095844566,0.07081896892582319,1.043315167210788,1.1014363898121207,-1.8143739182192142,-0.3878778029661919,-0.4798919399278413,-0.6387414519270012,-0.012115365935174595,9.696969696969697,0.0
timer_fail_x0.8,e03e8dd1ba84,stress27,540,89,16.48148148148148,2,10.112359550561798,1.0268772759338798,-0.08546272801213371,12.015498449664364,1.351743575587241,0.02702109261162044,0.44534763748781836,-0.022554149797753865,-0.9116552488847907,-0.1799157728403339,-0.2303568686430293,-0.2856913892325098,-0.015219342352121187,10.112359550561797,0.0
timer_fail_x0.8,e03e8dd1ba84,stress27,540,89,16.48148148148148,5,10.112359550561798,0.9968772759338795,-0.11546272801213373,8.633758210087674,0.9712977986348634,-0.0029789073883795653,-0.04909680695662617,-0.022554149797753865,-1.0901526257262706,-0.2099157728403339,-0.2603568686430293,-0.3156913892325098,-0.04521934235212118,10.112359550561797,0.0
timer_fail_x0.8,e03e8dd1ba84,all83,1660,254,15.301204819277109,2,9.84251968503937,1.7526663933911268,-0.1081949900418477,16.199145567768248,1.7684656733371447,0.07496065793383877,1.1469883804334366,0.7075971849881882,-2.4226534026315694,-0.29908251259338203,-0.41139773838384613,-0.6087414519270011,-0.0006696496622936813,9.84251968503937,0.0
timer_fail_x0.8,e03e8dd1ba84,all83,1660,254,15.301204819277109,5,9.84251968503937,1.7226663933911268,-0.13819499004184768,12.465476446501247,1.3608598740721884,0.04496065793383875,0.687952235855123,0.7075971849881882,-2.7740693793072646,-0.329082512593382,-0.44139773838384616,-0.6387414519270012,-0.030669649662293696,9.84251968503937,0.0
timer_fail_x1.2,1c7f166452e6,development56,1120,165,14.732142857142858,2,10.303030303030303,2.0666635030730522,-0.12351070627400589,16.732666870904318,1.9219955189552254,0.10214360620417588,1.5047941985436626,1.1031599286363623,-1.6308372225064316,-0.3578778029661919,-0.44989193992784127,-0.6087414519270011,0.01922552456131739,10.303030303030303,0.0
timer_fail_x1.2,1c7f166452e6,development56,1120,165,14.732142857142858,5,10.303030303030303,2.036663503073053,-0.1535107062740059,13.267240784090658,1.5239398197941973,0.07214360620417584,1.0628299128293763,1.1031599286363623,-1.8143739182192142,-0.3878778029661919,-0.4798919399278413,-0.6387414519270012,-0.010774475438682629,10.303030303030303,0.0
timer_fail_x1.2,1c7f166452e6,stress27,540,89,16.48148148148148,2,10.112359550561798,1.0268772759338798,-0.0862232867328131,11.909512091738574,1.3398201103205896,0.026337444323369312,0.43408010088516086,-0.02569921251685546,-0.9116552488847907,-0.1799157728403339,-0.2303568686430293,-0.2856913892325098,-0.01591075937092062,10.112359550561797,0.0
timer_fail_x1.2,1c7f166452e6,stress27,540,89,16.48148148148148,5,10.112359550561798,0.9968772759338795,-0.1162232867328131,8.577259376820162,0.9649416798922683,-0.0036625556766306977,-0.06036434355928372,-0.02569921251685546,-1.0901526257262706,-0.2099157728403339,-0.2603568686430293,-0.3156913892325098,-0.04591075937092062,10.112359550561797,0.0
timer_fail_x1.2,1c7f166452e6,all83,1660,254,15.301204819277109,2,10.236220472440944,1.706737501371031,-0.11042740117183296,15.455742716567467,1.762496976450676,0.07558160460027122,1.1564896125583668,0.7076147964999985,-2.484419616420508,-0.29908251259338203,-0.41139773838384613,-0.6087414519270011,-4.1281322557252846e-05,10.236220472440944,0.0
timer_fail_x1.2,1c7f166452e6,all83,1660,254,15.301204819277109,5,10.236220472440944,1.676737501371031,-0.140427401171833,11.940244477780396,1.361606826413554,0.04558160460027119,0.6974534679800533,0.7076147964999985,-2.8356316273627113,-0.329082512593382,-0.44139773838384616,-0.6387414519270012,-0.03004128132255728,10.236220472440944,0.0
timer_hold_x0.8,1f090d66a4cc,development56,1120,165,14.732142857142858,2,10.909090909090908,2.038537696923163,-0.12346205916235124,16.51145064932465,2.0218102835907734,0.11239245968334124,1.655781772120652,1.1557881511878771,-1.607457260523748,-0.3578778029661919,-0.44989193992784127,-0.6087414519270011,0.02773067015031618,3.6363636363636362,0.0
timer_hold_x0.8,1f090d66a4cc,development56,1120,165,14.732142857142858,5,10.909090909090908,2.0085376969231636,-0.15346205916235123,13.088171160262373,1.6026332032974333,0.08239245968334125,1.2138174864063664,1.1557881511878771,-1.8143739182192142,-0.3878778029661919,-0.4798919399278413,-0.6387414519270012,-0.0022693298496838537,3.6363636363636362,0.0
timer_hold_x0.8,1f090d66a4cc,stress27,540,89,16.48148148148148,2,10.112359550561798,1.0114165202360925,-0.08630640810664308,11.718904104853403,1.318376711796008,0.024699281276330178,0.40708074696173807,-0.030118313640450447,-0.9116552488847907,-0.1799157728403339,-0.2303568686430293,-0.2856913892325098,-0.017567537907130653,3.3707865168539324,0.0
timer_hold_x0.8,1f090d66a4cc,stress27,540,89,16.48148148148148,5,10.112359550561798,0.9814165202360926,-0.1163064081066431,8.438198171645169,0.9492972943100816,-0.005300718723669834,-0.08736369748270653,-0.030118313640450447,-1.0901526257262706,-0.2099157728403339,-0.2603568686430293,-0.3156913892325098,-0.047567537907130655,3.3707865168539324,0.0
timer_hold_x0.8,1f090d66a4cc,all83,1660,254,15.301204819277109,2,10.62992125984252,1.6961639713608063,-0.11036755658765234,15.36832039960708,1.8279500034774943,0.08166532236749878,1.2495778241773912,0.7402539961889749,-2.4226534026315694,-0.29908251259338203,-0.41139773838384613,-0.6087414519270011,0.0036987576859770274,3.543307086614173,0.0
timer_hold_x0.8,1f090d66a4cc,all83,1660,254,15.301204819277109,5,10.62992125984252,1.6661639713608063,-0.14036755658765235,11.87000765608093,1.4118511308994939,0.05166532236749877,0.7905416795990775,0.7402539961889749,-2.7740693793072646,-0.329082512593382,-0.44139773838384616,-0.6387414519270012,-0.026301242314022984,3.543307086614173,0.0
timer_retest_timeout_x0.8,8e52b343ebff,development56,1120,165,14.732142857142858,2,10.303030303030303,2.0666635030730522,-0.12275134864170154,16.836177573131426,1.9338852617786095,0.10282472698951552,1.5148285672562556,1.106464821521211,-1.607457260523748,-0.3578778029661919,-0.44989193992784127,-0.6087414519270011,0.019915002656906617,10.303030303030303,0.0
timer_retest_timeout_x0.8,8e52b343ebff,development56,1120,165,14.732142857142858,5,10.303030303030303,2.036663503073053,-0.15275134864170153,13.333194902588492,1.5315156307027322,0.07282472698951552,1.0728642815419696,1.106464821521211,-1.8143739182192142,-0.3878778029661919,-0.4798919399278413,-0.6387414519270012,-0.010084997343093384,10.303030303030303,0.0
timer_retest_timeout_x0.8,8e52b343ebff,stress27,540,89,16.48148148148148,2,10.112359550561798,1.0268772759338798,-0.08630640810664308,11.898042085878904,1.3385297346613767,0.026262728481724378,0.4328486731247166,-0.025923931617978853,-0.9116552488847907,-0.1799157728403339,-0.2303568686430293,-0.2856913892325098,-0.015986324256220614,10.112359550561797,0.0
timer_retest_timeout_x0.8,8e52b343ebff,stress27,540,89,16.48148148148148,5,10.112359550561798,0.9968772759338795,-0.1163064081066431,8.571129417218591,0.9642520594370917,-0.003737271518275632,-0.06159577131972801,-0.025923931617978853,-1.0901526257262706,-0.2099157728403339,-0.2603568686430293,-0.3156913892325098,-0.045986324256220616,10.112359550561797,0.0
timer_retest_timeout_x0.8,8e52b343ebff,all83,1660,254,15.301204819277109,2,10.236220472440944,1.706737501371031,-0.1099636502083477,15.520924397628509,1.7699299751681634,0.07599788499269108,1.162859204105032,0.709682935578739,-2.4226534026315694,-0.29908251259338203,-0.41139773838384613,-0.6087414519270011,0.0003799745327201896,10.236220472440944,0.0
timer_retest_timeout_x0.8,8e52b343ebff,all83,1660,254,15.301204819277109,5,10.236220472440944,1.676737501371031,-0.13996365020834772,11.979806891825598,1.3661183297695858,0.04599788499269105,0.7038230595267185,0.709682935578739,-2.7740693793072646,-0.329082512593382,-0.44139773838384616,-0.6387414519270012,-0.029620025467279813,10.236220472440944,0.0
timer_retest_timeout_x1.2,777b6d6320c8,development56,1120,165,14.732142857142858,2,10.303030303030303,2.0666635030730522,-0.12275134864170154,16.836177573131426,1.9338852617786095,0.10282472698951552,1.5148285672562556,1.106464821521211,-1.607457260523748,-0.3578778029661919,-0.44989193992784127,-0.6087414519270011,0.019915002656906617,10.303030303030303,0.0
timer_retest_timeout_x1.2,777b6d6320c8,development56,1120,165,14.732142857142858,5,10.303030303030303,2.036663503073053,-0.15275134864170153,13.333194902588492,1.5315156307027322,0.07282472698951552,1.0728642815419696,1.106464821521211,-1.8143739182192142,-0.3878778029661919,-0.4798919399278413,-0.6387414519270012,-0.010084997343093384,10.303030303030303,0.0
timer_retest_timeout_x1.2,777b6d6320c8,stress27,540,89,16.48148148148148,2,10.112359550561798,1.0268772759338798,-0.08630640810664308,11.898042085878904,1.3385297346613767,0.026262728481724378,0.4328486731247166,-0.025923931617978853,-0.9116552488847907,-0.1799157728403339,-0.2303568686430293,-0.2856913892325098,-0.015986324256220614,10.112359550561797,0.0
timer_retest_timeout_x1.2,777b6d6320c8,stress27,540,89,16.48148148148148,5,10.112359550561798,0.9968772759338795,-0.1163064081066431,8.571129417218591,0.9642520594370917,-0.003737271518275632,-0.06159577131972801,-0.025923931617978853,-1.0901526257262706,-0.2099157728403339,-0.2603568686430293,-0.3156913892325098,-0.045986324256220616,10.112359550561797,0.0
timer_retest_timeout_x1.2,777b6d6320c8,all83,1660,254,15.301204819277109,2,10.236220472440944,1.706737501371031,-0.1099636502083477,15.520924397628509,1.7699299751681634,0.07599788499269108,1.162859204105032,0.709682935578739,-2.4226534026315694,-0.29908251259338203,-0.41139773838384613,-0.6087414519270011,0.0003799745327201896,10.236220472440944,0.0
timer_retest_timeout_x1.2,777b6d6320c8,all83,1660,254,15.301204819277109,5,10.236220472440944,1.676737501371031,-0.13996365020834772,11.979806891825598,1.3661183297695858,0.04599788499269105,0.7038230595267185,0.709682935578739,-2.7740693793072646,-0.329082512593382,-0.44139773838384616,-0.6387414519270012,-0.029620025467279813,10.236220472440944,0.0
daily_atr_10,761d052d53ca,development56,1120,166,14.821428571428571,2,8.433734939759036,1.510155482698405,-0.1344340778935514,11.233427612708345,1.0346578064336633,0.00426624649372201,0.06323186767480836,0.3369887304638499,-2.4053859932279154,-0.4506902630351483,-0.5766877268992885,-1.010670712377157,-0.06445063921459336,9.036144578313253,0.0
daily_atr_10,761d052d53ca,development56,1120,166,14.821428571428571,5,8.433734939759036,1.4801554826984047,-0.16443407789355138,9.001512956800859,0.8290867197053423,-0.02573375350627799,-0.38141098946804874,0.3369887304638499,-2.7276772390345094,-0.4806902630351483,-0.6066877268992885,-1.0406707123771568,-0.09445063921459337,9.036144578313253,0.0
daily_atr_10,761d052d53ca,stress27,540,73,13.518518518518519,2,8.219178082191782,1.0441471682218104,-0.09710495160140925,10.752769565323145,0.9629345879393861,-0.0033034075063501094,-0.044657175548807035,-0.1310724776164432,-0.9831644543697116,-0.21983001067531943,-0.42821852371072816,-0.7761176793483294,-0.055351779408117224,8.21917808219178,0.0
daily_atr_10,761d052d53ca,stress27,540,73,13.518518518518519,5,8.219178082191782,1.0141471682218104,-0.12710495160140922,7.978817154205709,0.7145209391826007,-0.03330340750635011,-0.45021273110436255,-0.1310724776164432,-1.16155445505286,-0.2498300106753194,-0.45821852371072824,-0.8061176793483295,-0.08535177940811724,8.21917808219178,0.0
daily_atr_10,761d052d53ca,all83,1660,239,14.397590361445783,2,8.368200836820083,1.3703529883554266,-0.1230137515849965,11.139835755749466,1.0173365986985814,0.0019541764434907734,0.028135431927367158,0.19402442841422063,-3.1708586462195765,-0.43432486220653266,-0.5707334506642108,-1.010670712377157,-0.061674715883804056,8.786610878661087,0.0
daily_atr_10,761d052d53ca,all83,1660,239,14.397590361445783,5,8.368200836820083,1.3403529883554266,-0.15301375158499653,8.75968973031083,0.7999716648685691,-0.028045823556509215,-0.40379227891600616,0.19402442841422063,-3.577682690374706,-0.46432486220653263,-0.6007334506642107,-1.0406707123771568,-0.09167471588380408,8.786610878661087,0.0
daily_atr_40,31941582c273,development56,1120,158,14.107142857142858,2,12.025316455696203,2.025220719280502,-0.11902245366309043,17.015450925026045,2.3258530041402508,0.13882957346303773,1.9584886256392822,1.3389001925063229,-2.003767835939907,-0.3529975031084769,-0.45633242424170783,-0.5607526928611962,0.0526611415831133,12.658227848101266,0.0
daily_atr_40,31941582c273,development56,1120,158,14.107142857142858,5,12.025316455696203,1.9952207192805018,-0.14902245366309044,13.388725458723766,1.8301135519118816,0.10882957346303772,1.5352743399249964,1.3389001925063229,-2.2393067518382104,-0.38299750310847686,-0.4863324242417079,-0.5907526928611964,0.022661141583113303,12.658227848101266,0.0
daily_atr_40,31941582c273,stress27,540,108,20.0,2,11.11111111111111,0.9406468034128723,-0.09810306260740083,9.588353089212431,1.1985441361515539,0.01731358917262954,0.34627178345259074,-0.023902231370374553,-1.71708990690278,-0.24340052109546287,-0.2925550819571171,-0.36805807203135743,-0.03805922139642522,12.037037037037036,0.0
daily_atr_40,31941582c273,stress27,540,108,20.0,5,11.11111111111111,0.9106468034128725,-0.1281030626074008,7.1087043890882144,0.8885880486360268,-0.012686410827370473,-0.25372821654740946,-0.023902231370374553,-1.9532316003519457,-0.27340052109546287,-0.3225550819571171,-0.39805807203135735,-0.06805922139642522,12.037037037037036,0.0
daily_atr_40,31941582c273,all83,1660,266,16.02409638554217,2,11.654135338345865,1.6053856550736778,-0.11047665987012788,14.53144634315436,1.9169141984586604,0.08949225653309756,1.4340325444460214,0.7855819151428518,-2.3846539186185067,-0.2978831941114008,-0.4025920271524771,-0.5607526928611962,0.017478521130696544,12.406015037593985,0.0
daily_atr_40,31941582c273,all83,1660,266,16.02409638554217,5,11.654135338345865,1.5753856550736773,-0.14047665987012786,11.214572275067884,1.4793691086259761,0.05949225653309755,0.9533096528797558,0.7855819151428518,-2.7945447932029577,-0.32788319411140077,-0.4325920271524771,-0.5907526928611964,-0.012521478869303476,12.406015037593985,0.0
