name,period,jobs,trades,trade_rate_pct,cost_bps,win_rate_pct,avg_win_pct,avg_loss_pct,payoff_ratio,profit_factor,mean_trade_pct,mean_job_bps,mean_gross_points,worst_stream_mdd_pct,p05_pct,cvar05_pct,worst_trade_pct,trim_top1_mean_pct,held_until_flatten_pct,unclosed_after_day_pct,trading_dates,symbols_traded,max_win_pct,p90_win_pct,top1_winners_share_pct,top5_winners_share_pct,mean_without_best3_pct,mean_hold_minutes,mtm_mdd_pct
previous_frozen_5m,fit28,560,26,4.642857142857143,2,15.384615384615385,3.71719553962112,-0.10915354047680897,34.054740903350584,6.19177107333647,0.47951554876902613,2.2263221907133355,3.6548531209615334,-0.5053340732185108,-0.27232184329472064,-0.3006212835122606,-0.31664840139033795,0.18908136786758523,7.6923076923076925,0.0,14,10,7.740370071305053,6.738686449504408,52.05786182621698,100.0,-0.08600775410113619,48.26923076923077,-2.2323579752588363
previous_frozen_5m,validation28,560,37,6.607142857142857,2,10.81081081081081,1.0428766550487387,-0.16502252837000358,6.319601725592662,0.7660123303748682,-0.03443883286527468,-0.2275422885741363,-0.11042716597297551,-1.2070058742988388,-0.3881040265215908,-0.8005115624631083,-1.2070058742988383,-0.08409752889465828,8.108108108108109,0.0,18,9,1.753274224192534,1.7329182472965974,42.029760080078574,100.0,-0.14994673330613795,49.45945945945946,-2.5484628877593396
previous_frozen_5m,development56,1120,63,5.625,2,12.698412698412698,2.3800360973349295,-0.14267493321272579,16.68152943016513,2.426404280751292,0.17766932463459556,0.9993899510696,1.4434980318095203,-1.2070058742988388,-0.36388605311117944,-0.5891958816253806,-1.2070058742988383,0.055690280333459144,7.936507936507936,0.0,32,10,7.740370071305053,5.403108287103545,40.65258758035442,93.9286058749918,-0.0542069193390216,48.96825396825397,-2.5484628877593396
previous_frozen_5m,stress27,540,40,7.407407407407407,2,10.0,0.260886040833921,-0.13500514623492213,1.9324155271825996,0.21471283635362218,-0.09541602752803782,-0.7067853890965765,-0.3798003596749993,-1.2112800830329284,-0.3839709873237117,-0.5746020112448634,-0.6911950496845553,-0.11271767372967338,5.0,0.0,17,10,0.5793481743357498,0.49649165749508106,55.51736042333524,100.0,-0.12985090724223644,35.5,-1.2140167585818484
previous_frozen_5m,all83,1660,103,6.204819277108434,2,11.650485436893204,1.6736527451679268,-0.13964073177095726,11.985419468533724,1.58049487497148,0.07161676068794177,0.4443690572806026,0.7354209865728136,-1.4275734373044524,-0.3789802942291823,-0.5861545198594713,-1.2070058742988383,-0.04718087510643511,6.796116504854369,0.0,49,10,7.740370071305053,4.191660986343897,38.54030300716303,89.04813068312481,-0.07069056261462808,43.737864077669904,-2.5601547023144433
transfer_27_90_to_5m,fit28,560,15,2.6785714285714284,2,6.666666666666667,4.3639750470905225,-0.1650865461588331,26.434468154006048,1.8881762967147178,0.136850893391124,0.36656489301193923,0.7992273302000115,-0.6534290156049338,-0.395244620625408,-0.6534290156049323,-0.6534290156049323,-0.1650865461588331,6.666666666666667,0.0,10,8,4.3639750470905225,4.3639750470905225,100.0,100.0,-0.18758878252875538,60.333333333333336,-2.2323579752588363
transfer_27_90_to_5m,validation28,560,30,5.357142857142857,2,10.0,0.6307338775368431,-0.20512388298243742,3.074892442392221,0.34165471582135787,-0.12153810693050936,-0.651097001413443,-0.43586702970000507,-1.110212882138728,-0.49361701916141976,-0.6348832582458944,-0.6951418516124414,-0.1491932416272885,10.0,0.0,16,8,0.6804607992760862,0.668441575872812,35.96132608432988,100.0,-0.20512388298243736,56.833333333333336,-5.044073326107757
transfer_27_90_to_5m,development56,1120,45,4.017857142857143,2,8.88888888888889,1.5640441699252632,-0.19145259723779204,8.169354673118672,0.7970102120115777,-0.03540844015663156,-0.1422660542007518,-0.02416890973333289,-1.295165774854512,-0.5386212667824907,-0.6410651773655737,-0.6951418516124414,-0.1353944285031578,8.88888888888889,0.0,26,9,4.3639750470905225,3.2589207727461926,69.75466439830554,100.0,-0.1728138175160654,58.0,-5.0440733261077675
transfer_27_90_to_5m,stress27,540,14,2.5925925925925926,2,7.142857142857143,0.4183230733265799,-0.23635796775777815,1.7698708331901098,0.13614391024539307,-0.18959503625175256,-0.49154268657861777,-0.7764298139285606,-1.261601987097638,-0.6146206491863643,-0.6911950496845553,-0.6911950496845553,-0.23635796775777815,21.428571428571427,0.0,10,7,0.4183230733265799,0.4183230733265799,100.0,100.0,-0.26691501357843145,73.21428571428571,-1.6288033413767722
transfer_27_90_to_5m,all83,1660,59,3.5542168674698793,2,8.474576271186441,1.3348999506055268,-0.20226314940001092,6.599817883610265,0.6110942484824319,-0.07199509007750773,-0.25588616352849136,-0.20267149716948862,-1.2997093539469318,-0.5825050999519059,-0.679921972300643,-0.6951418516124414,-0.14847733382178413,11.864406779661017,0.0,36,10,4.3639750470905225,2.8905693479647483,65.38280333460155,100.0,-0.17700912219998718,61.610169491525426,-5.0440733261077675
followup_5m,fit28,560,23,4.107142857142857,2,8.695652173913043,6.070897368303976,-0.10567446355383903,57.44904837118928,5.471337940113264,0.4314187392164057,1.771898393210238,3.6075843677825996,-0.46797937989325744,-0.25450771017766294,-0.27060665090044145,-0.28459416563418327,0.09919367866692184,4.3478260869565215,0.0,14,9,7.740370071305053,7.406475530704837,63.749801732091186,100.0,-0.10970992456369986,39.130434782608695,-2.2323579752588363
followup_5m,validation28,560,25,4.464285714285714,2,8.0,1.0353389461004958,-0.1583881308118805,6.536720528195263,0.5684104807126317,-0.06288996465889035,-0.2807587707986176,-0.060810014200002344,-0.7543332319549845,-0.39253894460093125,-0.5445795511199096,-0.6951418516124414,-0.13573625351437515,8.0,0.0,14,8,1.6854209678727454,1.5554045635182956,81.39464733847407,100.0,-0.16436994698518662,28.4,-2.2903341794963783
followup_5m,development56,1120,48,4.285714285714286,2,8.333333333333334,3.553118157202236,-0.13322933507508794,26.669187797114663,2.4244716179195147,0.17396628928135568,0.7455698112058101,1.6969622938333278,-0.7543332319549956,-0.3805038566999003,-0.4919282742449878,-0.6951418516124414,0.01297897477021323,6.25,0.0,28,9,7.740370071305053,6.738686449504408,54.4618116316733,100.0,-0.1217074181994583,33.541666666666664,-2.2903341794963783
followup_5m,stress27,540,27,5.0,2,11.11111111111111,0.39116639886143517,-0.1173408454256154,3.333591107534699,0.41669888844183733,-0.06084004050483202,-0.3042002025241601,-0.09788200559258982,-0.9495754834109027,-0.233494244541982,-0.4756869131173739,-0.6911950496845553,-0.09451226187897951,7.4074074074074066,0.0,14,10,0.8146377152230031,0.7123421291517732,69.4195375330603,100.0,-0.1173408454256154,37.22222222222222,-0.9958312014397119
followup_5m,all83,1660,75,4.518072289156627,2,9.333333333333334,2.197995975056179,-0.12762163284586237,17.222753901847142,1.7729305487195584,0.08943601055832812,0.40407836095630173,1.0508183460399976,-0.9495754834109027,-0.3743819929046565,-0.5417449681048796,-0.6951418516124414,-0.013954990262573568,6.666666666666667,0.0,42,10,7.740370071305053,5.737002827703762,50.30796987766626,97.66760601518175,-0.09888215156397347,34.86666666666667,-2.2903341794963783
no_confirmations,fit28,560,106,18.928571428571427,2,16.9811320754717,1.4002920268298267,-0.17221492350061368,8.131072489921797,1.6631739183930947,0.09481455863097046,1.794704145514798,0.5692583153962285,-2.6191750704525285,-0.4654631496201992,-0.7742847527129415,-1.203783783794587,0.005020985607171784,9.433962264150944,0.0,25,10,5.126736046434105,3.011088614847355,20.33994793865611,64.30975978704932,-0.018379104896731998,55.283018867924525,-4.1727505587839335
no_confirmations,validation28,560,122,21.785714285714285,2,12.295081967213115,0.8448955417736754,-0.23589376433548162,3.581678151407547,0.5021044137487216,-0.1030098332564869,-2.2441427959448936,-0.5104294975327858,-4.138173873026685,-0.8304904698171732,-1.0288198146021523,-1.4019480974925493,-0.14002888966738167,5.737704918032787,0.0,28,10,2.336966537365498,1.7957807764525662,18.439885341404,65.35619414519213,-0.15499132649641903,55.49180327868852,-5.842076743975788
no_confirmations,development56,1120,228,20.357142857142858,2,14.473684210526315,1.1478390790770308,-0.20715664642025922,5.540923252582525,0.9376947042831965,-0.011038844045651483,-0.22471932521504806,-0.008469373978068623,-5.064629411547072,-0.7480861521588815,-0.9870016374826278,-1.4019480974925493,-0.06426776649624356,7.456140350877193,0.0,53,10,5.126736046434105,2.304712558225747,13.53461827555574,43.44409579082447,-0.06426776649624356,55.39473684210526,-6.65045500384659
no_confirmations,stress27,540,128,23.703703703703702,2,7.8125,0.7263715342907551,-0.15214293081807934,4.774270683396349,0.4045992104573177,-0.08350898823145164,-1.9794723136344092,-0.39817533832812524,-1.9323357265086827,-0.48952635457908694,-0.6369997935052383,-0.8367763661411143,-0.10408266071599312,3.90625,0.0,26,10,1.3712025571664221,1.0857762351972513,18.877426942470894,71.1177659500567,-0.11283348305222386,40.5078125,-2.754809134375702
no_confirmations,all83,1660,356,21.44578313253012,2,12.07865168539326,1.0498233709871991,-0.18641665140090702,5.631596550511213,0.7736698136485053,-0.037095525101220064,-0.7955425865080928,-0.1485883723960665,-6.416277509904155,-0.621758572354866,-0.8882205724938916,-1.4019480974925493,-0.07808626276319916,6.179775280898876,0.0,79,10,5.126736046434105,2.1586277607280673,11.356807533480586,36.453649768133474,-0.07124475341439265,50.04213483146067,-8.13710263685692
without_rvol,fit28,560,81,14.464285714285714,2,16.049382716049383,1.303637913896442,-0.18538946625202196,7.031887734787757,1.344331478709424,0.05359023673476858,0.7751444956279027,0.3944394663950614,-2.6938932632288637,-0.49575751168249,-0.7492049099922327,-1.203783783794587,-0.009824085886473129,7.4074074074074066,0.0,25,10,5.126736046434105,3.8235938415133326,30.251061821717567,78.50706865900021,-0.08589259080225387,55.18518518518518,-4.209769814748676
without_rvol,validation28,560,93,16.607142857142858,2,8.602150537634408,0.9713812432056084,-0.211431310218763,4.5943112313902,0.4324057629543718,-0.10968399379516117,-1.821537754098212,-0.5395750304301102,-3.7086365778073227,-0.7271846751510156,-1.0193452837308403,-1.4019480974925493,-0.1315207824823792,3.225806451612903,0.0,27,10,1.8993005654289006,1.7181409347203154,24.440720092055596,90.87491899299587,-0.16602806602585132,41.88172043010753,-5.593573530995388
without_rvol,development56,1120,174,15.535714285714286,2,12.068965517241379,1.1770639441094577,-0.1998571573446558,5.889526098280275,0.8083663272149395,-0.03367702441053869,-0.5231966292351546,-0.10477517845977176,-4.639243374677693,-0.5878816869584245,-0.9479006145417961,-1.4019480974925493,-0.08946490092541126,5.172413793103448,0.0,52,10,5.126736046434105,1.8993005654289006,20.740613893337585,58.98547899819828,-0.10109510833099203,48.07471264367816,-6.232174728082828
without_rvol,stress27,540,107,19.814814814814813,2,8.411214953271028,0.6298078781786132,-0.13711236068326152,4.593370539608098,0.4218401515966621,-0.07260505087244963,-1.4386556376577984,-0.384331151691591,-2.053814068427373,-0.41875657212512507,-0.5634811350937746,-0.8367763661411143,-0.09774542271866166,4.672897196261682,0.0,25,10,1.3712025571664221,1.1729016193860364,24.19084374202604,78.06620497821183,-0.10651833750656228,38.73831775700935,-2.8752686623295554
without_rvol,all83,1660,281,16.927710843373493,2,10.676156583629894,1.0128871243302047,-0.17535918892705965,5.776070991931386,0.6903670508284524,-0.048500151924504784,-0.8209965476377015,-0.21122531773309794,-6.372644496217172,-0.5309010437299254,-0.8108905489859544,-1.4019480974925493,-0.09012951067608546,4.98220640569395,0.0,77,10,5.126736046434105,1.6663810402321486,16.871692555161005,47.98242096373949,-0.09012951067608546,44.519572953736656,-8.057451347238608
without_adx,fit28,560,32,5.714285714285714,2,12.5,4.1831804214459885,-0.12557605264388122,33.311927978091425,4.75884685401306,0.41301850661735245,2.3601057520991566,3.2316942882187467,-0.5038192453806656,-0.2920688810762126,-0.4025119448874558,-0.5038192453806631,0.17665232711129772,6.25,0.0,15,10,7.740370071305053,6.738686449504408,46.25888254557677,100.0,-0.04622182180558388,40.625,-2.2323579752588363
without_adx,validation28,560,39,6.964285714285714,2,10.256410256410257,1.2446929381561962,-0.25556467085002,4.870363865303798,0.5566130131775769,-0.10169209556733115,-0.708212808415342,-0.2812755082307672,-2.078506847500605,-0.9589087122120891,-1.059258290364936,-1.0727094324737394,-0.16586732274977406,5.128205128205128,0.0,21,10,2.336966537365498,2.1415028665176727,46.938615656230084,100.0,-0.23776407098395708,43.84615384615385,-3.21052614597791
without_adx,development56,1120,71,6.339285714285714,2,11.267605633802816,2.7139366798010927,-0.19779195164729169,13.721168415591869,1.7423705924561104,0.13029014767083613,0.8259464718419077,1.30203482256338,-2.078506847500583,-0.7276519888985276,-0.9658839443980827,-1.0727094324737394,0.02157472019034736,5.633802816901409,0.0,36,10,7.740370071305053,5.403108287103545,35.65102554213034,87.83222709781079,-0.07803565528658597,42.394366197183096,-3.21052614597791
without_adx,stress27,540,40,7.407407407407407,2,12.5,0.36121539360953503,-0.12445614759300752,2.9023507524173895,0.41462153605962704,-0.06374720494268969,-0.47220151809399774,-0.10737771995000359,-1.2997237565744335,-0.28736969790194966,-0.522350060165782,-0.6911950496845553,-0.08626989520334849,2.5,0.0,19,10,0.8146377152230031,0.705983283696257,45.105370902526175,100.0,-0.11380236038388061,47.875,-1.6412737820946433
without_adx,all83,1660,111,6.686746987951807,2,11.711711711711711,1.8090438774197244,-0.17160059305647588,10.542177303690003,1.3984520913058167,0.06036677735965564,0.40365736668203467,0.7941384108468453,-2.7291900415114867,-0.6177146750173513,-0.8690448231068166,-1.0727094324737394,-0.04991818761179975,4.504504504504505,0.0,55,10,7.740370071305053,4.004185793744173,32.91313659331087,81.08698259882382,-0.07274363664069847,44.369369369369366,-3.997594607217758
no_soft_loss,fit28,560,23,4.107142857142857,2,8.695652173913043,6.070897368303976,-0.10567446355383903,57.44904837118928,5.471337940113264,0.4314187392164057,1.771898393210238,3.6075843677825996,-0.46797937989325744,-0.25450771017766294,-0.27060665090044145,-0.28459416563418327,0.09919367866692184,4.3478260869565215,0.0,14,9,7.740370071305053,7.406475530704837,63.749801732091186,100.0,-0.10970992456369986,39.130434782608695,-2.2323579752588363
no_soft_loss,validation28,560,25,4.464285714285714,2,8.0,1.0353389461004958,-0.1655786428681444,6.252853195112667,0.5437263647924059,-0.06950523575065318,-0.3102912310297017,-0.08676116116000117,-0.7543332319549845,-0.5248443664361875,-0.6272704397669449,-0.6951418516124414,-0.1426271609016281,8.0,0.0,14,8,1.6854209678727454,1.5554045635182956,81.39464733847407,100.0,-0.1718873004985535,33.4,-2.2903341794963783
no_soft_loss,development56,1120,48,4.285714285714286,2,8.333333333333334,3.553118157202236,-0.13698801183177137,25.937438683069992,2.357948971188181,0.1705208355877292,0.730803581090268,1.6834460714583284,-0.7543332319549956,-0.3805038566999003,-0.5470555333430112,-0.6951418516124414,0.009460213551190436,6.25,0.0,28,9,7.740370071305053,6.738686449504408,54.4618116316733,100.0,-0.1253825688059932,36.145833333333336,-2.2903341794963783
no_soft_loss,stress27,540,27,5.0,2,11.11111111111111,0.39116639886143517,-0.1173408454256154,3.333591107534699,0.41669888844183733,-0.06084004050483202,-0.3042002025241601,-0.09788200559258982,-0.9495754834109027,-0.233494244541982,-0.4756869131173739,-0.6911950496845553,-0.09451226187897951,7.4074074074074066,0.0,14,10,0.8146377152230031,0.7123421291517732,69.4195375330603,100.0,-0.1173408454256154,37.22222222222222,-0.9958312014397119
no_soft_loss,all83,1660,75,4.518072289156627,2,9.333333333333334,2.197995975056179,-0.13005371780606928,16.900677751740552,1.7397756509144684,0.08723092019440719,0.3941156032879843,1.0421679637199979,-0.9495754834109027,-0.3743819929046565,-0.5830904124283972,-0.6951418516124414,-0.016189879144925846,6.666666666666667,0.0,42,10,7.740370071305053,5.737002827703762,50.30796987766626,97.66760601518175,-0.10117912069305775,36.53333333333333,-2.2903341794963783
no_fast_failure,fit28,560,23,4.107142857142857,2,21.73913043478261,2.4854737552078556,-0.4365655577989202,5.693242883701448,1.5814563565837354,0.19866037981124846,0.8159265599390562,2.1055911356956507,-1.7788015447074423,-1.012749482282865,-1.1310180577315927,-1.219419012576271,-0.14414460616574268,8.695652173913043,0.0,14,9,7.740370071305053,6.404791908904192,62.284866658410884,100.0,-0.3863456113793633,91.52173913043478,-3.3553512398635688
no_fast_failure,validation28,560,25,4.464285714285714,2,36.0,0.49273871094818067,-0.4743553295377527,1.0387544531824742,0.5842993799151417,-0.1262014749628167,-0.5633994417982888,-0.44919937488001666,-1.6870067492189333,-0.9947773826022733,-1.1492217209636941,-1.2732888027005724,-0.20168574341429846,28.000000000000004,0.0,14,8,1.6854209678727454,0.9038590343521373,38.005740622639934,85.80842143750826,-0.27949156144985143,125.2,-3.1616134694203435
no_fast_failure,development56,1120,48,4.285714285714286,2,29.166666666666668,1.2044297981837788,-0.45434897979366495,2.6508913891052437,1.0915435131609827,0.02946149711642281,0.12626355907038345,0.7749710781041573,-2.232072721224043,-1.0365052406058801,-1.1784416393879193,-1.2732888027005724,-0.13460038744078207,18.75,0.0,28,9,7.740370071305053,3.586623556073856,45.904176179924384,89.76133790954721,-0.27584586317538673,109.0625,-3.3553512398635688
no_fast_failure,stress27,540,27,5.0,2,25.925925925925927,0.2971833629069875,-0.27243034552605777,1.0908599860016774,0.381800995100587,-0.12475271741378678,-0.6237635870689339,-0.36820617422221363,-0.9277735288754752,-0.48160166921901926,-0.6491294042003515,-0.808099893173154,-0.16088311866904792,22.22222222222222,0.0,14,10,0.8146377152230031,0.5628665563025895,39.15993658664286,94.46877716045692,-0.2049858492969615,98.33333333333333,-1.4115421796230487
no_fast_failure,all83,1660,75,4.518072289156627,2,28.0,0.9020143197581815,-0.3869717078426993,2.330956763704396,0.906483185885043,-0.026055620114452633,-0.11772117521590046,0.3634272672666638,-2.232072721224043,-0.9188342410409173,-1.1401198893476434,-1.2732888027005724,-0.13100731864714865,20.0,0.0,42,10,7.740370071305053,1.6854209678727454,40.862882433323264,81.03726258861184,-0.21918593351478674,105.2,-3.381369269706702
no_trailing,fit28,560,23,4.107142857142857,2,8.695652173913043,6.052172559197788,-0.12740964543962205,47.50168276754088,4.5239697873848455,0.40994532887667445,1.6837040293149128,3.4753125522608594,-0.5490381233021258,-0.2817966626874349,-0.39687487685588707,-0.5091555880775909,0.07674420422083908,8.695652173913043,0.0,14,9,7.740370071305053,7.402730568883601,63.947037163882804,100.0,-0.13253186554377205,41.73913043478261,-2.2323579752588363
no_trailing,validation28,560,25,4.464285714285714,2,8.0,1.0353389461004958,-0.1583881308118805,6.536720528195263,0.5684104807126317,-0.06288996465889035,-0.2807587707986176,-0.060810014200002344,-0.7543332319549845,-0.39253894460093125,-0.5445795511199096,-0.6951418516124414,-0.13573625351437515,8.0,0.0,14,8,1.6854209678727454,1.5554045635182956,81.39464733847407,100.0,-0.16436994698518662,28.4,-2.2903341794963783
no_trailing,development56,1120,48,4.285714285714286,2,8.333333333333334,3.543755752649142,-0.14360294461148443,24.677458823958794,2.2434053476326175,0.1636769468269011,0.7014726292581476,1.6335820488958273,-0.7543332319549956,-0.39143021508109616,-0.5327715634391367,-0.6951418516124414,0.0024707101358766087,8.333333333333332,0.0,28,9,7.740370071305053,6.727451564040694,54.60569669282882,100.0,-0.1318505030794904,34.791666666666664,-2.2903341794963783
no_trailing,stress27,540,27,5.0,2,7.407407407407407,0.43516970585872583,-0.12242128231877492,3.5546899821354576,0.2843751985708366,-0.08111824615747858,-0.4055912307873929,-0.14464714403703316,-0.9495754834109027,-0.2527571005135726,-0.4756869131173739,-0.6911950496845553,-0.11557039851826634,14.814814814814813,0.0,14,10,0.8146377152230031,0.7387441133501477,93.60000297073394,100.0,-0.12654930501847597,40.0,-1.1914409019211925
no_trailing,all83,1660,75,4.518072289156627,2,8.0,2.507560403719003,-0.13592842928803894,18.447652318598934,1.6041436798781683,0.07555067735252441,0.34134342177345367,0.9934195394399975,-0.9495754834109027,-0.38884317953481423,-0.5723774350004913,-0.6951418516124414,-0.028027963106293532,10.666666666666668,0.0,42,10,7.740370071305053,6.052172559197788,51.446883458421624,99.6297749769601,-0.11282590673373598,36.666666666666664,-2.2903341794963783
no_late_tightening,fit28,560,23,4.107142857142857,2,8.695652173913043,6.052172559197788,-0.12740964543962205,47.50168276754088,4.5239697873848455,0.40994532887667445,1.6837040293149128,3.4753125522608594,-0.5490381233021258,-0.2817966626874349,-0.39687487685588707,-0.5091555880775909,0.07674420422083908,8.695652173913043,0.0,14,9,7.740370071305053,7.402730568883601,63.947037163882804,100.0,-0.13253186554377205,41.73913043478261,-2.2323579752588363
no_late_tightening,validation28,560,25,4.464285714285714,2,8.0,1.0353389461004958,-0.1583881308118805,6.536720528195263,0.5684104807126317,-0.06288996465889035,-0.2807587707986176,-0.060810014200002344,-0.7543332319549845,-0.39253894460093125,-0.5445795511199096,-0.6951418516124414,-0.13573625351437515,8.0,0.0,14,8,1.6854209678727454,1.5554045635182956,81.39464733847407,100.0,-0.16436994698518662,28.4,-2.2903341794963783
no_late_tightening,development56,1120,48,4.285714285714286,2,8.333333333333334,3.543755752649142,-0.14360294461148443,24.677458823958794,2.2434053476326175,0.1636769468269011,0.7014726292581476,1.6335820488958273,-0.7543332319549956,-0.39143021508109616,-0.5327715634391367,-0.6951418516124414,0.0024707101358766087,8.333333333333332,0.0,28,9,7.740370071305053,6.727451564040694,54.60569669282882,100.0,-0.1318505030794904,34.791666666666664,-2.2903341794963783
no_late_tightening,stress27,540,27,5.0,2,7.407407407407407,0.43516970585872583,-0.12242128231877492,3.5546899821354576,0.2843751985708366,-0.08111824615747858,-0.4055912307873929,-0.14464714403703316,-0.9495754834109027,-0.2527571005135726,-0.4756869131173739,-0.6911950496845553,-0.11557039851826634,14.814814814814813,0.0,14,10,0.8146377152230031,0.7387441133501477,93.60000297073394,100.0,-0.12654930501847597,40.0,-1.1914409019211925
no_late_tightening,all83,1660,75,4.518072289156627,2,8.0,2.507560403719003,-0.13592842928803894,18.447652318598934,1.6041436798781683,0.07555067735252441,0.34134342177345367,0.9934195394399975,-0.9495754834109027,-0.38884317953481423,-0.5723774350004913,-0.6951418516124414,-0.028027963106293532,10.666666666666668,0.0,42,10,7.740370071305053,6.052172559197788,51.446883458421624,99.6297749769601,-0.11282590673373598,36.666666666666664,-2.2903341794963783
soft_loss_always_active,fit28,560,23,4.107142857142857,2,8.695652173913043,6.070897368303976,-0.10567446355383903,57.44904837118928,5.471337940113264,0.4314187392164057,1.771898393210238,3.6075843677825996,-0.46797937989325744,-0.25450771017766294,-0.27060665090044145,-0.28459416563418327,0.09919367866692184,4.3478260869565215,0.0,14,9,7.740370071305053,7.406475530704837,63.749801732091186,100.0,-0.10970992456369986,39.130434782608695,-2.2323579752588363
soft_loss_always_active,validation28,560,25,4.464285714285714,2,8.0,1.0353389461004958,-0.1583881308118805,6.536720528195263,0.5684104807126317,-0.06288996465889035,-0.2807587707986176,-0.060810014200002344,-0.7543332319549845,-0.39253894460093125,-0.5445795511199096,-0.6951418516124414,-0.13573625351437515,8.0,0.0,14,8,1.6854209678727454,1.5554045635182956,81.39464733847407,100.0,-0.16436994698518662,28.4,-2.2903341794963783
soft_loss_always_active,development56,1120,48,4.285714285714286,2,8.333333333333334,3.553118157202236,-0.13322933507508794,26.669187797114663,2.4244716179195147,0.17396628928135568,0.7455698112058101,1.6969622938333278,-0.7543332319549956,-0.3805038566999003,-0.4919282742449878,-0.6951418516124414,0.01297897477021323,6.25,0.0,28,9,7.740370071305053,6.738686449504408,54.4618116316733,100.0,-0.1217074181994583,33.541666666666664,-2.2903341794963783
soft_loss_always_active,stress27,540,27,5.0,2,11.11111111111111,0.39116639886143517,-0.1173408454256154,3.333591107534699,0.41669888844183733,-0.06084004050483202,-0.3042002025241601,-0.09788200559258982,-0.9495754834109027,-0.233494244541982,-0.4756869131173739,-0.6911950496845553,-0.09451226187897951,7.4074074074074066,0.0,14,10,0.8146377152230031,0.7123421291517732,69.4195375330603,100.0,-0.1173408454256154,37.22222222222222,-0.9958312014397119
soft_loss_always_active,all83,1660,75,4.518072289156627,2,9.333333333333334,2.197995975056179,-0.12762163284586237,17.222753901847142,1.7729305487195584,0.08943601055832812,0.40407836095630173,1.0508183460399976,-0.9495754834109027,-0.3743819929046565,-0.5417449681048796,-0.6951418516124414,-0.013954990262573568,6.666666666666667,0.0,42,10,7.740370071305053,5.737002827703762,50.30796987766626,97.66760601518175,-0.09888215156397347,34.86666666666667,-2.2903341794963783
