name,period,jobs,trades,trade_rate_pct,cost_bps,win_rate_pct,avg_win_pct,avg_loss_pct,payoff_ratio,profit_factor,mean_trade_pct,mean_job_bps,mean_gross_points,worst_stream_mdd_pct,p05_pct,cvar05_pct,worst_trade_pct,trim_top1_mean_pct,held_until_flatten_pct,unclosed_after_day_pct
previous_frozen_5m,fit28,560,26,4.642857142857143,0,15.384615384615385,3.73719553962112,-0.08915354047680894,41.918644168632405,7.621571667024074,0.4995155487690263,2.3191793335704793,3.6548531209615334,-0.3857797979162303,-0.25232184329472057,-0.2806212835122606,-0.29664840139033793,0.2090813678675852,7.6923076923076925,0.0
previous_frozen_5m,fit28,560,26,4.642857142857143,2,15.384615384615385,3.71719553962112,-0.10915354047680897,34.054740903350584,6.19177107333647,0.47951554876902613,2.2263221907133355,3.6548531209615334,-0.5053340732185108,-0.27232184329472064,-0.3006212835122606,-0.31664840139033795,0.18908136786758523,7.6923076923076925,0.0
previous_frozen_5m,fit28,560,26,4.642857142857143,5,15.384615384615385,3.6871955396211202,-0.13915354047680897,26.497317473827554,4.817694086150465,0.4495155487690263,2.087036476427622,3.6548531209615334,-0.6844412746944251,-0.3023218432947206,-0.3306212835122606,-0.3466484013903379,0.1590813678675852,7.6923076923076925,0.0
previous_frozen_5m,fit28,560,26,4.642857142857143,10,15.384615384615385,3.63719553962112,-0.18915354047680896,19.228799685444194,3.49614539735349,0.39951554876902634,1.8548936192847651,3.6548531209615334,-0.9823561773183664,-0.35232184329472055,-0.38062128351226066,-0.39664840139033797,0.1090813678675852,7.6923076923076925,0.0
previous_frozen_5m,fit28,560,26,4.642857142857143,20,15.384615384615385,3.53719553962112,-0.28915354047680897,12.232931797370867,2.2241694177037936,0.29951554876902636,1.390607904999051,3.6548531209615334,-1.5759522328055997,-0.4523218432947206,-0.4806212835122605,-0.49664840139033795,0.009081367867585177,7.6923076923076925,0.0
previous_frozen_5m,validation28,560,37,6.607142857142857,0,10.81081081081081,1.0628766550487385,-0.14502252837000357,7.329045128333204,0.8883691064646309,-0.014438832865274693,-0.09539943143127921,-0.11042716597297551,-1.187005874298841,-0.3681040265215908,-0.7805115624631082,-1.1870058742988383,-0.06409752889465825,8.108108108108109,0.0
previous_frozen_5m,validation28,560,37,6.607142857142857,2,10.81081081081081,1.0428766550487387,-0.16502252837000358,6.319601725592662,0.7660123303748682,-0.03443883286527468,-0.2275422885741363,-0.11042716597297551,-1.2070058742988388,-0.3881040265215908,-0.8005115624631083,-1.2070058742988383,-0.08409752889465828,8.108108108108109,0.0
previous_frozen_5m,validation28,560,37,6.607142857142857,5,10.81081081081081,1.0128766550487387,-0.1950225283700036,5.193639234986604,0.6295320284832248,-0.0644388328652747,-0.4257565742884222,-0.11042716597297551,-1.2370058742988355,-0.41810402652159084,-0.8305115624631081,-1.2370058742988383,-0.11409752889465824,8.108108108108109,0.0
previous_frozen_5m,validation28,560,37,6.607142857142857,10,10.81081081081081,0.9628766550487386,-0.2450225283700036,3.929747445894926,0.4763330237448395,-0.11443883286527473,-0.7561137171455652,-0.11042716597297551,-1.287005874298841,-0.46810402652159083,-0.8805115624631081,-1.2870058742988384,-0.16409752889465828,8.108108108108109,0.0
previous_frozen_5m,validation28,560,37,6.607142857142857,20,10.81081081081081,0.8628766550487388,-0.3450225283700036,2.5009284440794146,0.3031428417065957,-0.2144388328652747,-1.4168280028598506,-0.11042716597297551,-1.719448204129248,-0.5681040265215909,-0.9805115624631082,-1.3870058742988385,-0.26409752889465826,8.108108108108109,0.0
previous_frozen_5m,development56,1120,63,5.625,0,12.698412698412698,2.4000360973349295,-0.12267493321272574,19.56419322579228,2.8457008328425135,0.19766932463459547,1.1118899510695996,1.4434980318095203,-1.187005874298841,-0.3438860531111794,-0.5691958816253806,-1.1870058742988383,0.07569028033345913,7.936507936507936,0.0
previous_frozen_5m,development56,1120,63,5.625,2,12.698412698412698,2.3800360973349295,-0.14267493321272579,16.68152943016513,2.426404280751292,0.17766932463459556,0.9993899510696,1.4434980318095203,-1.2070058742988388,-0.36388605311117944,-0.5891958816253806,-1.2070058742988383,0.055690280333459144,7.936507936507936,0.0
previous_frozen_5m,development56,1120,63,5.625,5,12.698412698412698,2.3500360973349297,-0.17267493321272573,13.609596098350988,1.979577614305598,0.1476693246345955,0.8306399510695996,1.4434980318095203,-1.2370058742988355,-0.3938860531111794,-0.6191958816253805,-1.2370058742988383,0.025690280333459155,7.936507936507936,0.0
previous_frozen_5m,development56,1120,63,5.625,10,12.698412698412698,2.3000360973349294,-0.22267493321272577,10.329119960429761,1.5024174487897832,0.09766932463459554,0.5493899510695999,1.4434980318095203,-1.5522482095147283,-0.44388605311117946,-0.6691958816253806,-1.2870058742988384,-0.024309719666540868,7.936507936507936,0.0
previous_frozen_5m,development56,1120,63,5.625,20,12.698412698412698,2.2000360973349293,-0.32267493321272567,6.81811901355393,0.9917264019714807,-0.0023306753654044597,-0.013110048930400084,1.4434980318095203,-2.4362714985275757,-0.5438860531111793,-0.7691958816253806,-1.3870058742988385,-0.12430971966654089,7.936507936507936,0.0
previous_frozen_5m,stress27,540,40,7.407407407407407,0,10.0,0.28088604083392094,-0.1217701548369764,2.3066903479753798,0.27137533505592704,-0.07541602752803783,-0.5586372409484284,-0.3798003596749993,-1.1517534268762675,-0.3639709873237117,-0.5546020112448634,-0.6711950496845553,-0.0927176737296734,5.0,0.0
previous_frozen_5m,stress27,540,40,7.407407407407407,2,10.0,0.260886040833921,-0.13500514623492213,1.9324155271825996,0.21471283635362218,-0.09541602752803782,-0.7067853890965765,-0.3798003596749993,-1.2112800830329284,-0.3839709873237117,-0.5746020112448634,-0.6911950496845553,-0.11271767372967338,5.0,0.0
previous_frozen_5m,stress27,540,40,7.407407407407407,5,10.0,0.230886040833921,-0.16500514623492216,1.3992656962662395,0.15547396625180437,-0.12541602752803782,-0.9290076113187986,-0.3798003596749993,-1.3005252510482457,-0.4139709873237116,-0.6046020112448633,-0.7211950496845553,-0.14271767372967342,5.0,0.0
previous_frozen_5m,stress27,540,40,7.407407407407407,10,7.5,0.24928082228041182,-0.20985090724223643,1.1878948990802332,0.09631580262812701,-0.1754160275280378,-1.2993779816891688,-0.3798003596749993,-1.473093913013701,-0.46397098732371167,-0.6546020112448634,-0.7711950496845553,-0.1927176737296734,5.0,0.0
previous_frozen_5m,stress27,540,40,7.407407407407407,20,5.0,0.26125397960130187,-0.30366181737695047,0.8603451756234284,0.04528132503281202,-0.27541602752803784,-2.0401187224299098,-0.3798003596749993,-1.8680730627367415,-0.5639709873237116,-0.7546020112448635,-0.8711950496845554,-0.2927176737296734,5.0,0.0
previous_frozen_5m,all83,1660,103,6.204819277108434,0,11.650485436893204,1.6936527451679266,-0.12232928754109115,13.845030729857054,1.8667457163852208,0.09161676068794179,0.5684654428227714,0.7354209865728136,-1.3484074627063802,-0.35898029422918226,-0.5661545198594713,-1.1870058742988383,-0.027180875106435114,6.796116504854369,0.0
previous_frozen_5m,all83,1660,103,6.204819277108434,2,11.650485436893204,1.6736527451679268,-0.13964073177095726,11.985419468533724,1.58049487497148,0.07161676068794177,0.4443690572806026,0.7354209865728136,-1.4275734373044524,-0.3789802942291823,-0.5861545198594713,-1.2070058742988383,-0.04718087510643511,6.796116504854369,0.0
previous_frozen_5m,all83,1660,103,6.204819277108434,5,11.650485436893204,1.6436527451679266,-0.1696407317709573,9.689021781556132,1.2776732019634462,0.04161676068794179,0.2582244789673496,0.7354209865728136,-1.5462330495577103,-0.40898029422918225,-0.6161545198594712,-1.2370058742988383,-0.0771808751064351,6.796116504854369,0.0
previous_frozen_5m,all83,1660,103,6.204819277108434,10,10.679611650485437,1.740739204138243,-0.21751744450720284,8.002756781562871,0.9568513543172996,-0.00838323931205822,-0.05201648488807208,0.7354209865728136,-2.12804592362833,-0.45898029422918224,-0.6661545198594712,-1.2870058742988384,-0.12718087510643514,6.796116504854369,0.0
previous_frozen_5m,all83,1660,103,6.204819277108434,20,9.70873786407767,1.812279673788204,-0.3149061331938068,5.754983732478939,0.6188154551052624,-0.10838323931205826,-0.6724984125989156,0.7354209865728136,-3.2981554623652265,-0.5589802942291823,-0.7661545198594713,-1.3870058742988385,-0.22718087510643512,6.796116504854369,0.0
transfer_27_90_to_5m,fit28,560,15,2.6785714285714284,0,6.666666666666667,4.383975047090523,-0.14508654615883307,30.216275479403716,2.1583053913859795,0.15685089339112399,0.42013632158336783,0.7992273302000115,-0.633429015604936,-0.3752446206254079,-0.6334290156049323,-0.6334290156049323,-0.1450865461588331,6.666666666666667,0.0
transfer_27_90_to_5m,fit28,560,15,2.6785714285714284,2,6.666666666666667,4.3639750470905225,-0.1650865461588331,26.434468154006048,1.8881762967147178,0.136850893391124,0.36656489301193923,0.7992273302000115,-0.6534290156049338,-0.395244620625408,-0.6534290156049323,-0.6534290156049323,-0.1650865461588331,6.666666666666667,0.0
transfer_27_90_to_5m,fit28,560,15,2.6785714285714284,5,6.666666666666667,4.333975047090523,-0.19508654615883309,22.21565316739957,1.5868323690999693,0.106850893391124,0.28620775015479644,0.7992273302000115,-0.6834290156049305,-0.42524462062540797,-0.6834290156049323,-0.6834290156049323,-0.19508654615883309,6.666666666666667,0.0
transfer_27_90_to_5m,fit28,560,15,2.6785714285714284,10,6.666666666666667,4.2839750470905225,-0.2450865461588331,17.479437832194222,1.2485312737281586,0.05685089339112398,0.15227917872622493,0.7992273302000115,-0.7334290156049361,-0.47524462062540795,-0.7334290156049323,-0.7334290156049323,-0.2450865461588331,6.666666666666667,0.0
transfer_27_90_to_5m,fit28,560,15,2.6785714285714284,20,6.666666666666667,4.183975047090523,-0.3450865461588331,12.124422391027563,0.8660301707876831,-0.04314910660887607,-0.11557796413091805,0.7992273302000115,-0.8334290156049362,-0.5752446206254079,-0.8334290156049324,-0.8334290156049324,-0.3450865461588331,6.666666666666667,0.0
transfer_27_90_to_5m,validation28,560,30,5.357142857142857,0,13.333333333333334,0.4885010697238184,-0.192313364877329,2.5401306354106943,0.3907893285247222,-0.10153810693050937,-0.543954144270586,-0.43586702970000507,-1.030855882435433,-0.4736170191614198,-0.6148832582458944,-0.6751418516124413,-0.1291932416272885,10.0,0.0
transfer_27_90_to_5m,validation28,560,30,5.357142857142857,2,10.0,0.6307338775368431,-0.20512388298243742,3.074892442392221,0.34165471582135787,-0.12153810693050936,-0.651097001413443,-0.43586702970000507,-1.110212882138728,-0.49361701916141976,-0.6348832582458944,-0.6951418516124414,-0.1491932416272885,10.0,0.0
transfer_27_90_to_5m,validation28,560,30,5.357142857142857,5,10.0,0.600733877536843,-0.23512388298243736,2.554967491676356,0.2838852768529284,-0.1515381069305094,-0.8118112871277289,-0.43586702970000507,-1.2291588883856397,-0.5236170191614199,-0.6648832582458944,-0.7251418516124413,-0.17919324162728853,10.0,0.0
transfer_27_90_to_5m,validation28,560,30,5.357142857142857,10,10.0,0.5507338775368431,-0.2851238829824374,1.9315599653599214,0.21461777392888015,-0.20153810693050944,-1.0796684299848718,-0.43586702970000507,-1.4271637428274975,-0.5736170191614198,-0.7148832582458945,-0.7751418516124413,-0.22919324162728852,10.0,0.0
transfer_27_90_to_5m,validation28,560,30,5.357142857142857,20,10.0,0.4507338775368431,-0.3851238829824374,1.1703607526137183,0.1300400836237465,-0.3015381069305094,-1.6153827156991574,-0.43586702970000507,-1.8222801930342203,-0.6736170191614198,-0.8148832582458944,-0.8751418516124414,-0.3291932416272886,10.0,0.0
transfer_27_90_to_5m,development56,1120,45,4.017857142857143,0,11.11111111111111,1.2675958651971595,-0.17578397832585546,7.21110010860821,0.9013875135760262,-0.015408440156631592,-0.061908911343609076,-0.02416890973333289,-1.1764026171809716,-0.5186212667824908,-0.6210651773655737,-0.6751418516124413,-0.11539442850315779,8.88888888888889,0.0
transfer_27_90_to_5m,development56,1120,45,4.017857142857143,2,8.88888888888889,1.5640441699252632,-0.19145259723779204,8.169354673118672,0.7970102120115777,-0.03540844015663156,-0.1422660542007518,-0.02416890973333289,-1.295165774854512,-0.5386212667824907,-0.6410651773655737,-0.6951418516124414,-0.1353944285031578,8.88888888888889,0.0
transfer_27_90_to_5m,development56,1120,45,4.017857142857143,5,8.88888888888889,1.534044169925263,-0.221452597237792,6.927189787158073,0.6758233938690803,-0.0654084401566316,-0.26280176848646625,-0.02416890973333289,-1.4730874874250732,-0.5686212667824908,-0.6710651773655737,-0.7251418516124413,-0.16539442850315783,8.88888888888889,0.0
transfer_27_90_to_5m,development56,1120,45,4.017857142857143,10,8.88888888888889,1.484044169925263,-0.271452597237792,5.467047230442384,0.5333704615065741,-0.11540844015663158,-0.46369462562932334,-0.02416890973333289,-1.769029738804484,-0.6186212667824907,-0.7210651773655737,-0.7751418516124413,-0.21539442850315782,8.88888888888889,0.0
transfer_27_90_to_5m,development56,1120,45,4.017857142857143,20,8.88888888888889,1.384044169925263,-0.37145259723779206,3.726031747300564,0.36351529241956726,-0.21540844015663163,-0.8654803399150377,-0.02416890973333289,-2.3586923339213084,-0.7186212667824907,-0.8210651773655738,-0.8751418516124414,-0.3153944285031578,8.88888888888889,0.0
transfer_27_90_to_5m,stress27,540,14,2.5925925925925926,0,7.142857142857143,0.4383230733265799,-0.21635796775777813,2.0259160218092873,0.1558396939853298,-0.16959503625175257,-0.43969083472676584,-0.7764298139285606,-1.202095627389288,-0.5946206491863643,-0.6711950496845553,-0.6711950496845553,-0.21635796775777819,21.428571428571427,0.0
transfer_27_90_to_5m,stress27,540,14,2.5925925925925926,2,7.142857142857143,0.4183230733265799,-0.23635796775777815,1.7698708331901098,0.13614391024539307,-0.18959503625175256,-0.49154268657861777,-0.7764298139285606,-1.261601987097638,-0.6146206491863643,-0.6911950496845553,-0.6911950496845553,-0.23635796775777815,21.428571428571427,0.0
transfer_27_90_to_5m,stress27,540,14,2.5925925925925926,5,7.142857142857143,0.3883230733265799,-0.26635796775777804,1.4578992195935174,0.11214609381488595,-0.21959503625175245,-0.5693204643563954,-0.7764298139285606,-1.3508167181135122,-0.6446206491863642,-0.7211950496845553,-0.7211950496845553,-0.26635796775777804,21.428571428571427,0.0
transfer_27_90_to_5m,stress27,540,14,2.5925925925925926,10,7.142857142857143,0.3383230733265799,-0.31635796775777814,1.0694311754639274,0.08226393657414825,-0.2695950362517526,-0.6989500939860253,-0.7764298139285606,-1.4993884870155738,-0.6946206491863642,-0.7711950496845553,-0.7711950496845553,-0.316357967757778,21.428571428571427,0.0
transfer_27_90_to_5m,stress27,540,14,2.5925925925925926,20,7.142857142857143,0.23832307332657987,-0.4163579677577781,0.5723994537921935,0.04403072721478411,-0.36959503625175255,-0.9582093532452844,-0.7764298139285606,-1.7960843593531117,-0.7946206491863642,-0.8711950496845554,-0.8711950496845554,-0.4163579677577781,21.428571428571427,0.0
transfer_27_90_to_5m,all83,1660,59,3.5542168674698793,0,10.169491525423728,1.1293837332187295,-0.18573608894123264,6.080583152453852,0.6883679040513795,-0.05199509007750773,-0.18480182617909371,-0.20267149716948862,-1.220466379410956,-0.562505099951906,-0.659921972300643,-0.6751418516124413,-0.12847733382178414,11.864406779661017,0.0
transfer_27_90_to_5m,all83,1660,59,3.5542168674698793,2,8.474576271186441,1.3348999506055268,-0.20226314940001092,6.599817883610265,0.6110942484824319,-0.07199509007750773,-0.25588616352849136,-0.20267149716948862,-1.2997093539469318,-0.5825050999519059,-0.679921972300643,-0.6951418516124414,-0.14847733382178413,11.864406779661017,0.0
transfer_27_90_to_5m,all83,1660,59,3.5542168674698793,5,8.474576271186441,1.3048999506055263,-0.23226314940001086,5.618196231198893,0.5202033547406382,-0.10199509007750773,-0.3625126695525877,-0.20267149716948862,-1.4730874874250732,-0.6125050999519059,-0.7099219723006429,-0.7251418516124413,-0.17847733382178416,11.864406779661017,0.0
transfer_27_90_to_5m,all83,1660,59,3.5542168674698793,10,8.474576271186441,1.2548999506055263,-0.2822631494000109,4.445851161488805,0.4116528853230374,-0.15199509007750772,-0.5402235129260817,-0.20267149716948862,-1.769029738804484,-0.662505099951906,-0.759921972300643,-0.7751418516124413,-0.2284773338217841,11.864406779661017,0.0
transfer_27_90_to_5m,all83,1660,59,3.5542168674698793,20,8.474576271186441,1.1548999506055262,-0.38226314940001094,3.0212170658307596,0.27974232091025547,-0.25199509007750776,-0.8956451996730699,-0.20267149716948862,-2.43188861180903,-0.762505099951906,-0.859921972300643,-0.8751418516124414,-0.3284773338217841,11.864406779661017,0.0
followup_5m,fit28,560,23,4.107142857142857,0,8.695652173913043,6.090897368303977,-0.08567446355383904,71.09349875854632,6.770809405575839,0.4514187392164057,1.854041250353095,3.6075843677825996,-0.3683140370539961,-0.23450771017766292,-0.25060665090044143,-0.26459416563418325,0.11919367866692185,4.3478260869565215,0.0
followup_5m,fit28,560,23,4.107142857142857,2,8.695652173913043,6.070897368303976,-0.10567446355383903,57.44904837118928,5.471337940113264,0.4314187392164057,1.771898393210238,3.6075843677825996,-0.46797937989325744,-0.25450771017766294,-0.27060665090044145,-0.28459416563418327,0.09919367866692184,4.3478260869565215,0.0
followup_5m,fit28,560,23,4.107142857142857,5,8.695652173913043,6.040897368303977,-0.13567446355383903,44.52494014031459,4.240470489553771,0.40141873921640586,1.6486841074959526,3.6075843677825996,-0.6173278306811136,-0.2845077101776629,-0.3006066509004415,-0.31459416563418324,0.06919367866692183,4.3478260869565215,0.0
followup_5m,fit28,560,23,4.107142857142857,10,8.695652173913043,5.990897368303977,-0.18567446355383901,32.26559675271031,3.072913976448601,0.3514187392164058,1.4433269646388096,3.6075843677825996,-0.8658434784751701,-0.33450771017766295,-0.35060665090044146,-0.3645941656341833,0.019193678666921826,4.3478260869565215,0.0
followup_5m,fit28,560,23,4.107142857142857,20,8.695652173913043,5.8908973683039765,-0.2856744635538391,20.62101489583706,1.9639061805559104,0.25141873921640573,1.0326126789245236,3.6075843677825996,-1.3613833268961484,-0.434507710177663,-0.45060665090044144,-0.4645941656341832,-0.08080632133307816,4.3478260869565215,0.0
followup_5m,validation28,560,25,4.464285714285714,0,8.0,1.055338946100496,-0.13838813081188045,7.625935402907374,0.6631248176441196,-0.04288996465889034,-0.1914730565129033,-0.060810014200002344,-0.7144803840352987,-0.37253894460093123,-0.5245795511199097,-0.6751418516124413,-0.11573625351437516,8.0,0.0
followup_5m,validation28,560,25,4.464285714285714,2,8.0,1.0353389461004958,-0.1583881308118805,6.536720528195263,0.5684104807126317,-0.06288996465889035,-0.2807587707986176,-0.060810014200002344,-0.7543332319549845,-0.39253894460093125,-0.5445795511199096,-0.6951418516124414,-0.13573625351437515,8.0,0.0
followup_5m,validation28,560,25,4.464285714285714,5,8.0,1.005338946100496,-0.1883881308118805,5.336530182490113,0.46404610282522724,-0.09288996465889036,-0.41468734222718917,-0.060810014200002344,-0.81409750383451,-0.4225389446009312,-0.5745795511199097,-0.7251418516124413,-0.16573625351437515,8.0,0.0
followup_5m,validation28,560,25,4.464285714285714,10,8.0,0.9553389461004959,-0.23838813081188043,4.0074937575410745,0.3484777180470499,-0.14288996465889037,-0.6379016279414748,-0.060810014200002344,-0.9136646236337254,-0.47253894460093127,-0.6245795511199097,-0.7751418516124413,-0.21573625351437517,8.0,0.0
followup_5m,validation28,560,25,4.464285714285714,20,8.0,0.8553389461004958,-0.33838813081188046,2.527686015606744,0.21979878396580382,-0.24288996465889034,-1.0843301993700463,-0.060810014200002344,-1.3773454723071343,-0.5725389446009312,-0.7245795511199097,-0.8751418516124414,-0.3157362535143751,8.0,0.0
followup_5m,development56,1120,48,4.285714285714286,0,8.333333333333334,3.573118157202236,-0.11322933507508795,31.556470369032244,2.8687700335483854,0.19396628928135573,0.8312840969200961,1.6969622938333278,-0.7144803840352765,-0.36050385669990026,-0.47192827424498784,-0.6751418516124413,0.032978974770213235,6.25,0.0
followup_5m,development56,1120,48,4.285714285714286,2,8.333333333333334,3.553118157202236,-0.13322933507508794,26.669187797114663,2.4244716179195147,0.17396628928135568,0.7455698112058101,1.6969622938333278,-0.7543332319549956,-0.3805038566999003,-0.4919282742449878,-0.6951418516124414,0.01297897477021323,6.25,0.0
followup_5m,development56,1120,48,4.285714285714286,5,8.333333333333334,3.523118157202236,-0.16322933507508797,21.583854125127374,1.9621685568297613,0.14396628928135569,0.6169983826343816,1.6969622938333278,-0.81409750383451,-0.41050385669990025,-0.5219282742449878,-0.7251418516124413,-0.017021025229786785,6.25,0.0
followup_5m,development56,1120,48,4.285714285714286,10,8.333333333333334,3.473118157202236,-0.21322933507508796,16.288181717488307,1.4807437924989368,0.09396628928135571,0.4027126683486673,1.6969622938333278,-1.10376788176626,-0.4605038566999003,-0.5719282742449878,-0.7751418516124413,-0.0670210252297868,6.25,0.0
followup_5m,development56,1120,48,4.285714285714286,20,8.333333333333334,3.373118157202236,-0.313229335075088,10.768844994654238,0.9789859086049306,-0.006033710718644289,-0.025858760222761238,1.6969622938333278,-1.7950601415796186,-0.5605038566999002,-0.6719282742449878,-0.8751418516124414,-0.16702102522978687,6.25,0.0
followup_5m,stress27,540,27,5.0,0,11.11111111111111,0.41116639886143513,-0.09734084542561541,4.223986313901852,0.5279982892377315,-0.040840040504832024,-0.20420020252416013,-0.09788200559258982,-0.909761758176153,-0.213494244541982,-0.4556869131173739,-0.6711950496845553,-0.07451226187897951,7.4074074074074066,0.0
followup_5m,stress27,540,27,5.0,2,11.11111111111111,0.39116639886143517,-0.1173408454256154,3.333591107534699,0.41669888844183733,-0.06084004050483202,-0.3042002025241601,-0.09788200559258982,-0.9495754834109027,-0.233494244541982,-0.4756869131173739,-0.6911950496845553,-0.09451226187897951,7.4074074074074066,0.0
followup_5m,stress27,540,27,5.0,5,11.11111111111111,0.36116639886143515,-0.14734084542561543,2.451230667356045,0.3064038334195056,-0.09084004050483202,-0.4542002025241601,-0.09788200559258982,-1.009281071263024,-0.263494244541982,-0.5056869131173739,-0.7211950496845553,-0.12451226187897953,7.4074074074074066,0.0
followup_5m,stress27,540,27,5.0,10,7.407407407407407,0.4788987500449285,-0.19041914374881286,2.514971659974782,0.20119773279798256,-0.14084004050483204,-0.7042002025241602,-0.09788200559258982,-1.1327792803219716,-0.313494244541982,-0.555686913117374,-0.7711950496845553,-0.17451226187897953,7.4074074074074066,0.0
followup_5m,stress27,540,27,5.0,20,7.407407407407407,0.3788987500449285,-0.2904191437488129,1.3046617559503677,0.10437294047602942,-0.24084004050483201,-1.2042002025241603,-0.09788200559258982,-1.4302120652214811,-0.4134942445419821,-0.655686913117374,-0.8711950496845554,-0.2745122618789795,7.4074074074074066,0.0
followup_5m,all83,1660,75,4.518072289156627,0,9.333333333333334,2.217995975056178,-0.10762163284586236,20.609202038709373,2.1215355039847883,0.10943601055832815,0.49443980673943444,1.0508183460399976,-0.909761758176153,-0.3543819929046565,-0.5217449681048797,-0.6751418516124413,0.006045009737426452,6.666666666666667,0.0
followup_5m,all83,1660,75,4.518072289156627,2,9.333333333333334,2.197995975056179,-0.12762163284586237,17.222753901847142,1.7729305487195584,0.08943601055832812,0.40407836095630173,1.0508183460399976,-0.9495754834109027,-0.3743819929046565,-0.5417449681048796,-0.6951418516124414,-0.013954990262573568,6.666666666666667,0.0
followup_5m,all83,1660,75,4.518072289156627,5,9.333333333333334,2.1679959750561784,-0.15762163284586236,13.754431646931698,1.4158973754194395,0.05943601055832813,0.26853619228160297,1.0508183460399976,-1.0853407605868504,-0.4043819929046565,-0.5717449681048796,-0.7251418516124413,-0.04395499026257356,6.666666666666667,0.0
followup_5m,all83,1660,75,4.518072289156627,10,8.0,2.475045021483133,-0.2049647730003506,12.075465384868352,1.050040468249422,0.009436010558328146,0.04263257782377174,1.0508183460399976,-1.5793403617137325,-0.45438199290465653,-0.6217449681048797,-0.7751418516124413,-0.09395499026257356,6.666666666666667,0.0
followup_5m,all83,1660,75,4.518072289156627,20,8.0,2.3750450214831336,-0.3049647730003506,7.787932350732206,0.6772115087593222,-0.09056398944167186,-0.40917465109189094,1.0508183460399976,-2.5606838600754633,-0.5543819929046565,-0.7217449681048796,-0.8751418516124414,-0.19395499026257357,6.666666666666667,0.0
no_confirmations,fit28,560,106,18.928571428571427,0,16.9811320754717,1.4202920268298265,-0.15396452032245983,9.224800777836341,1.9085794712764843,0.11481455863097045,2.1732755740862264,0.5692583153962285,-2.4627359981955865,-0.44546314962019923,-0.7542847527129414,-1.183783783794587,0.025020985607171767,9.433962264150944,0.0
no_confirmations,fit28,560,106,18.928571428571427,2,16.9811320754717,1.4002920268298267,-0.17221492350061368,8.131072489921797,1.6631739183930947,0.09481455863097046,1.794704145514798,0.5692583153962285,-2.6191750704525285,-0.4654631496201992,-0.7742847527129415,-1.203783783794587,0.005020985607171784,9.433962264150944,0.0
no_confirmations,fit28,560,106,18.928571428571427,5,16.9811320754717,1.3702920268298264,-0.2022149235006137,6.776413941702319,1.386084669893656,0.06481455863097045,1.226847002657655,0.5692583153962285,-2.8534220294343937,-0.4954631496201992,-0.8042847527129413,-1.2337837837945869,-0.024979014392828243,9.433962264150944,0.0
no_confirmations,fit28,560,106,18.928571428571427,10,16.9811320754717,1.3202920268298264,-0.2522149235006137,5.234789474408773,1.0707523924927034,0.014814558630970458,0.28041843122908366,0.5692583153962285,-3.2427380967235298,-0.5454631496201993,-0.8542847527129414,-1.2837837837945871,-0.07497901439282825,9.433962264150944,0.0
no_confirmations,fit28,560,106,18.928571428571427,20,16.9811320754717,1.2202920268298263,-0.3522149235006137,3.4646232893868287,0.7086729455563967,-0.08518544136902953,-1.6124387116280592,0.5692583153962285,-4.017276807696724,-0.6454631496201992,-0.9542847527129411,-1.383783783794587,-0.17497901439282826,9.433962264150944,0.0
no_confirmations,validation28,560,122,21.785714285714285,0,13.114754098360656,0.8112732909718688,-0.217995965215484,3.7215059928744267,0.561736753641423,-0.08300983325648688,-1.808428510230607,-0.5104294975327858,-3.9838720534027927,-0.8104904698171732,-1.008819814602152,-1.3819480974925493,-0.12002888966738169,5.737704918032787,0.0
no_confirmations,validation28,560,122,21.785714285714285,2,12.295081967213115,0.8448955417736754,-0.23589376433548162,3.581678151407547,0.5021044137487216,-0.1030098332564869,-2.2441427959448936,-0.5104294975327858,-4.138173873026685,-0.8304904698171732,-1.0288198146021523,-1.4019480974925493,-0.14002888966738167,5.737704918032787,0.0
no_confirmations,validation28,560,122,21.785714285714285,5,11.475409836065573,0.8739065223656634,-0.2635360275038026,3.316079894818379,0.42986220858756763,-0.1330098332564869,-2.897714224516322,-0.5104294975327858,-4.369219779326883,-0.8604904698171733,-1.0588198146021521,-1.4319480974925494,-0.1700288896673817,5.737704918032787,0.0
no_confirmations,validation28,560,122,21.785714285714285,10,11.475409836065573,0.8239065223656633,-0.31353602750380266,2.6277889942190797,0.34063931406543624,-0.1830098332564869,-3.986999938802036,-0.5104294975327858,-4.753213607332318,-0.9104904698171731,-1.1088198146021522,-1.4819480974925494,-0.2200288896673817,5.737704918032787,0.0
no_confirmations,validation28,560,122,21.785714285714285,20,10.655737704918034,0.7811047361812493,-0.4099225800701619,1.9054933154635108,0.22726067065161137,-0.2830098332564869,-6.165571367373465,-0.5104294975327858,-5.51715587665872,-1.0104904698171733,-1.2088198146021523,-1.581948097492549,-0.3200288896673817,5.737704918032787,0.0
no_confirmations,development56,1120,228,20.357142857142858,0,14.912280701754385,1.1336949746613756,-0.1891320496419446,5.994198110831192,1.0559727241878782,0.008961155954348547,0.18242353192780972,-0.008469373978068623,-4.892615614531093,-0.7280861521588814,-0.9670016374826276,-1.3819480974925493,-0.04426776649624353,7.456140350877193,0.0
no_confirmations,development56,1120,228,20.357142857142858,2,14.473684210526315,1.1478390790770308,-0.20715664642025922,5.540923252582525,0.9376947042831965,-0.011038844045651483,-0.22471932521504806,-0.008469373978068623,-5.064629411547072,-0.7480861521588815,-0.9870016374826278,-1.4019480974925493,-0.06426776649624356,7.456140350877193,0.0
no_confirmations,development56,1120,228,20.357142857142858,5,14.035087719298245,1.1531233686267552,-0.23600410325747295,4.886031016879119,0.79771934969455,-0.04103884404565145,-0.8354336109293332,-0.008469373978068623,-5.322131611355275,-0.7780861521588814,-1.0170016374826276,-1.4319480974925494,-0.09426776649624355,7.456140350877193,0.0
no_confirmations,development56,1120,228,20.357142857142858,10,14.035087719298245,1.1031233686267552,-0.2860041032574729,3.8570193786124713,0.629717449569383,-0.09103884404565146,-1.8532907537864762,-0.008469373978068623,-5.749922530384355,-0.8280861521588814,-1.0670016374826277,-1.4819480974925494,-0.14426776649624357,7.456140350877193,0.0
no_confirmations,development56,1120,228,20.357142857142858,20,13.596491228070175,1.036116711396552,-0.384144540587318,2.6972053535172846,0.4244333297412986,-0.1910388440456515,-3.8890050395007627,-0.008469373978068623,-6.600353378564117,-0.9280861521588815,-1.1670016374826278,-1.581948097492549,-0.24426776649624357,7.456140350877193,0.0
no_confirmations,stress27,540,128,23.703703703703702,0,9.375,0.6225145040175948,-0.13447693570549088,4.629154440140746,0.4788780455318013,-0.06350898823145164,-1.5053982395603354,-0.39817533832812524,-1.8338446620550841,-0.469526354579087,-0.6169997935052381,-0.8167763661411143,-0.08408266071599312,3.90625,0.0
no_confirmations,stress27,540,128,23.703703703703702,2,7.8125,0.7263715342907551,-0.15214293081807934,4.774270683396349,0.4045992104573177,-0.08350898823145164,-1.9794723136344092,-0.39817533832812524,-1.9323357265086827,-0.48952635457908694,-0.6369997935052383,-0.8367763661411143,-0.10408266071599312,3.90625,0.0
no_confirmations,stress27,540,128,23.703703703703702,5,7.8125,0.6963715342907552,-0.1821429308180793,3.823214720236807,0.32400124747769554,-0.11350898823145163,-2.6905834247455203,-0.39817533832812524,-2.0799240830464805,-0.5195263545790869,-0.6669997935052382,-0.8667763661411143,-0.13408266071599312,3.90625,0.0
no_confirmations,stress27,540,128,23.703703703703702,10,7.8125,0.646371534290755,-0.23214293081807927,2.7843688024999103,0.2359634578389755,-0.16350898823145166,-3.875768609930706,-0.39817533832812524,-2.3255097669424574,-0.569526354579087,-0.7169997935052382,-0.9167763661411144,-0.18408266071599313,3.90625,0.0
no_confirmations,stress27,540,128,23.703703703703702,20,7.8125,0.5463715342907552,-0.3321429308180794,1.6449892007185687,0.1394058644676753,-0.26350898823145164,-6.246138980301075,-0.39817533832812524,-3.301899598420266,-0.6695263545790869,-0.8169997935052383,-1.0167763661411142,-0.2840826607159931,3.90625,0.0
no_confirmations,all83,1660,356,21.44578313253012,0,12.92134831460674,1.000343547536911,-0.16861427224185194,5.932733535759463,0.8831901056470398,-0.017095525101220064,-0.3666269238574905,-0.1485883723960665,-6.190179749905744,-0.601758572354866,-0.8682205724938916,-1.3819480974925493,-0.05808626276319916,6.179775280898876,0.0
no_confirmations,all83,1660,356,21.44578313253012,2,12.07865168539326,1.0498233709871991,-0.18641665140090702,5.631596550511213,0.7736698136485053,-0.037095525101220064,-0.7955425865080928,-0.1485883723960665,-6.416277509904155,-0.621758572354866,-0.8882205724938916,-1.4019480974925493,-0.07808626276319916,6.179775280898876,0.0
no_confirmations,all83,1660,356,21.44578313253012,5,11.797752808988765,1.0443729318800883,-0.2157632804936244,4.840364539743585,0.6474372951249382,-0.06709552510122006,-1.4389160804839964,-0.1485883723960665,-6.754487671194376,-0.651758572354866,-0.9182205724938917,-1.4319480974925494,-0.10808626276319915,6.179775280898876,0.0
no_confirmations,all83,1660,356,21.44578313253012,10,11.797752808988765,0.9943729318800884,-0.26576328049362435,3.7415738172450173,0.5004652876569768,-0.11709552510122008,-2.5112052371105027,-0.1485883723960665,-7.422786928162206,-0.701758572354866,-0.9682205724938917,-1.4819480974925494,-0.15808626276319918,6.179775280898876,0.0
no_confirmations,all83,1660,356,21.44578313253012,20,11.51685393258427,0.916666668200016,-0.3646645724832857,2.5137255915970043,0.3271833309697688,-0.21709552510122007,-4.655783550363515,-0.1485883723960665,-8.900036685488855,-0.8017585723548661,-1.0682205724938918,-1.581948097492549,-0.2580862627631992,6.179775280898876,0.0
without_rvol,fit28,560,81,14.464285714285714,0,16.049382716049383,1.323637913896442,-0.16785796574832076,7.885463808616919,1.5300153658510443,0.07359023673476858,1.064430209913617,0.3944394663950614,-2.557048413763252,-0.47575751168249003,-0.7292049099922326,-1.183783783794587,0.010175914113526897,7.4074074074074066,0.0
without_rvol,fit28,560,81,14.464285714285714,2,16.049382716049383,1.303637913896442,-0.18538946625202196,7.031887734787757,1.344331478709424,0.05359023673476858,0.7751444956279027,0.3944394663950614,-2.6938932632288637,-0.49575751168249,-0.7492049099922327,-1.203783783794587,-0.009824085886473129,7.4074074074074066,0.0
without_rvol,fit28,560,81,14.464285714285714,5,16.049382716049383,1.273637913896442,-0.21538946625202193,5.913185709862847,1.130461973944368,0.02359023673476859,0.3412159241993314,0.3944394663950614,-2.8988516686680676,-0.5257575116824901,-0.7792049099922327,-1.2337837837945869,-0.03982408588647311,7.4074074074074066,0.0
without_rvol,fit28,560,81,14.464285714285714,10,16.049382716049383,1.223637913896442,-0.2653894662520219,4.6107252528796225,0.881462180697575,-0.02640976326523141,-0.38199836151495425,0.3944394663950614,-3.239626738148349,-0.57575751168249,-0.8292049099922326,-1.2837837837945871,-0.08982408588647312,7.4074074074074066,0.0
without_rvol,fit28,560,81,14.464285714285714,20,16.049382716049383,1.123637913896442,-0.36538946625202195,3.075178727570185,0.5879018155648884,-0.1264097632652314,-1.8284269329435257,0.3944394663950614,-3.9181026304827338,-0.6757575116824901,-0.9292049099922326,-1.383783783794587,-0.18982408588647312,7.4074074074074066,0.0
without_rvol,validation28,560,93,16.607142857142858,0,9.67741935483871,0.8819988305099595,-0.19379286782785266,4.551245050429019,0.4876333982602521,-0.08968399379516113,-1.4893948969553545,-0.5395750304301102,-3.5922967968695207,-0.7071846751510157,-0.9993452837308403,-1.3819480974925493,-0.11152078248237922,3.225806451612903,0.0
without_rvol,validation28,560,93,16.607142857142858,2,8.602150537634408,0.9713812432056084,-0.211431310218763,4.5943112313902,0.4324057629543718,-0.10968399379516117,-1.821537754098212,-0.5395750304301102,-3.7086365778073227,-0.7271846751510156,-1.0193452837308403,-1.4019480974925493,-0.1315207824823792,3.225806451612903,0.0
without_rvol,validation28,560,93,16.607142857142858,5,8.602150537634408,0.9413812432056085,-0.24143131021876302,3.8991680174067507,0.36698051928534126,-0.1396839937951612,-2.3197520398124984,-0.5395750304301102,-3.8829268719576038,-0.7571846751510157,-1.0493452837308404,-1.4319480974925494,-0.16152078248237925,3.225806451612903,0.0
without_rvol,validation28,560,93,16.607142857142858,10,8.602150537634408,0.8913812432056084,-0.291431310218763,3.058632384202277,0.2878712832190378,-0.18968399379516118,-3.150109182669641,-0.5395750304301102,-4.172826474035174,-0.8071846751510157,-1.0993452837308404,-1.4819480974925494,-0.2115207824823792,3.225806451612903,0.0
without_rvol,validation28,560,93,16.607142857142858,20,7.526881720430108,0.9072457432688317,-0.387108507277114,2.3436471330746915,0.19076197594794,-0.28968399379516113,-4.8108234683839255,-0.5395750304301102,-4.750440134999434,-0.9071846751510156,-1.1993452837308403,-1.581948097492549,-0.3115207824823792,3.225806451612903,0.0
without_rvol,development56,1120,174,15.535714285714286,0,12.64367816091954,1.14296737978379,-0.18228532849455042,6.270210494850441,0.9135406018987396,-0.013677024410538688,-0.2124823435208689,-0.10477517845977176,-4.50474641760138,-0.5678816869584244,-0.927900614541796,-1.3819480974925493,-0.06946490092541126,5.172413793103448,0.0
without_rvol,development56,1120,174,15.535714285714286,2,12.068965517241379,1.1770639441094577,-0.1998571573446558,5.889526098280275,0.8083663272149395,-0.03367702441053869,-0.5231966292351546,-0.10477517845977176,-4.639243374677693,-0.5878816869584245,-0.9479006145417961,-1.4019480974925493,-0.08946490092541126,5.172413793103448,0.0
without_rvol,development56,1120,174,15.535714285714286,5,12.068965517241379,1.1470639441094577,-0.22985715734465587,4.9903338114875835,0.6849477780473153,-0.0636770244105387,-0.9892680578065833,-0.10477517845977176,-4.840684364182368,-0.6178816869584244,-0.977900614541796,-1.4319480974925494,-0.11946490092541126,5.172413793103448,0.0
without_rvol,development56,1120,174,15.535714285714286,10,12.068965517241379,1.0970639441094576,-0.2798571573446559,3.920085355395707,0.538050931132744,-0.1136770244105387,-1.7660537720922977,-0.10477517845977176,-5.175608851704316,-0.6678816869584244,-1.0279006145417962,-1.4819480974925494,-0.16946490092541125,5.172413793103448,0.0
without_rvol,development56,1120,174,15.535714285714286,20,11.494252873563218,1.0479006541767784,-0.37751828136993054,2.7757613495541937,0.3604884869550901,-0.21367702441053865,-3.319625200663726,-0.10477517845977176,-5.9071878686766555,-0.7678816869584245,-1.1279006145417962,-1.581948097492549,-0.26946490092541125,5.172413793103448,0.0
without_rvol,stress27,540,107,19.814814814814813,0,10.280373831775702,0.5322481462646457,-0.11961947971107516,4.449510627785875,0.5098397594337982,-0.05260505087244963,-1.0423593413615018,-0.384331151691591,-1.9358117757222293,-0.39875657212512505,-0.5434811350937746,-0.8167763661411143,-0.07774542271866164,4.672897196261682,0.0
without_rvol,stress27,540,107,19.814814814814813,2,8.411214953271028,0.6298078781786132,-0.13711236068326152,4.593370539608098,0.4218401515966621,-0.07260505087244963,-1.4386556376577984,-0.384331151691591,-2.053814068427373,-0.41875657212512507,-0.5634811350937746,-0.8367763661411143,-0.09774542271866166,4.672897196261682,0.0
without_rvol,stress27,540,107,19.814814814814813,5,8.411214953271028,0.5998078781786131,-0.16711236068326152,3.5892490281761167,0.32962491075086786,-0.10260505087244964,-2.033100082102243,-0.384331151691591,-2.230595627144172,-0.4487565721251251,-0.5934811350937746,-0.8667763661411143,-0.12774542271866166,4.672897196261682,0.0
without_rvol,stress27,540,107,19.814814814814813,10,8.411214953271028,0.5498078781786131,-0.2171123606832615,2.532365621415313,0.23256418972181447,-0.1526050508724496,-3.023840822842983,-0.384331151691591,-2.5246406686412315,-0.4987565721251251,-0.6434811350937747,-0.9167763661411144,-0.17774542271866167,4.672897196261682,0.0
without_rvol,stress27,540,107,19.814814814814813,20,8.411214953271028,0.44980787817861323,-0.3171123606832615,1.4184495275095592,0.13026577293455135,-0.2526050508724496,-5.005322304324466,-0.384331151691591,-3.1105202479119964,-0.5987565721251251,-0.7434811350937747,-1.0167763661411142,-0.27774542271866165,4.672897196261682,0.0
without_rvol,all83,1660,281,16.927710843373493,0,11.743772241992882,0.9393943019440755,-0.1579293710726329,5.948192508865503,0.7946977845852696,-0.028500151924504773,-0.4824423307702314,-0.21122531773309794,-6.127679654150597,-0.5109010437299255,-0.7908905489859542,-1.3819480974925493,-0.07012951067608544,4.98220640569395,0.0
without_rvol,all83,1660,281,16.927710843373493,2,10.676156583629894,1.0128871243302047,-0.17535918892705965,5.776070991931386,0.6903670508284524,-0.048500151924504784,-0.8209965476377015,-0.21122531773309794,-6.372644496217172,-0.5309010437299254,-0.8108905489859544,-1.4019480974925493,-0.09012951067608546,4.98220640569395,0.0
without_rvol,all83,1660,281,16.927710843373493,5,10.676156583629894,0.9828871243302043,-0.20535918892705968,4.786185266242506,0.5720540158855585,-0.07850015192450478,-1.3288278729389063,-0.21122531773309794,-6.738985554077503,-0.5609010437299256,-0.8408905489859543,-1.4319480974925494,-0.12012951067608543,4.98220640569395,0.0
without_rvol,all83,1660,281,16.927710843373493,10,10.676156583629894,0.9328871243302043,-0.25535918892705967,3.6532349912682114,0.43664163242249543,-0.12850015192450479,-2.175213415107581,-0.21122531773309794,-7.346614953872599,-0.6109010437299255,-0.8908905489859543,-1.4819480974925494,-0.17012951067608545,4.98220640569395,0.0
without_rvol,all83,1660,281,16.927710843373493,20,10.320284697508896,0.8622856547290719,-0.35402708999178145,2.435648793851028,0.2802929167526977,-0.22850015192450476,-3.86798449944493,-0.21122531773309794,-8.550925265963706,-0.7109010437299255,-0.9908905489859546,-1.581948097492549,-0.2701295106760854,4.98220640569395,0.0
without_adx,fit28,560,32,5.714285714285714,0,12.5,4.203180421445989,-0.10557605264388124,39.81187320597924,5.687410457997035,0.4330185066173525,2.4743914663848714,3.2316942882187467,-0.4838192453806678,-0.2720688810762126,-0.3825119448874558,-0.4838192453806632,0.19665232711129765,6.25,0.0
without_adx,fit28,560,32,5.714285714285714,2,12.5,4.1831804214459885,-0.12557605264388122,33.311927978091425,4.75884685401306,0.41301850661735245,2.3601057520991566,3.2316942882187467,-0.5038192453806656,-0.2920688810762126,-0.4025119448874558,-0.5038192453806631,0.17665232711129772,6.25,0.0
without_adx,fit28,560,32,5.714285714285714,5,12.5,4.153180421445989,-0.15557605264388122,26.695499409235932,3.8136427727479902,0.3830185066173525,2.188677180670586,3.2316942882187467,-0.6051177378188055,-0.3220688810762126,-0.4325119448874558,-0.5338192453806632,0.14665232711129766,6.25,0.0
without_adx,fit28,560,32,5.714285714285714,10,12.5,4.103180421445989,-0.20557605264388124,19.959428000857258,2.8513468572653227,0.33301850661735255,1.9029628949563,3.2316942882187467,-0.8536578142989804,-0.3720688810762126,-0.48251194488745586,-0.5838192453806632,0.09665232711129765,6.25,0.0
without_adx,fit28,560,32,5.714285714285714,20,12.5,4.003180421445989,-0.30557605264388127,13.100438947391277,1.871491278198754,0.2330185066173525,1.3315343235277284,3.2316942882187467,-1.3492464101065305,-0.47206888107621264,-0.582511944887456,-0.6838192453806632,-0.003347672888702357,6.25,0.0
without_adx,validation28,560,39,6.964285714285714,0,10.256410256410257,1.264692938156196,-0.23556467085001995,5.3687716990524645,0.6135739084631388,-0.08169209556733113,-0.5689270941296276,-0.2812755082307672,-2.019329020611449,-0.938908712212089,-1.0392582903649357,-1.0527094324737394,-0.14586732274977401,5.128205128205128,0.0
without_adx,validation28,560,39,6.964285714285714,2,10.256410256410257,1.2446929381561962,-0.25556467085002,4.870363865303798,0.5566130131775769,-0.10169209556733115,-0.708212808415342,-0.2812755082307672,-2.078506847500605,-0.9589087122120891,-1.059258290364936,-1.0727094324737394,-0.16586732274977406,5.128205128205128,0.0
without_adx,validation28,560,39,6.964285714285714,5,10.256410256410257,1.214692938156196,-0.2855646708500199,4.253652717405505,0.4861317391320577,-0.13169209556733116,-0.9171413798439135,-0.2812755082307672,-2.1672289031299696,-0.9889087122120891,-1.0892582903649357,-1.1027094324737394,-0.19586732274977403,5.128205128205128,0.0
without_adx,validation28,560,39,6.964285714285714,10,10.256410256410257,1.164692938156196,-0.33556467085001995,3.4708449349149553,0.39666799256170915,-0.18169209556733118,-1.2653556655581994,-0.2812755082307672,-2.314979876633927,-1.0389087122120892,-1.1392582903649358,-1.1527094324737395,-0.245867322749774,5.128205128205128,0.0
without_adx,validation28,560,39,6.964285714285714,20,10.256410256410257,1.0646929381561963,-0.4355646708500199,2.4443969160272117,0.27935964754596704,-0.2816920955673312,-1.9617842369867706,-0.2812755082307672,-2.6100353965983536,-1.1389087122120891,-1.2392582903649358,-1.2527094324737393,-0.34586732274977405,5.128205128205128,0.0
without_adx,development56,1120,71,6.339285714285714,0,11.267605633802816,2.7339366798010927,-0.17779195164729167,15.377167832797896,1.952656232736241,0.15029014767083612,0.9527321861276219,1.30203482256338,-2.01932902061146,-0.7076519888985275,-0.9458839443980827,-1.0527094324737394,0.041574720190347324,5.633802816901409,0.0
without_adx,development56,1120,71,6.339285714285714,2,11.267605633802816,2.7139366798010927,-0.19779195164729169,13.721168415591869,1.7423705924561104,0.13029014767083613,0.8259464718419077,1.30203482256338,-2.078506847500583,-0.7276519888985276,-0.9658839443980827,-1.0727094324737394,0.02157472019034736,5.633802816901409,0.0
without_adx,development56,1120,71,6.339285714285714,5,11.267605633802816,2.6839366798010924,-0.22779195164729157,11.782403462422787,1.4961782174505125,0.10029014767083615,0.6357679004133363,1.30203482256338,-2.1672289031299696,-0.7576519888985276,-0.9958839443980825,-1.1027094324737394,-0.008425279809652639,5.633802816901409,0.0
without_adx,development56,1120,71,6.339285714285714,10,11.267605633802816,2.6339366798010926,-0.27779195164729154,9.48168823532139,1.2040239028979542,0.05029014767083611,0.31880361469905033,1.30203482256338,-2.314979876633927,-0.8076519888985275,-1.0458839443980825,-1.1527094324737395,-0.05842527980965269,5.633802816901409,0.0
without_adx,development56,1120,71,6.339285714285714,20,11.267605633802816,2.5339366798010925,-0.37779195164729157,6.707227797607474,0.8517114663628538,-0.04970985232916386,-0.3151249567295209,1.30203482256338,-2.6100353965983647,-0.9076519888985276,-1.1458839443980826,-1.2527094324737393,-0.15842527980965265,5.633802816901409,0.0
without_adx,stress27,540,40,7.407407407407407,0,15.0,0.3180592232446303,-0.10759539815221678,2.956067161856377,0.5216589109158314,-0.04374720494268969,-0.32405336994584955,-0.10737771995000359,-1.2402327272288405,-0.26736969790194964,-0.502350060165782,-0.6711950496845553,-0.06626989520334846,2.5,0.0
without_adx,stress27,540,40,7.407407407407407,2,12.5,0.36121539360953503,-0.12445614759300752,2.9023507524173895,0.41462153605962704,-0.06374720494268969,-0.47220151809399774,-0.10737771995000359,-1.2997237565744335,-0.28736969790194966,-0.522350060165782,-0.6911950496845553,-0.08626989520334849,2.5,0.0
without_adx,stress27,540,40,7.407407407407407,5,12.5,0.3312153936095351,-0.15445614759300752,2.1443976091018975,0.30634251558598535,-0.09374720494268969,-0.6944237403162199,-0.10737771995000359,-1.388915497824661,-0.31736969790194963,-0.5523500601657819,-0.7211950496845553,-0.11626989520334846,2.5,0.0
without_adx,stress27,540,40,7.407407407407407,10,7.5,0.47359971216533153,-0.1938023603838806,2.4437252014228976,0.19813988119645115,-0.1437472049426897,-1.0647941106865904,-0.10737771995000359,-1.5374489658599555,-0.3673696979019496,-0.602350060165782,-0.7711950496845553,-0.1662698952033485,2.5,0.0
without_adx,stress27,540,40,7.407407407407407,20,7.5,0.3735997121653316,-0.29380236038388063,1.2716021466852347,0.10310287675826228,-0.2437472049426897,-1.8055348514273308,-0.10737771995000359,-1.8340682942488584,-0.4673696979019497,-0.702350060165782,-0.8711950496845554,-0.26626989520334843,2.5,0.0
without_adx,all83,1660,111,6.686746987951807,0,12.612612612612613,1.6985606269911797,-0.15318697413355406,11.088153131808138,1.6003519984052985,0.08036677735965567,0.537392306441071,0.7941384108468453,-2.6313397677464545,-0.5977146750173513,-0.8490448231068166,-1.0527094324737394,-0.02991818761179978,4.504504504504505,0.0
without_adx,all83,1660,111,6.686746987951807,2,11.711711711711711,1.8090438774197244,-0.17160059305647588,10.542177303690003,1.3984520913058167,0.06036677735965564,0.40365736668203467,0.7941384108468453,-2.7291900415114867,-0.6177146750173513,-0.8690448231068166,-1.0727094324737394,-0.04991818761179975,4.504504504504505,0.0
without_adx,all83,1660,111,6.686746987951807,5,11.711711711711711,1.779043877419724,-0.2016005930564759,8.82459644809352,1.1706097329103649,0.03036677735965567,0.2030549570434807,0.7941384108468453,-2.875817936159464,-0.6477146750173514,-0.8990448231068164,-1.1027094324737394,-0.07991818761179978,4.504504504504505,0.0
without_adx,all83,1660,111,6.686746987951807,10,9.90990990990991,2.0447538704458847,-0.24671580287982955,8.287891762822523,0.9116680939104775,-0.01963322264034434,-0.1312823923541097,0.7941384108468453,-3.1198047799938067,-0.6977146750173514,-0.9490448231068165,-1.1527094324737395,-0.12991818761179974,4.504504504504505,0.0
without_adx,all83,1660,111,6.686746987951807,20,9.90990990990991,1.9447538704458849,-0.34671580287982956,5.609071909306452,0.6169979100237096,-0.11963322264034437,-0.7999570911492906,0.7941384108468453,-3.606307456891822,-0.7977146750173515,-1.0490448231068166,-1.2527094324737393,-0.2299181876117998,4.504504504504505,0.0
no_soft_loss,fit28,560,23,4.107142857142857,0,8.695652173913043,6.090897368303977,-0.08567446355383904,71.09349875854632,6.770809405575839,0.4514187392164057,1.854041250353095,3.6075843677825996,-0.3683140370539961,-0.23450771017766292,-0.25060665090044143,-0.26459416563418325,0.11919367866692185,4.3478260869565215,0.0
no_soft_loss,fit28,560,23,4.107142857142857,2,8.695652173913043,6.070897368303976,-0.10567446355383903,57.44904837118928,5.471337940113264,0.4314187392164057,1.771898393210238,3.6075843677825996,-0.46797937989325744,-0.25450771017766294,-0.27060665090044145,-0.28459416563418327,0.09919367866692184,4.3478260869565215,0.0
no_soft_loss,fit28,560,23,4.107142857142857,5,8.695652173913043,6.040897368303977,-0.13567446355383903,44.52494014031459,4.240470489553771,0.40141873921640586,1.6486841074959526,3.6075843677825996,-0.6173278306811136,-0.2845077101776629,-0.3006066509004415,-0.31459416563418324,0.06919367866692183,4.3478260869565215,0.0
no_soft_loss,fit28,560,23,4.107142857142857,10,8.695652173913043,5.990897368303977,-0.18567446355383901,32.26559675271031,3.072913976448601,0.3514187392164058,1.4433269646388096,3.6075843677825996,-0.8658434784751701,-0.33450771017766295,-0.35060665090044146,-0.3645941656341833,0.019193678666921826,4.3478260869565215,0.0
no_soft_loss,fit28,560,23,4.107142857142857,20,8.695652173913043,5.8908973683039765,-0.2856744635538391,20.62101489583706,1.9639061805559104,0.25141873921640573,1.0326126789245236,3.6075843677825996,-1.3613833268961484,-0.434507710177663,-0.45060665090044144,-0.4645941656341832,-0.08080632133307816,4.3478260869565215,0.0
no_soft_loss,validation28,560,25,4.464285714285714,0,8.0,1.055338946100496,-0.14557864286814437,7.249270396457487,0.6303713388223902,-0.04950523575065317,-0.22100551674398736,-0.08676116116000117,-0.7144803840352987,-0.5048443664361875,-0.6072704397669448,-0.6751418516124413,-0.12262716090162812,8.0,0.0
no_soft_loss,validation28,560,25,4.464285714285714,2,8.0,1.0353389461004958,-0.1655786428681444,6.252853195112667,0.5437263647924059,-0.06950523575065318,-0.3102912310297017,-0.08676116116000117,-0.7543332319549845,-0.5248443664361875,-0.6272704397669449,-0.6951418516124414,-0.1426271609016281,8.0,0.0
no_soft_loss,validation28,560,25,4.464285714285714,5,8.0,1.005338946100496,-0.19557864286814441,5.140330924467439,0.44698529777977736,-0.09950523575065318,-0.444219802458273,-0.08676116116000117,-0.81409750383451,-0.5548443664361875,-0.6572704397669448,-0.7251418516124413,-0.17262716090162808,8.0,0.0
no_soft_loss,validation28,560,25,4.464285714285714,10,8.0,0.9553389461004959,-0.24557864286814438,3.890154839781547,0.33827433389404754,-0.1495052357506532,-0.6674340881725589,-0.08676116116000117,-0.9136646236337254,-0.6048443664361874,-0.7072704397669448,-0.7751418516124413,-0.22262716090162812,8.0,0.0
no_soft_loss,validation28,560,25,4.464285714285714,20,8.0,0.8553389461004958,-0.34557864286814444,2.4750920340492524,0.2152253942651524,-0.24950523575065314,-1.1138626596011303,-0.08676116116000117,-1.3773454723071343,-0.7048443664361874,-0.8072704397669449,-0.8751418516124414,-0.32262716090162813,8.0,0.0
no_soft_loss,development56,1120,48,4.285714285714286,0,8.333333333333334,3.573118157202236,-0.11698801183177136,30.542600914873024,2.776600083170275,0.19052083558772925,0.816517866804554,1.6834460714583284,-0.7144803840352765,-0.36050385669990026,-0.5270555333430114,-0.6751418516124413,0.029460213551190467,6.25,0.0
no_soft_loss,development56,1120,48,4.285714285714286,2,8.333333333333334,3.553118157202236,-0.13698801183177137,25.937438683069992,2.357948971188181,0.1705208355877292,0.730803581090268,1.6834460714583284,-0.7543332319549956,-0.3805038566999003,-0.5470555333430112,-0.6951418516124414,0.009460213551190436,6.25,0.0
no_soft_loss,development56,1120,48,4.285714285714286,5,8.333333333333334,3.523118157202236,-0.1669880118317714,21.098030442757345,1.9180027675233948,0.14052083558772926,0.6022321525188398,1.6834460714583284,-0.81409750383451,-0.41050385669990025,-0.5770555333430113,-0.7251418516124413,-0.020539786448809553,6.25,0.0
no_soft_loss,development56,1120,48,4.285714285714286,10,8.333333333333334,3.473118157202236,-0.2169880118317714,16.006037051922064,1.4550942774474604,0.09052083558772926,0.3879464382331254,1.6834460714583284,-1.10376788176626,-0.4605038566999003,-0.6270555333430113,-0.7751418516124413,-0.0705397864488096,6.25,0.0
no_soft_loss,development56,1120,48,4.285714285714286,20,8.333333333333334,3.373118157202236,-0.3169880118317714,10.641153707075782,0.9673776097341619,-0.009479164412270747,-0.0406249903383032,1.6834460714583284,-1.7950601415796186,-0.5605038566999002,-0.7270555333430112,-0.8751418516124414,-0.17053978644880968,6.25,0.0
no_soft_loss,stress27,540,27,5.0,0,11.11111111111111,0.41116639886143513,-0.09734084542561541,4.223986313901852,0.5279982892377315,-0.040840040504832024,-0.20420020252416013,-0.09788200559258982,-0.909761758176153,-0.213494244541982,-0.4556869131173739,-0.6711950496845553,-0.07451226187897951,7.4074074074074066,0.0
no_soft_loss,stress27,540,27,5.0,2,11.11111111111111,0.39116639886143517,-0.1173408454256154,3.333591107534699,0.41669888844183733,-0.06084004050483202,-0.3042002025241601,-0.09788200559258982,-0.9495754834109027,-0.233494244541982,-0.4756869131173739,-0.6911950496845553,-0.09451226187897951,7.4074074074074066,0.0
no_soft_loss,stress27,540,27,5.0,5,11.11111111111111,0.36116639886143515,-0.14734084542561543,2.451230667356045,0.3064038334195056,-0.09084004050483202,-0.4542002025241601,-0.09788200559258982,-1.009281071263024,-0.263494244541982,-0.5056869131173739,-0.7211950496845553,-0.12451226187897953,7.4074074074074066,0.0
no_soft_loss,stress27,540,27,5.0,10,7.407407407407407,0.4788987500449285,-0.19041914374881286,2.514971659974782,0.20119773279798256,-0.14084004050483204,-0.7042002025241602,-0.09788200559258982,-1.1327792803219716,-0.313494244541982,-0.555686913117374,-0.7711950496845553,-0.17451226187897953,7.4074074074074066,0.0
no_soft_loss,stress27,540,27,5.0,20,7.407407407407407,0.3788987500449285,-0.2904191437488129,1.3046617559503677,0.10437294047602942,-0.24084004050483201,-1.2042002025241603,-0.09788200559258982,-1.4302120652214811,-0.4134942445419821,-0.655686913117374,-0.8711950496845554,-0.2745122618789795,7.4074074074074066,0.0
no_soft_loss,all83,1660,75,4.518072289156627,0,9.333333333333334,2.217995975056178,-0.11005371780606926,20.153757812749326,2.074651539547725,0.10723092019440722,0.48447704907111694,1.0421679637199979,-0.909761758176153,-0.3543819929046565,-0.5630904124283973,-0.6751418516124413,0.0038101208550741367,6.666666666666667,0.0
no_soft_loss,all83,1660,75,4.518072289156627,2,9.333333333333334,2.197995975056179,-0.13005371780606928,16.900677751740552,1.7397756509144684,0.08723092019440719,0.3941156032879843,1.0421679637199979,-0.9495754834109027,-0.3743819929046565,-0.5830904124283972,-0.6951418516124414,-0.016189879144925846,6.666666666666667,0.0
no_soft_loss,all83,1660,75,4.518072289156627,5,9.333333333333334,2.1679959750561784,-0.16005371780606928,13.54542715267041,1.3943822068925422,0.057230920194407196,0.2585734346132855,1.0421679637199979,-1.0853407605868504,-0.4043819929046565,-0.6130904124283972,-0.7251418516124413,-0.04618987914492583,6.666666666666667,0.0
no_soft_loss,all83,1660,75,4.518072289156627,10,8.0,2.475045021483133,-0.2073616103524386,11.93588831257852,1.037903331528567,0.007230920194407213,0.03266982015545428,1.0421679637199979,-1.5793403617137325,-0.45438199290465653,-0.6630904124283973,-0.7751418516124413,-0.09618987914492587,6.666666666666667,0.0
no_soft_loss,all83,1660,75,4.518072289156627,20,8.0,2.3750450214831336,-0.3073616103524386,7.727201255744886,0.6719305439778162,-0.0927690798055928,-0.4191374087602085,1.0421679637199979,-2.5606838600754633,-0.5543819929046565,-0.7630904124283973,-0.8751418516124414,-0.19618987914492586,6.666666666666667,0.0
no_fast_failure,fit28,560,23,4.107142857142857,0,21.73913043478261,2.505473755207855,-0.4165655577989201,6.014596522205203,1.6707212561681117,0.21866037981124842,0.8980694170819131,2.1055911356956507,-1.73915485630739,-0.9927494822828651,-1.111018057731593,-1.199419012576271,-0.12414460616574272,8.695652173913043,0.0
no_fast_failure,fit28,560,23,4.107142857142857,2,21.73913043478261,2.4854737552078556,-0.4365655577989202,5.693242883701448,1.5814563565837354,0.19866037981124846,0.8159265599390562,2.1055911356956507,-1.7788015447074423,-1.012749482282865,-1.1310180577315927,-1.219419012576271,-0.14414460616574268,8.695652173913043,0.0
no_fast_failure,fit28,560,23,4.107142857142857,5,21.73913043478261,2.4554737552078554,-0.46656555779892017,5.262869738589045,1.4619082607191793,0.16866037981124837,0.6927122742247701,2.1055911356956507,-1.8382565773075177,-1.0427494822828651,-1.161018057731593,-1.249419012576271,-0.17414460616574276,8.695652173913043,0.0
no_fast_failure,fit28,560,23,4.107142857142857,10,17.391304347826086,3.016525861891526,-0.49141656378459947,6.138429357488542,1.2923009173660087,0.1186603798112484,0.4873551313676273,2.1055911356956507,-1.9373082983076606,-1.0927494822828652,-1.2110180577315928,-1.2994190125762708,-0.22414460616574272,8.695652173913043,0.0
no_fast_failure,fit28,560,23,4.107142857142857,20,8.695652173913043,5.8908973683039765,-0.5406002857594876,10.896955705504066,1.0378053052861014,0.018660379811248403,0.07664084565334164,2.1055911356956507,-2.1352617403079255,-1.192749482282865,-1.3110180577315926,-1.3994190125762709,-0.3241446061657427,8.695652173913043,0.0
no_fast_failure,validation28,560,25,4.464285714285714,0,36.0,0.5127387109481806,-0.4543553295377527,1.128497186265704,0.6347796672744584,-0.1062014749628167,-0.4741137275125746,-0.44919937488001666,-1.6473415843132,-0.9747773826022732,-1.1292217209636939,-1.2532888027005724,-0.18168574341429847,28.000000000000004,0.0
no_fast_failure,validation28,560,25,4.464285714285714,2,36.0,0.49273871094818067,-0.4743553295377527,1.0387544531824742,0.5842993799151417,-0.1262014749628167,-0.5633994417982888,-0.44919937488001666,-1.6870067492189333,-0.9947773826022733,-1.1492217209636941,-1.2732888027005724,-0.20168574341429846,28.000000000000004,0.0
no_fast_failure,validation28,560,25,4.464285714285714,5,32.0,0.5238604166474623,-0.4762306004264774,1.1000141867791173,0.5176537349548787,-0.15620147496281675,-0.6973280132268604,-0.44919937488001666,-1.7464894965775413,-1.0247773826022732,-1.1792217209636942,-1.3032888027005725,-0.23168574341429848,28.000000000000004,0.0
no_fast_failure,validation28,560,25,4.464285714285714,10,28.0,0.5442800016205258,-0.49805538252300546,1.0928101988645513,0.424981744002881,-0.20620147496281674,-0.920542298941146,-0.44919937488001666,-1.8455874088419089,-1.0747773826022733,-1.229221720963694,-1.3532888027005723,-0.2816857434142984,28.000000000000004,0.0
no_fast_failure,validation28,560,25,4.464285714285714,20,28.0,0.4442800016205258,-0.5980553825230055,0.7428743467640901,0.2888955792971462,-0.3062014749628167,-1.3669708703697174,-0.44919937488001666,-2.043633233370623,-1.1747773826022732,-1.329221720963694,-1.4532888027005724,-0.3816857434142985,28.000000000000004,0.0
no_fast_failure,development56,1120,48,4.285714285714286,0,29.166666666666668,1.2244297981837788,-0.4343489797936648,2.8190000555899495,1.160764728772332,0.04946149711642284,0.21197784478466927,0.7749710781041573,-2.192517635954405,-1.01650524060588,-1.1584416393879193,-1.2532888027005724,-0.11460038744078209,18.75,0.0
no_fast_failure,development56,1120,48,4.285714285714286,2,29.166666666666668,1.2044297981837788,-0.45434897979366495,2.6508913891052437,1.0915435131609827,0.02946149711642281,0.12626355907038345,0.7749710781041573,-2.232072721224043,-1.0365052406058801,-1.1784416393879193,-1.2732888027005724,-0.13460038744078207,18.75,0.0
no_fast_failure,development56,1120,48,4.285714285714286,5,27.083333333333332,1.266788623786075,-0.47126000707516225,2.6880885387416975,0.998432885818345,-0.0005385028835772135,-0.0023078695010452003,0.7749710781041573,-2.2913903491285192,-1.0665052406058801,-1.2084416393879194,-1.3032888027005725,-0.16460038744078204,18.75,0.0
no_fast_failure,development56,1120,48,4.285714285714286,10,22.916666666666668,1.4432784962645262,-0.49464625938706724,2.917799273470582,0.8674538380588218,-0.05053850288357717,-0.2165935837867593,0.7749710781041573,-2.390213062302604,-1.1165052406058802,-1.2584416393879194,-1.3532888027005723,-0.214600387440782,18.75,0.0
no_fast_failure,development56,1120,48,4.285714285714286,20,18.75,1.6546394164390705,-0.567118022727265,2.9176279894649193,0.6732987667995968,-0.15053850288357717,-0.6451650123581879,0.7749710781041573,-2.774054370974577,-1.21650524060588,-1.3584416393879193,-1.4532888027005724,-0.31460038744078206,18.75,0.0
no_fast_failure,stress27,540,27,5.0,0,25.925925925925927,0.31718336290698745,-0.2524303455260577,1.2565183565628226,0.43978142479698784,-0.10475271741378675,-0.5237635870689338,-0.36820617422221363,-0.887955514695804,-0.4616016692190193,-0.6291294042003515,-0.788099893173154,-0.14088311866904787,22.22222222222222,0.0
no_fast_failure,stress27,540,27,5.0,2,25.925925925925927,0.2971833629069875,-0.27243034552605777,1.0908599860016774,0.381800995100587,-0.12475271741378678,-0.6237635870689339,-0.36820617422221363,-0.9277735288754752,-0.48160166921901926,-0.6491294042003515,-0.808099893173154,-0.16088311866904792,22.22222222222222,0.0
no_fast_failure,stress27,540,27,5.0,5,25.925925925925927,0.26718336290698746,-0.3024303455260577,0.8834542130428068,0.3092089745649824,-0.15475271741378674,-0.7737635870689337,-0.36820617422221363,-0.9874855501449842,-0.5116016692190193,-0.6791294042003515,-0.838099893173154,-0.1908831186690479,22.22222222222222,0.0
no_fast_failure,stress27,540,27,5.0,10,18.51851851851852,0.3130436844075755,-0.32243371782773284,0.9708776318946454,0.22065400724878306,-0.20475271741378676,-1.023763587068934,-0.36820617422221363,-1.0869655855941573,-0.5616016692190193,-0.7291294042003515,-0.8880998931731541,-0.24088311866904796,22.22222222222222,0.0
no_fast_failure,stress27,540,27,5.0,20,14.814814814814815,0.28362419945542205,-0.4070791377388666,0.6967298816412485,0.121170414198478,-0.3047527174137868,-1.523763587068934,-0.36820617422221363,-1.4049220381349037,-0.6616016692190193,-0.8291294042003514,-0.9880998931731539,-0.3408831186690479,22.22222222222222,0.0
no_fast_failure,all83,1660,75,4.518072289156627,0,28.0,0.9220143197581816,-0.3669717078426993,2.5124942878522902,0.9770811119425573,-0.006055620114452625,-0.027359729432767883,0.3634272672666638,-2.192517635954405,-0.8988342410409171,-1.1201198893476434,-1.2532888027005724,-0.11100731864714863,20.0,0.0
no_fast_failure,all83,1660,75,4.518072289156627,2,28.0,0.9020143197581815,-0.3869717078426993,2.330956763704396,0.906483185885043,-0.026055620114452633,-0.11772117521590046,0.3634272672666638,-2.232072721224043,-0.9188342410409173,-1.1401198893476434,-1.2732888027005724,-0.13100731864714865,20.0,0.0
no_fast_failure,all83,1660,75,4.518072289156627,5,26.666666666666668,0.9169267824783942,-0.4098674028754879,2.2371302915175817,0.8135019241882115,-0.05605562011445261,-0.2532633438905991,0.3634272672666638,-2.2913903491285192,-0.9488342410409172,-1.1701198893476434,-1.3032888027005725,-0.16100731864714868,20.0,0.0
no_fast_failure,all83,1660,75,4.518072289156627,10,21.333333333333332,1.090080117559229,-0.43043141338189167,2.532529187390134,0.6867875762413922,-0.10605562011445262,-0.47916695834843054,0.3634272672666638,-2.390213062302604,-0.9988342410409172,-1.2201198893476435,-1.3532888027005723,-0.21100731864714864,20.0,0.0
no_fast_failure,all83,1660,75,4.518072289156627,20,17.333333333333332,1.2327885804441017,-0.5077487589412462,2.4279499629200534,0.5090862825477531,-0.20605562011445266,-0.9309741872640933,0.3634272672666638,-2.777425196086958,-1.098834241040917,-1.3201198893476433,-1.4532888027005724,-0.31100731864714865,20.0,0.0
no_trailing,fit28,560,23,4.107142857142857,0,8.695652173913043,6.072172559197788,-0.10740964543962209,56.53284241228711,5.38408022974163,0.4299453288766744,1.7658468864577699,3.4753125522608594,-0.50914397174745,-0.2617966626874349,-0.37687487685588705,-0.48915558807759096,0.09674420422083907,8.695652173913043,0.0
no_trailing,fit28,560,23,4.107142857142857,2,8.695652173913043,6.052172559197788,-0.12740964543962205,47.50168276754088,4.5239697873848455,0.40994532887667445,1.6837040293149128,3.4753125522608594,-0.5490381233021258,-0.2817966626874349,-0.39687487685588707,-0.5091555880775909,0.07674420422083908,8.695652173913043,0.0
no_trailing,fit28,560,23,4.107142857142857,5,8.695652173913043,6.022172559197788,-0.1574096454396221,38.2579640680769,3.6436156255311336,0.3799453288766744,1.5604897436006273,3.4753125522608594,-0.6173278306811136,-0.3117966626874349,-0.4268748768558871,-0.539155588077591,0.04674420422083906,8.695652173913043,0.0
no_trailing,fit28,560,23,4.107142857142857,10,8.695652173913043,5.972172559197788,-0.20740964543962204,28.794092707401674,2.742294543562064,0.3299453288766745,1.3551326007434845,3.4753125522608594,-0.8658434784751701,-0.36179666268743493,-0.4768748768558871,-0.5891555880775909,-0.0032557957791609572,8.695652173913043,0.0
no_trailing,fit28,560,23,4.107142857142857,20,8.695652173913043,5.872172559197788,-0.30740964543962207,19.102109014179042,1.819248477540861,0.22994532887667443,0.9444183150291987,3.4753125522608594,-1.3613833268961484,-0.46179666268743486,-0.5768748768558871,-0.6891555880775909,-0.10325579577916101,8.695652173913043,0.0
no_trailing,validation28,560,25,4.464285714285714,0,8.0,1.055338946100496,-0.13838813081188045,7.625935402907374,0.6631248176441196,-0.04288996465889034,-0.1914730565129033,-0.060810014200002344,-0.7144803840352987,-0.37253894460093123,-0.5245795511199097,-0.6751418516124413,-0.11573625351437516,8.0,0.0
no_trailing,validation28,560,25,4.464285714285714,2,8.0,1.0353389461004958,-0.1583881308118805,6.536720528195263,0.5684104807126317,-0.06288996465889035,-0.2807587707986176,-0.060810014200002344,-0.7543332319549845,-0.39253894460093125,-0.5445795511199096,-0.6951418516124414,-0.13573625351437515,8.0,0.0
no_trailing,validation28,560,25,4.464285714285714,5,8.0,1.005338946100496,-0.1883881308118805,5.336530182490113,0.46404610282522724,-0.09288996465889036,-0.41468734222718917,-0.060810014200002344,-0.81409750383451,-0.4225389446009312,-0.5745795511199097,-0.7251418516124413,-0.16573625351437515,8.0,0.0
no_trailing,validation28,560,25,4.464285714285714,10,8.0,0.9553389461004959,-0.23838813081188043,4.0074937575410745,0.3484777180470499,-0.14288996465889037,-0.6379016279414748,-0.060810014200002344,-0.9136646236337254,-0.47253894460093127,-0.6245795511199097,-0.7751418516124413,-0.21573625351437517,8.0,0.0
no_trailing,validation28,560,25,4.464285714285714,20,8.0,0.8553389461004958,-0.33838813081188046,2.527686015606744,0.21979878396580382,-0.24288996465889034,-1.0843301993700463,-0.060810014200002344,-1.3773454723071343,-0.5725389446009312,-0.7245795511199097,-0.8751418516124414,-0.3157362535143751,8.0,0.0
no_trailing,development56,1120,48,4.285714285714286,0,8.333333333333334,3.563755752649142,-0.12360294461148441,28.832288452762477,2.621117132069316,0.18367694682690114,0.7871869149724334,1.6335820488958273,-0.7144803840353098,-0.37143021508109614,-0.5127715634391368,-0.6751418516124413,0.022470710135876606,8.333333333333332,0.0
no_trailing,development56,1120,48,4.285714285714286,2,8.333333333333334,3.543755752649142,-0.14360294461148443,24.677458823958794,2.2434053476326175,0.1636769468269011,0.7014726292581476,1.6335820488958273,-0.7543332319549956,-0.39143021508109616,-0.5327715634391367,-0.6951418516124414,0.0024707101358766087,8.333333333333332,0.0
no_trailing,development56,1120,48,4.285714285714286,5,8.333333333333334,3.513755752649142,-0.17360294461148443,20.240185214097426,1.8400168376452208,0.1336769468269011,0.572901200686719,1.6335820488958273,-0.8140975038345211,-0.4214302150810961,-0.5627715634391368,-0.7251418516124413,-0.027529289864123407,8.333333333333332,0.0
no_trailing,development56,1120,48,4.285714285714286,10,8.333333333333334,3.463755752649142,-0.22360294461148444,15.490653571971075,1.4082412338155523,0.0836769468269011,0.35861548640100477,1.6335820488958273,-1.10376788176626,-0.47143021508109617,-0.6127715634391369,-0.7751418516124413,-0.0775292898641234,8.333333333333332,0.0
no_trailing,development56,1120,48,4.285714285714286,20,8.333333333333334,3.363755752649142,-0.3236029446114845,10.394700693121456,0.9449727902837688,-0.01632305317309891,-0.0699559421704239,1.6335820488958273,-1.7950601415796186,-0.5714302150810961,-0.7127715634391368,-0.8751418516124414,-0.17752928986412342,8.333333333333332,0.0
no_trailing,stress27,540,27,5.0,0,7.407407407407407,0.45516970585872585,-0.10242128231877494,4.444093020062573,0.3555274416050058,-0.06111824615747858,-0.3055912307873929,-0.14464714403703316,-0.909761758176153,-0.23275710051357257,-0.4556869131173739,-0.6711950496845553,-0.09557039851826633,14.814814814814813,0.0
no_trailing,stress27,540,27,5.0,2,7.407407407407407,0.43516970585872583,-0.12242128231877492,3.5546899821354576,0.2843751985708366,-0.08111824615747858,-0.4055912307873929,-0.14464714403703316,-0.9495754834109027,-0.2527571005135726,-0.4756869131173739,-0.6911950496845553,-0.11557039851826634,14.814814814814813,0.0
no_trailing,stress27,540,27,5.0,5,7.407407407407407,0.4051697058587258,-0.15242128231877494,2.6582226556220085,0.21265781244976067,-0.11111824615747859,-0.5555912307873929,-0.14464714403703316,-1.009281071263024,-0.28275710051357256,-0.5056869131173739,-0.7211950496845553,-0.14557039851826634,14.814814814814813,0.0
no_trailing,stress27,540,27,5.0,10,3.7037037037037037,0.7346377152230031,-0.19557039851826638,3.756385019353466,0.14447634689821023,-0.1611182461574786,-0.8055912307873929,-0.14464714403703316,-1.1327792803219716,-0.33275710051357255,-0.555686913117374,-0.7711950496845553,-0.19557039851826633,14.814814814814813,0.0
no_trailing,stress27,540,27,5.0,20,3.7037037037037037,0.634637715223003,-0.2955703985182663,2.1471626333507228,0.08258317820579703,-0.26111824615747853,-1.305591230787393,-0.14464714403703316,-1.4302120652214811,-0.4327571005135726,-0.655686913117374,-0.8711950496845554,-0.2955703985182663,14.814814814814813,0.0
no_trailing,all83,1660,75,4.518072289156627,0,8.0,2.5275604037190034,-0.11592842928803893,21.80276588962452,1.8958926860543062,0.09555067735252444,0.4317048675565864,0.9934195394399975,-0.909761758176153,-0.3688431795348142,-0.5523774350004914,-0.6751418516124413,-0.008027963106293532,10.666666666666668,0.0
no_trailing,all83,1660,75,4.518072289156627,2,8.0,2.507560403719003,-0.13592842928803894,18.447652318598934,1.6041436798781683,0.07555067735252441,0.34134342177345367,0.9934195394399975,-0.9495754834109027,-0.38884317953481423,-0.5723774350004913,-0.6951418516124414,-0.028027963106293532,10.666666666666668,0.0
no_trailing,all83,1660,75,4.518072289156627,5,8.0,2.477560403719003,-0.16592842928803891,14.931500372477762,1.2983913367371966,0.04555067735252439,0.2058012530987548,0.9934195394399975,-1.0853407605868504,-0.41884317953481426,-0.6023774350004913,-0.7251418516124413,-0.05802796310629352,10.666666666666668,0.0
no_trailing,all83,1660,75,4.518072289156627,10,6.666666666666667,2.917932145163914,-0.21319085606257485,13.686947925700224,0.9776391375500161,-0.004449322647475561,-0.02010236135907633,0.9934195394399975,-1.5793403617137325,-0.46884317953481425,-0.6523774350004914,-0.7751418516124413,-0.10802796310629352,10.666666666666668,0.0
no_trailing,all83,1660,75,4.518072289156627,20,6.666666666666667,2.817932145163914,-0.31319085606257485,8.99749175499842,0.6426779824998871,-0.10444932264747557,-0.471909590274739,0.9934195394399975,-2.5606838600754633,-0.5688431795348142,-0.7523774350004915,-0.8751418516124414,-0.20802796310629354,10.666666666666668,0.0
no_late_tightening,fit28,560,23,4.107142857142857,0,8.695652173913043,6.072172559197788,-0.10740964543962209,56.53284241228711,5.38408022974163,0.4299453288766744,1.7658468864577699,3.4753125522608594,-0.50914397174745,-0.2617966626874349,-0.37687487685588705,-0.48915558807759096,0.09674420422083907,8.695652173913043,0.0
no_late_tightening,fit28,560,23,4.107142857142857,2,8.695652173913043,6.052172559197788,-0.12740964543962205,47.50168276754088,4.5239697873848455,0.40994532887667445,1.6837040293149128,3.4753125522608594,-0.5490381233021258,-0.2817966626874349,-0.39687487685588707,-0.5091555880775909,0.07674420422083908,8.695652173913043,0.0
no_late_tightening,fit28,560,23,4.107142857142857,5,8.695652173913043,6.022172559197788,-0.1574096454396221,38.2579640680769,3.6436156255311336,0.3799453288766744,1.5604897436006273,3.4753125522608594,-0.6173278306811136,-0.3117966626874349,-0.4268748768558871,-0.539155588077591,0.04674420422083906,8.695652173913043,0.0
no_late_tightening,fit28,560,23,4.107142857142857,10,8.695652173913043,5.972172559197788,-0.20740964543962204,28.794092707401674,2.742294543562064,0.3299453288766745,1.3551326007434845,3.4753125522608594,-0.8658434784751701,-0.36179666268743493,-0.4768748768558871,-0.5891555880775909,-0.0032557957791609572,8.695652173913043,0.0
no_late_tightening,fit28,560,23,4.107142857142857,20,8.695652173913043,5.872172559197788,-0.30740964543962207,19.102109014179042,1.819248477540861,0.22994532887667443,0.9444183150291987,3.4753125522608594,-1.3613833268961484,-0.46179666268743486,-0.5768748768558871,-0.6891555880775909,-0.10325579577916101,8.695652173913043,0.0
no_late_tightening,validation28,560,25,4.464285714285714,0,8.0,1.055338946100496,-0.13838813081188045,7.625935402907374,0.6631248176441196,-0.04288996465889034,-0.1914730565129033,-0.060810014200002344,-0.7144803840352987,-0.37253894460093123,-0.5245795511199097,-0.6751418516124413,-0.11573625351437516,8.0,0.0
no_late_tightening,validation28,560,25,4.464285714285714,2,8.0,1.0353389461004958,-0.1583881308118805,6.536720528195263,0.5684104807126317,-0.06288996465889035,-0.2807587707986176,-0.060810014200002344,-0.7543332319549845,-0.39253894460093125,-0.5445795511199096,-0.6951418516124414,-0.13573625351437515,8.0,0.0
no_late_tightening,validation28,560,25,4.464285714285714,5,8.0,1.005338946100496,-0.1883881308118805,5.336530182490113,0.46404610282522724,-0.09288996465889036,-0.41468734222718917,-0.060810014200002344,-0.81409750383451,-0.4225389446009312,-0.5745795511199097,-0.7251418516124413,-0.16573625351437515,8.0,0.0
no_late_tightening,validation28,560,25,4.464285714285714,10,8.0,0.9553389461004959,-0.23838813081188043,4.0074937575410745,0.3484777180470499,-0.14288996465889037,-0.6379016279414748,-0.060810014200002344,-0.9136646236337254,-0.47253894460093127,-0.6245795511199097,-0.7751418516124413,-0.21573625351437517,8.0,0.0
no_late_tightening,validation28,560,25,4.464285714285714,20,8.0,0.8553389461004958,-0.33838813081188046,2.527686015606744,0.21979878396580382,-0.24288996465889034,-1.0843301993700463,-0.060810014200002344,-1.3773454723071343,-0.5725389446009312,-0.7245795511199097,-0.8751418516124414,-0.3157362535143751,8.0,0.0
no_late_tightening,development56,1120,48,4.285714285714286,0,8.333333333333334,3.563755752649142,-0.12360294461148441,28.832288452762477,2.621117132069316,0.18367694682690114,0.7871869149724334,1.6335820488958273,-0.7144803840353098,-0.37143021508109614,-0.5127715634391368,-0.6751418516124413,0.022470710135876606,8.333333333333332,0.0
no_late_tightening,development56,1120,48,4.285714285714286,2,8.333333333333334,3.543755752649142,-0.14360294461148443,24.677458823958794,2.2434053476326175,0.1636769468269011,0.7014726292581476,1.6335820488958273,-0.7543332319549956,-0.39143021508109616,-0.5327715634391367,-0.6951418516124414,0.0024707101358766087,8.333333333333332,0.0
no_late_tightening,development56,1120,48,4.285714285714286,5,8.333333333333334,3.513755752649142,-0.17360294461148443,20.240185214097426,1.8400168376452208,0.1336769468269011,0.572901200686719,1.6335820488958273,-0.8140975038345211,-0.4214302150810961,-0.5627715634391368,-0.7251418516124413,-0.027529289864123407,8.333333333333332,0.0
no_late_tightening,development56,1120,48,4.285714285714286,10,8.333333333333334,3.463755752649142,-0.22360294461148444,15.490653571971075,1.4082412338155523,0.0836769468269011,0.35861548640100477,1.6335820488958273,-1.10376788176626,-0.47143021508109617,-0.6127715634391369,-0.7751418516124413,-0.0775292898641234,8.333333333333332,0.0
no_late_tightening,development56,1120,48,4.285714285714286,20,8.333333333333334,3.363755752649142,-0.3236029446114845,10.394700693121456,0.9449727902837688,-0.01632305317309891,-0.0699559421704239,1.6335820488958273,-1.7950601415796186,-0.5714302150810961,-0.7127715634391368,-0.8751418516124414,-0.17752928986412342,8.333333333333332,0.0
no_late_tightening,stress27,540,27,5.0,0,7.407407407407407,0.45516970585872585,-0.10242128231877494,4.444093020062573,0.3555274416050058,-0.06111824615747858,-0.3055912307873929,-0.14464714403703316,-0.909761758176153,-0.23275710051357257,-0.4556869131173739,-0.6711950496845553,-0.09557039851826633,14.814814814814813,0.0
no_late_tightening,stress27,540,27,5.0,2,7.407407407407407,0.43516970585872583,-0.12242128231877492,3.5546899821354576,0.2843751985708366,-0.08111824615747858,-0.4055912307873929,-0.14464714403703316,-0.9495754834109027,-0.2527571005135726,-0.4756869131173739,-0.6911950496845553,-0.11557039851826634,14.814814814814813,0.0
no_late_tightening,stress27,540,27,5.0,5,7.407407407407407,0.4051697058587258,-0.15242128231877494,2.6582226556220085,0.21265781244976067,-0.11111824615747859,-0.5555912307873929,-0.14464714403703316,-1.009281071263024,-0.28275710051357256,-0.5056869131173739,-0.7211950496845553,-0.14557039851826634,14.814814814814813,0.0
no_late_tightening,stress27,540,27,5.0,10,3.7037037037037037,0.7346377152230031,-0.19557039851826638,3.756385019353466,0.14447634689821023,-0.1611182461574786,-0.8055912307873929,-0.14464714403703316,-1.1327792803219716,-0.33275710051357255,-0.555686913117374,-0.7711950496845553,-0.19557039851826633,14.814814814814813,0.0
no_late_tightening,stress27,540,27,5.0,20,3.7037037037037037,0.634637715223003,-0.2955703985182663,2.1471626333507228,0.08258317820579703,-0.26111824615747853,-1.305591230787393,-0.14464714403703316,-1.4302120652214811,-0.4327571005135726,-0.655686913117374,-0.8711950496845554,-0.2955703985182663,14.814814814814813,0.0
no_late_tightening,all83,1660,75,4.518072289156627,0,8.0,2.5275604037190034,-0.11592842928803893,21.80276588962452,1.8958926860543062,0.09555067735252444,0.4317048675565864,0.9934195394399975,-0.909761758176153,-0.3688431795348142,-0.5523774350004914,-0.6751418516124413,-0.008027963106293532,10.666666666666668,0.0
no_late_tightening,all83,1660,75,4.518072289156627,2,8.0,2.507560403719003,-0.13592842928803894,18.447652318598934,1.6041436798781683,0.07555067735252441,0.34134342177345367,0.9934195394399975,-0.9495754834109027,-0.38884317953481423,-0.5723774350004913,-0.6951418516124414,-0.028027963106293532,10.666666666666668,0.0
no_late_tightening,all83,1660,75,4.518072289156627,5,8.0,2.477560403719003,-0.16592842928803891,14.931500372477762,1.2983913367371966,0.04555067735252439,0.2058012530987548,0.9934195394399975,-1.0853407605868504,-0.41884317953481426,-0.6023774350004913,-0.7251418516124413,-0.05802796310629352,10.666666666666668,0.0
no_late_tightening,all83,1660,75,4.518072289156627,10,6.666666666666667,2.917932145163914,-0.21319085606257485,13.686947925700224,0.9776391375500161,-0.004449322647475561,-0.02010236135907633,0.9934195394399975,-1.5793403617137325,-0.46884317953481425,-0.6523774350004914,-0.7751418516124413,-0.10802796310629352,10.666666666666668,0.0
no_late_tightening,all83,1660,75,4.518072289156627,20,6.666666666666667,2.817932145163914,-0.31319085606257485,8.99749175499842,0.6426779824998871,-0.10444932264747557,-0.471909590274739,0.9934195394399975,-2.5606838600754633,-0.5688431795348142,-0.7523774350004915,-0.8751418516124414,-0.20802796310629354,10.666666666666668,0.0
soft_loss_always_active,fit28,560,23,4.107142857142857,0,8.695652173913043,6.090897368303977,-0.08567446355383904,71.09349875854632,6.770809405575839,0.4514187392164057,1.854041250353095,3.6075843677825996,-0.3683140370539961,-0.23450771017766292,-0.25060665090044143,-0.26459416563418325,0.11919367866692185,4.3478260869565215,0.0
soft_loss_always_active,fit28,560,23,4.107142857142857,2,8.695652173913043,6.070897368303976,-0.10567446355383903,57.44904837118928,5.471337940113264,0.4314187392164057,1.771898393210238,3.6075843677825996,-0.46797937989325744,-0.25450771017766294,-0.27060665090044145,-0.28459416563418327,0.09919367866692184,4.3478260869565215,0.0
soft_loss_always_active,fit28,560,23,4.107142857142857,5,8.695652173913043,6.040897368303977,-0.13567446355383903,44.52494014031459,4.240470489553771,0.40141873921640586,1.6486841074959526,3.6075843677825996,-0.6173278306811136,-0.2845077101776629,-0.3006066509004415,-0.31459416563418324,0.06919367866692183,4.3478260869565215,0.0
soft_loss_always_active,fit28,560,23,4.107142857142857,10,8.695652173913043,5.990897368303977,-0.18567446355383901,32.26559675271031,3.072913976448601,0.3514187392164058,1.4433269646388096,3.6075843677825996,-0.8658434784751701,-0.33450771017766295,-0.35060665090044146,-0.3645941656341833,0.019193678666921826,4.3478260869565215,0.0
soft_loss_always_active,fit28,560,23,4.107142857142857,20,8.695652173913043,5.8908973683039765,-0.2856744635538391,20.62101489583706,1.9639061805559104,0.25141873921640573,1.0326126789245236,3.6075843677825996,-1.3613833268961484,-0.434507710177663,-0.45060665090044144,-0.4645941656341832,-0.08080632133307816,4.3478260869565215,0.0
soft_loss_always_active,validation28,560,25,4.464285714285714,0,8.0,1.055338946100496,-0.13838813081188045,7.625935402907374,0.6631248176441196,-0.04288996465889034,-0.1914730565129033,-0.060810014200002344,-0.7144803840352987,-0.37253894460093123,-0.5245795511199097,-0.6751418516124413,-0.11573625351437516,8.0,0.0
soft_loss_always_active,validation28,560,25,4.464285714285714,2,8.0,1.0353389461004958,-0.1583881308118805,6.536720528195263,0.5684104807126317,-0.06288996465889035,-0.2807587707986176,-0.060810014200002344,-0.7543332319549845,-0.39253894460093125,-0.5445795511199096,-0.6951418516124414,-0.13573625351437515,8.0,0.0
soft_loss_always_active,validation28,560,25,4.464285714285714,5,8.0,1.005338946100496,-0.1883881308118805,5.336530182490113,0.46404610282522724,-0.09288996465889036,-0.41468734222718917,-0.060810014200002344,-0.81409750383451,-0.4225389446009312,-0.5745795511199097,-0.7251418516124413,-0.16573625351437515,8.0,0.0
soft_loss_always_active,validation28,560,25,4.464285714285714,10,8.0,0.9553389461004959,-0.23838813081188043,4.0074937575410745,0.3484777180470499,-0.14288996465889037,-0.6379016279414748,-0.060810014200002344,-0.9136646236337254,-0.47253894460093127,-0.6245795511199097,-0.7751418516124413,-0.21573625351437517,8.0,0.0
soft_loss_always_active,validation28,560,25,4.464285714285714,20,8.0,0.8553389461004958,-0.33838813081188046,2.527686015606744,0.21979878396580382,-0.24288996465889034,-1.0843301993700463,-0.060810014200002344,-1.3773454723071343,-0.5725389446009312,-0.7245795511199097,-0.8751418516124414,-0.3157362535143751,8.0,0.0
soft_loss_always_active,development56,1120,48,4.285714285714286,0,8.333333333333334,3.573118157202236,-0.11322933507508795,31.556470369032244,2.8687700335483854,0.19396628928135573,0.8312840969200961,1.6969622938333278,-0.7144803840352765,-0.36050385669990026,-0.47192827424498784,-0.6751418516124413,0.032978974770213235,6.25,0.0
soft_loss_always_active,development56,1120,48,4.285714285714286,2,8.333333333333334,3.553118157202236,-0.13322933507508794,26.669187797114663,2.4244716179195147,0.17396628928135568,0.7455698112058101,1.6969622938333278,-0.7543332319549956,-0.3805038566999003,-0.4919282742449878,-0.6951418516124414,0.01297897477021323,6.25,0.0
soft_loss_always_active,development56,1120,48,4.285714285714286,5,8.333333333333334,3.523118157202236,-0.16322933507508797,21.583854125127374,1.9621685568297613,0.14396628928135569,0.6169983826343816,1.6969622938333278,-0.81409750383451,-0.41050385669990025,-0.5219282742449878,-0.7251418516124413,-0.017021025229786785,6.25,0.0
soft_loss_always_active,development56,1120,48,4.285714285714286,10,8.333333333333334,3.473118157202236,-0.21322933507508796,16.288181717488307,1.4807437924989368,0.09396628928135571,0.4027126683486673,1.6969622938333278,-1.10376788176626,-0.4605038566999003,-0.5719282742449878,-0.7751418516124413,-0.0670210252297868,6.25,0.0
soft_loss_always_active,development56,1120,48,4.285714285714286,20,8.333333333333334,3.373118157202236,-0.313229335075088,10.768844994654238,0.9789859086049306,-0.006033710718644289,-0.025858760222761238,1.6969622938333278,-1.7950601415796186,-0.5605038566999002,-0.6719282742449878,-0.8751418516124414,-0.16702102522978687,6.25,0.0
soft_loss_always_active,stress27,540,27,5.0,0,11.11111111111111,0.41116639886143513,-0.09734084542561541,4.223986313901852,0.5279982892377315,-0.040840040504832024,-0.20420020252416013,-0.09788200559258982,-0.909761758176153,-0.213494244541982,-0.4556869131173739,-0.6711950496845553,-0.07451226187897951,7.4074074074074066,0.0
soft_loss_always_active,stress27,540,27,5.0,2,11.11111111111111,0.39116639886143517,-0.1173408454256154,3.333591107534699,0.41669888844183733,-0.06084004050483202,-0.3042002025241601,-0.09788200559258982,-0.9495754834109027,-0.233494244541982,-0.4756869131173739,-0.6911950496845553,-0.09451226187897951,7.4074074074074066,0.0
soft_loss_always_active,stress27,540,27,5.0,5,11.11111111111111,0.36116639886143515,-0.14734084542561543,2.451230667356045,0.3064038334195056,-0.09084004050483202,-0.4542002025241601,-0.09788200559258982,-1.009281071263024,-0.263494244541982,-0.5056869131173739,-0.7211950496845553,-0.12451226187897953,7.4074074074074066,0.0
soft_loss_always_active,stress27,540,27,5.0,10,7.407407407407407,0.4788987500449285,-0.19041914374881286,2.514971659974782,0.20119773279798256,-0.14084004050483204,-0.7042002025241602,-0.09788200559258982,-1.1327792803219716,-0.313494244541982,-0.555686913117374,-0.7711950496845553,-0.17451226187897953,7.4074074074074066,0.0
soft_loss_always_active,stress27,540,27,5.0,20,7.407407407407407,0.3788987500449285,-0.2904191437488129,1.3046617559503677,0.10437294047602942,-0.24084004050483201,-1.2042002025241603,-0.09788200559258982,-1.4302120652214811,-0.4134942445419821,-0.655686913117374,-0.8711950496845554,-0.2745122618789795,7.4074074074074066,0.0
soft_loss_always_active,all83,1660,75,4.518072289156627,0,9.333333333333334,2.217995975056178,-0.10762163284586236,20.609202038709373,2.1215355039847883,0.10943601055832815,0.49443980673943444,1.0508183460399976,-0.909761758176153,-0.3543819929046565,-0.5217449681048797,-0.6751418516124413,0.006045009737426452,6.666666666666667,0.0
soft_loss_always_active,all83,1660,75,4.518072289156627,2,9.333333333333334,2.197995975056179,-0.12762163284586237,17.222753901847142,1.7729305487195584,0.08943601055832812,0.40407836095630173,1.0508183460399976,-0.9495754834109027,-0.3743819929046565,-0.5417449681048796,-0.6951418516124414,-0.013954990262573568,6.666666666666667,0.0
soft_loss_always_active,all83,1660,75,4.518072289156627,5,9.333333333333334,2.1679959750561784,-0.15762163284586236,13.754431646931698,1.4158973754194395,0.05943601055832813,0.26853619228160297,1.0508183460399976,-1.0853407605868504,-0.4043819929046565,-0.5717449681048796,-0.7251418516124413,-0.04395499026257356,6.666666666666667,0.0
soft_loss_always_active,all83,1660,75,4.518072289156627,10,8.0,2.475045021483133,-0.2049647730003506,12.075465384868352,1.050040468249422,0.009436010558328146,0.04263257782377174,1.0508183460399976,-1.5793403617137325,-0.45438199290465653,-0.6217449681048797,-0.7751418516124413,-0.09395499026257356,6.666666666666667,0.0
soft_loss_always_active,all83,1660,75,4.518072289156627,20,8.0,2.3750450214831336,-0.3049647730003506,7.787932350732206,0.6772115087593222,-0.09056398944167186,-0.40917465109189094,1.0508183460399976,-2.5606838600754633,-0.5543819929046565,-0.7217449681048796,-0.8751418516124414,-0.19395499026257357,6.666666666666667,0.0
