rule,period,direction,scenario,jobs,trades,trade_rate_pct,cost_bps,win_rate_pct,avg_win_pct,avg_loss_pct,payoff_ratio,profit_factor,mean_trade_pct,mean_job_bps,mean_gross_points,worst_stream_mdd_pct,p05_pct,cvar05_pct,worst_trade_pct,trim_top1_mean_pct,held_until_flatten_pct,unclosed_after_day_pct
highest_observed_5m,fit28,BOTH_COUNTERFACTUAL,ALL,560,23,4.107142857142857,2,8.695652173913043,6.052172559197788,-0.12740964543962205,47.50168276754088,4.5239697873848455,0.40994532887667445,1.6837040293149128,3.4753125522608594,-0.5490381233021258,-0.2817966626874349,-0.39687487685588707,-0.5091555880775909,0.07674420422083908,8.695652173913043,0.0
highest_observed_5m,fit28,BOTH_COUNTERFACTUAL,strong_up_trend,102,5,4.901960784313726,2,20.0,7.740370071305053,-0.0806419095277837,95.98445915567326,23.996114788918316,1.4835604866387835,7.272355326660704,13.960089312799994,-0.11123790267523193,-0.10836902270025374,-0.11123790267522779,-0.11123790267522779,-0.0806419095277837,20.0,0.0
highest_observed_5m,fit28,BOTH_COUNTERFACTUAL,strong_down_trend,148,4,2.7027027027027026,2,25.0,4.3639750470905225,-0.15950028358127757,27.36029647788522,9.12009882596174,0.9713685490866726,2.625320402936953,5.117199150249995,-0.2845941656341777,-0.2626899479981536,-0.28459416563418327,-0.28459416563418327,-0.15950028358127757,25.0,0.0
highest_observed_5m,fit28,BOTH_COUNTERFACTUAL,range_chop,140,3,2.142857142857143,2,0.0,,-0.21390524193669455,,0.0,-0.21390524193669455,-0.45836837557863114,-1.2371441230000262,-0.5091555880775922,-0.46899951870741885,-0.5091555880775909,-0.5091555880775909,-0.30837524122673077,0.0,0.0
highest_observed_5m,fit28,BOTH_COUNTERFACTUAL,gap_up_open,82,4,4.878048780487805,2,0.0,,-0.10187033000532238,,0.0,-0.10187033000532238,-0.496928439050353,-0.35462862600002154,-0.1867405411706491,-0.14407100721927138,-0.1495382138820031,-0.1495382138820031,-0.12340775924055507,0.0,0.0
highest_observed_5m,fit28,BOTH_COUNTERFACTUAL,gap_down_open,72,4,5.555555555555555,2,25.0,4.3639750470905225,-0.07295730948875725,59.81546026944721,19.9384867564824,1.0362757796560629,5.757087664755904,5.255381283999995,-0.13856604806065098,-0.126082236408904,-0.13856604806065229,-0.13856604806065229,-0.07295730948875725,25.0,0.0
highest_observed_5m,fit28,BOTH_COUNTERFACTUAL,v_reversal_up,32,1,3.125,2,0.0,,-0.08557608923768166,,0.0,-0.08557608923768166,-0.2674252788677552,-0.20382421099998282,-0.08557608923768223,-0.08557608923768166,-0.08557608923768166,-0.08557608923768166,,0.0,0.0
highest_observed_5m,fit28,BOTH_COUNTERFACTUAL,v_reversal_down,52,2,3.8461538461538463,2,0.0,,-0.06628006886624638,,0.0,-0.06628006886624638,-0.25492334179325526,-0.32463521700000797,-0.1075948943758731,-0.10346341182490813,-0.10759489437587055,-0.10759489437587055,-0.10759489437587055,0.0,0.0
highest_observed_5m,fit28,BOTH_COUNTERFACTUAL,late_day_spike,146,11,7.534246575342466,2,18.181818181818183,6.052172559197788,-0.15442710464899392,39.19112886921057,8.70913974871346,0.9740455615049662,7.338699435996322,7.714619661727268,-0.5091555880775922,-0.38288736212214525,-0.5091555880775909,-0.5091555880775909,0.2974131105249577,18.181818181818183,0.0
highest_observed_5m,fit28,BOTH_COUNTERFACTUAL,high_vol,150,7,4.666666666666667,2,28.571428571428573,6.052172559197788,-0.09225607160139927,65.60188889623166,26.240755558492666,1.663294965769797,7.762043173592386,13.015270482142853,-0.13856604806065098,-0.13036760444502493,-0.13856604806065229,-0.13856604806065229,0.6504491148472544,28.57142857142857,0.0
highest_observed_5m,fit28,BOTH_COUNTERFACTUAL,low_vol,50,1,2.0,2,0.0,,-0.08557608923768166,,0.0,-0.08557608923768166,-0.17115217847536332,-0.20382421099998282,-0.08557608923768223,-0.08557608923768166,-0.08557608923768166,-0.08557608923768166,,0.0,0.0
highest_observed_5m,fit28,LONG,ALL,280,16,5.714285714285714,2,6.25,7.740370071305053,-0.10574674726500385,73.1972403076144,4.879816020507627,0.38463555389562465,2.197917450832141,3.934700145499992,-0.46797937989325744,-0.24078344124892434,-0.2566191361666996,-0.2566191361666996,-0.10574674726500388,6.25,0.0
highest_observed_5m,fit28,LONG,strong_up_trend,51,5,9.803921568627452,2,20.0,7.740370071305053,-0.0806419095277837,95.98445915567326,23.996114788918316,1.4835604866387835,14.544710653321408,13.960089312799994,-0.11123790267523193,-0.10836902270025374,-0.11123790267522779,-0.11123790267522779,-0.0806419095277837,20.0,0.0
highest_observed_5m,fit28,LONG,strong_down_trend,74,0,0.0,2,,,,,,,0.0,,0.0,,,,,,0.0
highest_observed_5m,fit28,LONG,range_chop,70,2,2.857142857142857,2,0.0,,-0.06628006886624638,,0.0,-0.06628006886624638,-0.18937162533213248,-0.32463521700000797,-0.1075948943758731,-0.10346341182490813,-0.10759489437587055,-0.10759489437587055,-0.10759489437587055,0.0,0.0
highest_observed_5m,fit28,LONG,gap_up_open,41,4,9.75609756097561,2,0.0,,-0.10187033000532238,,0.0,-0.10187033000532238,-0.993856878100706,-0.35462862600002154,-0.1867405411706491,-0.14407100721927138,-0.1495382138820031,-0.1495382138820031,-0.12340775924055507,0.0,0.0
highest_observed_5m,fit28,LONG,gap_down_open,36,1,2.7777777777777777,2,0.0,,-0.02496524335662218,,0.0,-0.02496524335662218,-0.0693478982128394,-0.01996242100000245,-0.024965243356622757,-0.02496524335662218,-0.02496524335662218,-0.02496524335662218,,0.0,0.0
highest_observed_5m,fit28,LONG,v_reversal_up,16,1,6.25,2,0.0,,-0.08557608923768166,,0.0,-0.08557608923768166,-0.5348505577355104,-0.20382421099998282,-0.08557608923768223,-0.08557608923768166,-0.08557608923768166,-0.08557608923768166,,0.0,0.0
highest_observed_5m,fit28,LONG,v_reversal_down,26,2,7.6923076923076925,2,0.0,,-0.06628006886624638,,0.0,-0.06628006886624638,-0.5098466835865105,-0.32463521700000797,-0.1075948943758731,-0.10346341182490813,-0.10759489437587055,-0.10759489437587055,-0.10759489437587055,0.0,0.0
highest_observed_5m,fit28,LONG,late_day_spike,73,7,9.58904109589041,2,14.285714285714286,7.740370071305053,-0.11446361144228417,67.62297619106636,11.270496031844393,1.0076554860930496,9.66244986664568,9.554498665285719,-0.3116714631037354,-0.21300476611925806,-0.2566191361666996,-0.2566191361666996,-0.11446361144228417,14.285714285714285,0.0
highest_observed_5m,fit28,LONG,high_vol,75,4,5.333333333333333,2,25.0,7.740370071305053,-0.08912455763244896,86.84890311855973,28.949634372853243,1.8682490996019263,9.96399519787694,17.516351454499997,-0.11123790267523193,-0.10908624269399725,-0.11123790267522779,-0.11123790267522779,-0.08912455763244896,25.0,0.0
highest_observed_5m,fit28,LONG,low_vol,25,1,4.0,2,0.0,,-0.08557608923768166,,0.0,-0.08557608923768166,-0.34230435695072664,-0.20382421099998282,-0.08557608923768223,-0.08557608923768166,-0.08557608923768166,-0.08557608923768166,,0.0,0.0
highest_observed_5m,fit28,SHORT,ALL,280,7,2.5,2,14.285714285714286,4.3639750470905225,-0.18156689087616762,24.03508164969815,4.005846941616358,0.46779624311907386,1.1694906077976848,2.4252837677142702,-0.5490381233021258,-0.4417871613445686,-0.5091555880775909,-0.5091555880775909,-0.18156689087616765,14.285714285714285,0.0
highest_observed_5m,fit28,SHORT,strong_up_trend,51,0,0.0,2,,,,,,,0.0,,0.0,,,,,,0.0
highest_observed_5m,fit28,SHORT,strong_down_trend,74,4,5.405405405405405,2,25.0,4.3639750470905225,-0.15950028358127757,27.36029647788522,9.12009882596174,0.9713685490866726,5.250640805873906,5.117199150249995,-0.2845941656341777,-0.2626899479981536,-0.28459416563418327,-0.28459416563418327,-0.15950028358127757,25.0,0.0
highest_observed_5m,fit28,SHORT,range_chop,70,1,1.4285714285714286,2,0.0,,-0.5091555880775909,,0.0,-0.5091555880775909,-0.7273651258251299,-3.062161935000063,-0.5091555880775922,-0.5091555880775909,-0.5091555880775909,-0.5091555880775909,,0.0,0.0
highest_observed_5m,fit28,SHORT,gap_up_open,41,0,0.0,2,,,,,,,0.0,,0.0,,,,,,0.0
highest_observed_5m,fit28,SHORT,gap_down_open,36,3,8.333333333333334,2,33.333333333333336,4.3639750470905225,-0.09695334255482478,45.01108401314581,22.505542006572906,1.3900227873269577,11.583523227724648,7.013829185666661,-0.13856604806065098,-0.13024350695948678,-0.13856604806065229,-0.13856604806065229,-0.09695334255482478,33.33333333333333,0.0
highest_observed_5m,fit28,SHORT,v_reversal_up,16,0,0.0,2,,,,,,,0.0,,0.0,,,,,,0.0
highest_observed_5m,fit28,SHORT,v_reversal_down,26,0,0.0,2,,,,,,,0.0,,0.0,,,,,,0.0
highest_observed_5m,fit28,SHORT,late_day_spike,73,4,5.47945205479452,2,25.0,4.3639750470905225,-0.23435409106241345,18.621288100015732,6.207096033338577,0.9152281934758206,5.0149490053469625,4.49483140549998,-0.5091555880775922,-0.45356715707505013,-0.5091555880775909,-0.5091555880775909,-0.23435409106241345,25.0,0.0
highest_observed_5m,fit28,SHORT,high_vol,75,3,4.0,2,33.333333333333336,4.3639750470905225,-0.09695334255482478,45.01108401314581,22.505542006572906,1.3900227873269577,5.560091149307831,7.013829185666661,-0.13856604806065098,-0.13024350695948678,-0.13856604806065229,-0.13856604806065229,-0.09695334255482478,33.33333333333333,0.0
highest_observed_5m,fit28,SHORT,low_vol,25,0,0.0,2,,,,,,,0.0,,0.0,,,,,,0.0
highest_observed_5m,validation28,BOTH_COUNTERFACTUAL,ALL,560,25,4.464285714285714,2,8.0,1.0353389461004958,-0.1583881308118805,6.536720528195263,0.5684104807126317,-0.06288996465889035,-0.2807587707986176,-0.060810014200002344,-0.7543332319549845,-0.39253894460093125,-0.5445795511199096,-0.6951418516124414,-0.13573625351437515,8.0,0.0
highest_observed_5m,validation28,BOTH_COUNTERFACTUAL,strong_up_trend,152,2,1.3157894736842106,2,0.0,,-0.19602124881614014,,0.0,-0.19602124881614014,-0.2579226958107107,-0.3696311530000145,-0.36119106727811046,-0.3446740854319141,-0.3611910672781112,-0.3611910672781112,-0.3611910672781112,0.0,0.0
highest_observed_5m,validation28,BOTH_COUNTERFACTUAL,strong_down_trend,148,8,5.405405405405405,2,12.5,0.38525692432824643,-0.15263196175027913,2.5240907599586815,0.36058439427981165,-0.08539585099046343,-0.4615991945430456,-0.3681006772500126,-0.38662572049514843,-0.320467816665016,-0.38662572049514404,-0.38662572049514404,-0.15263196175027913,12.5,0.0
highest_observed_5m,validation28,BOTH_COUNTERFACTUAL,range_chop,130,6,4.615384615384615,2,0.0,,-0.23644055202317452,,0.0,-0.23644055202317452,-1.0912640862608054,-1.6220137718333472,-0.6951418516124463,-0.6198607013661755,-0.6951418516124414,-0.6951418516124414,-0.27362624799427215,0.0,0.0
highest_observed_5m,validation28,BOTH_COUNTERFACTUAL,gap_up_open,90,3,3.3333333333333335,2,0.0,,-0.12234711376053985,,0.0,-0.12234711376053985,-0.40782371253513283,-0.7383999999999938,-0.19760313812334784,-0.19170150159142477,-0.19760313812334968,-0.19760313812334968,-0.16809495546372522,0.0,0.0
highest_observed_5m,validation28,BOTH_COUNTERFACTUAL,gap_down_open,106,9,8.49056603773585,2,11.11111111111111,1.6854209678727454,-0.22609046447944903,7.454630922862054,0.9318288653577568,-0.013700305329205183,-0.116323347134761,0.4093679945555537,-0.6951418516124463,-0.5746920112184161,-0.6951418516124414,-0.6951418516124414,-0.22609046447944897,11.11111111111111,0.0
highest_observed_5m,validation28,BOTH_COUNTERFACTUAL,v_reversal_up,36,1,2.7777777777777777,2,0.0,,-0.394017250627378,,0.0,-0.394017250627378,-1.094492362853828,-1.4672379259999957,-0.39401725062737647,-0.394017250627378,-0.394017250627378,-0.394017250627378,,0.0,0.0
highest_observed_5m,validation28,BOTH_COUNTERFACTUAL,v_reversal_down,38,4,10.526315789473685,2,25.0,0.38525692432824643,-0.09587256999792947,4.018427005102364,1.3394756683674545,0.024409803583614498,0.2569453008801526,0.20378882374998852,-0.10741140278360817,-0.1073151562910696,-0.10741140278361028,-0.10741140278361028,-0.09587256999792947,25.0,0.0
highest_observed_5m,validation28,BOTH_COUNTERFACTUAL,late_day_spike,114,3,2.6315789473684212,2,0.0,,-0.38097366918365505,,0.0,-0.38097366918365505,-1.002562287325408,-2.632868472666663,-0.6951418516124463,-0.6625411345592134,-0.6951418516124414,-0.6951418516124414,-0.5321382663463016,0.0,0.0
highest_observed_5m,validation28,BOTH_COUNTERFACTUAL,high_vol,190,5,2.6315789473684212,2,0.0,,-0.17244931018874546,,0.0,-0.17244931018874546,-0.45381397418090913,-0.8687610835999748,-0.36913468108016323,-0.3348283724887994,-0.36913468108016184,-0.36913468108016184,-0.19599226671649356,0.0,0.0
highest_observed_5m,validation28,BOTH_COUNTERFACTUAL,low_vol,28,2,7.142857142857143,2,0.0,,-0.06214091152778816,,0.0,-0.06214091152778816,-0.44386365376991543,-0.125,-0.07092514004413131,-0.07004671719249346,-0.0709251400441274,-0.0709251400441274,-0.0709251400441274,0.0,0.0
highest_observed_5m,validation28,LONG,ALL,280,6,2.142857142857143,2,0.0,,-0.05205475901475179,,0.0,-0.05205475901475179,-0.11154591217446813,-0.26999078416666106,-0.1253625300936645,-0.09341649037786655,-0.10676975950000575,-0.10676975950000575,-0.05710807581787309,0.0,0.0
highest_observed_5m,validation28,LONG,strong_up_trend,76,1,1.3157894736842106,2,0.0,,-0.03085143035416911,,0.0,-0.03085143035416911,-0.04059398730811725,-0.08000000000004093,-0.030851430354172926,-0.03085143035416911,-0.03085143035416911,-0.03085143035416911,,0.0,0.0
highest_observed_5m,validation28,LONG,strong_down_trend,74,0,0.0,2,,,,,,,0.0,,0.0,,,,,,0.0
highest_observed_5m,validation28,LONG,range_chop,65,1,1.5384615384615385,2,0.0,,-0.10676975950000575,,0.0,-0.10676975950000575,-0.1642611684615473,-1.0098447049999777,-0.10676975950000278,-0.10676975950000575,-0.10676975950000575,-0.10676975950000575,,0.0,0.0
highest_observed_5m,validation28,LONG,gap_up_open,45,1,2.2222222222222223,2,0.0,,-0.03085143035416911,,0.0,-0.03085143035416911,-0.0685587341203758,-0.08000000000004093,-0.030851430354172926,-0.03085143035416911,-0.03085143035416911,-0.03085143035416911,,0.0,0.0
highest_observed_5m,validation28,LONG,gap_down_open,53,2,3.7735849056603774,2,0.0,,-0.06677896724957552,,0.0,-0.06677896724957552,-0.2519961028285869,-0.5149223524999798,-0.10676975950000278,-0.10277068027496274,-0.10676975950000575,-0.10676975950000575,-0.10676975950000575,0.0,0.0
highest_observed_5m,validation28,LONG,v_reversal_up,18,0,0.0,2,,,,,,,0.0,,0.0,,,,,,0.0
highest_observed_5m,validation28,LONG,v_reversal_down,19,1,5.2631578947368425,2,0.0,,-0.10676975950000575,,0.0,-0.10676975950000575,-0.5619461026316092,-1.0098447049999777,-0.10676975950000278,-0.10676975950000575,-0.10676975950000575,-0.10676975950000575,,0.0,0.0
highest_observed_5m,validation28,LONG,late_day_spike,57,0,0.0,2,,,,,,,0.0,,0.0,,,,,,0.0
highest_observed_5m,validation28,LONG,high_vol,95,0,0.0,2,,,,,,,0.0,,0.0,,,,,,0.0
highest_observed_5m,validation28,LONG,low_vol,14,1,7.142857142857143,2,0.0,,-0.05335668301144893,,0.0,-0.05335668301144893,-0.3811191643674924,-0.10000000000002274,-0.0533566830114518,-0.05335668301144893,-0.05335668301144893,-0.05335668301144893,,0.0,0.0
highest_observed_5m,validation28,SHORT,ALL,280,19,6.785714285714286,2,10.526315789473685,1.0353389461004958,-0.19591755615204354,5.284564417989229,0.6217134609399093,-0.06631160854651305,-0.4499716294227671,0.00524707105262672,-0.7543332319549845,-0.4241297107258844,-0.6951418516124414,-0.6951418516124414,-0.16363008501424964,10.526315789473683,0.0
highest_observed_5m,validation28,SHORT,strong_up_trend,76,1,1.3157894736842106,2,0.0,,-0.3611910672781112,,0.0,-0.3611910672781112,-0.47525140431330426,-0.659262305999988,-0.36119106727811046,-0.3611910672781112,-0.3611910672781112,-0.3611910672781112,,0.0,0.0
highest_observed_5m,validation28,SHORT,strong_down_trend,74,8,10.81081081081081,2,12.5,0.38525692432824643,-0.15263196175027913,2.5240907599586815,0.36058439427981165,-0.08539585099046343,-0.9231983890860912,-0.3681006772500126,-0.38662572049514843,-0.320467816665016,-0.38662572049514404,-0.38662572049514404,-0.15263196175027913,12.5,0.0
highest_observed_5m,validation28,SHORT,range_chop,65,5,7.6923076923076925,2,0.0,,-0.26237471052780825,,0.0,-0.26237471052780825,-2.0182670040600637,-1.744447585200021,-0.6951418516124463,-0.6349169314154287,-0.6951418516124414,-0.6951418516124414,-0.3153403701178388,0.0,0.0
highest_observed_5m,validation28,SHORT,gap_up_open,45,2,4.444444444444445,2,0.0,,-0.16809495546372522,,0.0,-0.16809495546372522,-0.7470886909498898,-1.0675999999999704,-0.19760313812334784,-0.1946523198573872,-0.19760313812334968,-0.19760313812334968,-0.19760313812334968,0.0,0.0
highest_observed_5m,validation28,SHORT,gap_down_open,53,7,13.20754716981132,2,14.285714285714286,1.6854209678727454,-0.27919429688940683,6.036731361100713,1.0061218935167855,0.0014650266480434736,0.019349408559064744,0.6734509508571348,-0.6951418516124463,-0.6048044713169223,-0.6951418516124414,-0.6951418516124414,-0.27919429688940683,14.285714285714285,0.0
highest_observed_5m,validation28,SHORT,v_reversal_up,18,1,5.555555555555555,2,0.0,,-0.394017250627378,,0.0,-0.394017250627378,-2.188984725707656,-1.4672379259999957,-0.39401725062737647,-0.394017250627378,-0.394017250627378,-0.394017250627378,,0.0,0.0
highest_observed_5m,validation28,SHORT,v_reversal_down,19,3,15.789473684210526,2,33.333333333333336,0.38525692432824643,-0.09042397524689132,4.260561684844652,2.130280842422326,0.06813632461148793,1.0758367043919148,0.6083333333333106,-0.10741140278360817,-0.1040139172762665,-0.10741140278361028,-0.10741140278361028,-0.09042397524689132,33.33333333333333,0.0
highest_observed_5m,validation28,SHORT,late_day_spike,57,3,5.2631578947368425,2,0.0,,-0.38097366918365505,,0.0,-0.38097366918365505,-2.005124574650816,-2.632868472666663,-0.6951418516124463,-0.6625411345592134,-0.6951418516124414,-0.6951418516124414,-0.5321382663463016,0.0,0.0
highest_observed_5m,validation28,SHORT,high_vol,95,5,5.2631578947368425,2,0.0,,-0.17244931018874546,,0.0,-0.17244931018874546,-0.9076279483618183,-0.8687610835999748,-0.36913468108016323,-0.3348283724887994,-0.36913468108016184,-0.36913468108016184,-0.19599226671649356,0.0,0.0
highest_observed_5m,validation28,SHORT,low_vol,14,1,7.142857142857143,2,0.0,,-0.0709251400441274,,0.0,-0.0709251400441274,-0.5066081431723385,-0.14999999999997726,-0.07092514004413131,-0.0709251400441274,-0.0709251400441274,-0.0709251400441274,,0.0,0.0
highest_observed_5m,development56,BOTH_COUNTERFACTUAL,ALL,1120,48,4.285714285714286,2,8.333333333333334,3.543755752649142,-0.14360294461148443,24.677458823958794,2.2434053476326175,0.1636769468269011,0.7014726292581476,1.6335820488958273,-0.7543332319549956,-0.39143021508109616,-0.5327715634391367,-0.6951418516124414,0.0024707101358766087,8.333333333333332,0.0
highest_observed_5m,development56,BOTH_COUNTERFACTUAL,strong_up_trend,254,7,2.7559055118110236,2,14.285714285714286,7.740370071305053,-0.11910168929056919,64.98959097398762,10.831598495664602,1.0036799907945195,2.7660472187250544,9.865883465428563,-0.36119106727811046,-0.2862051178972462,-0.3611910672781112,-0.3611910672781112,-0.11910168929056916,14.285714285714285,0.0
highest_observed_5m,development56,BOTH_COUNTERFACTUAL,strong_down_trend,296,12,4.054054054054054,2,16.666666666666668,2.3746159857093847,-0.15469245829957864,15.350560795347143,3.0701121590694282,0.2668589490352485,1.0818606041969534,1.4603325985833233,-0.38662572049514843,-0.3305083653216156,-0.38662572049514404,-0.38662572049514404,-0.10560615078795822,16.666666666666664,0.0
highest_observed_5m,development56,BOTH_COUNTERFACTUAL,range_chop,270,9,3.3333333333333335,2,0.0,,-0.22892878199434785,,0.0,-0.22892878199434785,-0.7630959399811595,-1.4937238888889068,-0.6951418516124463,-0.6207473461985011,-0.6951418516124414,-0.6951418516124414,-0.2544242243240636,0.0,0.0
highest_observed_5m,development56,BOTH_COUNTERFACTUAL,gap_up_open,172,7,4.069767441860465,2,0.0,,-0.11064609447184413,,0.0,-0.11064609447184413,-0.45030387285052853,-0.5191020720000097,-0.19760313812334784,-0.1831836608509457,-0.19760313812334968,-0.19760313812334968,-0.12394520515812331,0.0,0.0
highest_observed_5m,development56,BOTH_COUNTERFACTUAL,gap_down_open,178,13,7.303370786516854,2,15.384615384615385,3.024698007481634,-0.18432687675471493,16.409424717300567,2.9835317667819212,0.3093692592816465,2.259438410483935,1.900449006692305,-0.6951418516124463,-0.5144670910214033,-0.6951418516124414,-0.6951418516124414,-0.028514556369093186,15.384615384615385,0.0
highest_observed_5m,development56,BOTH_COUNTERFACTUAL,v_reversal_up,68,2,2.9411764705882355,2,0.0,,-0.23979666993252988,,0.0,-0.23979666993252988,-0.7052843233309702,-0.8355310684999893,-0.39401725062737647,-0.3785951925578932,-0.394017250627378,-0.394017250627378,-0.394017250627378,0.0,0.0
highest_observed_5m,development56,BOTH_COUNTERFACTUAL,v_reversal_down,90,6,6.666666666666667,2,16.666666666666668,0.38525692432824643,-0.08403556954525623,4.584450684549374,0.9168901369098748,-0.00582015389967245,-0.03880102599781633,0.027647476833323026,-0.1075948943758731,-0.10754902147780548,-0.10759489437587055,-0.10759489437587055,-0.08403556954525622,16.666666666666664,0.0
highest_observed_5m,development56,BOTH_COUNTERFACTUAL,late_day_spike,260,14,5.384615384615385,2,14.285714285714286,6.052172559197788,-0.21106374578265924,28.674619304017998,4.779103217336333,0.6836842977859761,3.6813769880783322,5.497300775785711,-0.6951418516124463,-0.5742507803147886,-0.6951418516124414,-0.6951418516124414,0.14086231520758558,14.285714285714285,0.0
highest_observed_5m,development56,BOTH_COUNTERFACTUAL,high_vol,340,12,3.5294117647058822,2,16.666666666666668,6.052172559197788,-0.13235269089507234,45.72761247442924,9.145522494885848,0.8984015174537378,3.170828885130839,7.230257329750008,-0.36913468108017433,-0.27479233245391516,-0.36913468108016184,-0.36913468108016184,0.2764043761945272,16.666666666666664,0.0
highest_observed_5m,development56,BOTH_COUNTERFACTUAL,low_vol,78,3,3.8461538461538463,2,0.0,,-0.069952637431086,,0.0,-0.069952637431086,-0.2690486055041769,-0.15127473699999427,-0.08557608923768223,-0.08411099431832625,-0.08557608923768166,-0.08557608923768166,-0.07825061464090453,0.0,0.0
highest_observed_5m,development56,LONG,ALL,560,22,3.9285714285714284,2,4.545454545454546,7.740370071305053,-0.09040617919350329,85.617710430365,4.077033830017381,0.26553819582915833,1.0431857693288362,2.787966255590905,-0.5477349501023077,-0.23120654315661612,-0.2460620062215161,-0.2566191361666996,-0.09040617919350326,4.545454545454546,0.0
highest_observed_5m,development56,LONG,strong_up_trend,127,6,4.724409448818897,2,16.666666666666668,7.740370071305053,-0.07068381369306077,109.50696725161202,21.901393450322406,1.2311585004732915,5.816496852629724,11.620074427333321,-0.11123790267523193,-0.10765180270651022,-0.11123790267522779,-0.11123790267522779,-0.07068381369306077,16.666666666666664,0.0
highest_observed_5m,development56,LONG,strong_down_trend,148,0,0.0,2,,,,,,,0.0,,0.0,,,,,,0.0
highest_observed_5m,development56,LONG,range_chop,135,3,2.2222222222222223,2,0.0,,-0.07977663241083283,,0.0,-0.07977663241083283,-0.17728140535740627,-0.5530383796666646,-0.1075948943758731,-0.10751238088828408,-0.10759489437587055,-0.10759489437587055,-0.10718232693793817,0.0,0.0
highest_observed_5m,development56,LONG,gap_up_open,86,5,5.813953488372093,2,0.0,,-0.08766655007509172,,0.0,-0.08766655007509172,-0.5096892446226263,-0.29970290080002543,-0.1867405411706491,-0.1422486049983608,-0.1495382138820031,-0.1495382138820031,-0.10187033000532238,0.0,0.0
highest_observed_5m,development56,LONG,gap_down_open,89,3,3.3707865168539324,2,0.0,,-0.052841059285257744,,0.0,-0.052841059285257744,-0.1781159301750261,-0.34993570866665397,-0.10676975950000278,-0.09877160104991971,-0.10676975950000575,-0.10676975950000575,-0.06677896724957552,0.0,0.0
highest_observed_5m,development56,LONG,v_reversal_up,34,1,2.9411764705882355,2,0.0,,-0.08557608923768166,,0.0,-0.08557608923768166,-0.2516943801108284,-0.20382421099998282,-0.08557608923768223,-0.08557608923768166,-0.08557608923768166,-0.08557608923768166,,0.0,0.0
highest_observed_5m,development56,LONG,v_reversal_down,45,3,6.666666666666667,2,0.0,,-0.07977663241083283,,0.0,-0.07977663241083283,-0.5318442160722188,-0.5530383796666646,-0.1075948943758731,-0.10751238088828408,-0.10759489437587055,-0.10759489437587055,-0.10718232693793817,0.0,0.0
highest_observed_5m,development56,LONG,late_day_spike,130,7,5.384615384615385,2,14.285714285714286,7.740370071305053,-0.11446361144228417,67.62297619106636,11.270496031844393,1.0076554860930496,5.425837232808728,9.554498665285719,-0.3116714631037354,-0.21300476611925806,-0.2566191361666996,-0.2566191361666996,-0.11446361144228417,14.285714285714285,0.0
highest_observed_5m,development56,LONG,high_vol,170,4,2.3529411764705883,2,25.0,7.740370071305053,-0.08912455763244896,86.84890311855973,28.949634372853243,1.8682490996019263,4.395880234357474,17.516351454499997,-0.11123790267523193,-0.10908624269399725,-0.11123790267522779,-0.11123790267522779,-0.08912455763244896,25.0,0.0
highest_observed_5m,development56,LONG,low_vol,39,2,5.128205128205129,2,0.0,,-0.06946638612456531,,0.0,-0.06946638612456531,-0.35623787756187336,-0.15191210550000278,-0.08557608923768223,-0.08396511892637003,-0.08557608923768166,-0.08557608923768166,-0.08557608923768166,0.0,0.0
highest_observed_5m,development56,SHORT,ALL,560,26,4.642857142857143,2,11.538461538461538,2.1448843130971715,-0.19217390434094547,11.161163220641152,1.455803898344498,0.07748665920960651,0.3597594891874588,0.6567954124615307,-0.7543332319549956,-0.48037100371503766,-0.6021487198450162,-0.6951418516124414,-0.09397287630563016,11.538461538461538,0.0
highest_observed_5m,development56,SHORT,strong_up_trend,127,1,0.7874015748031497,2,0.0,,-0.3611910672781112,,0.0,-0.3611910672781112,-0.2844024151796151,-0.659262305999988,-0.36119106727811046,-0.3611910672781112,-0.3611910672781112,-0.3611910672781112,,0.0,0.0
highest_observed_5m,development56,SHORT,strong_down_trend,148,12,8.108108108108109,2,16.666666666666668,2.3746159857093847,-0.15469245829957864,15.350560795347143,3.0701121590694282,0.2668589490352485,2.163721208393907,1.4603325985833233,-0.38662572049514843,-0.3305083653216156,-0.38662572049514404,-0.38662572049514404,-0.10560615078795822,16.666666666666664,0.0
highest_observed_5m,development56,SHORT,range_chop,135,6,4.444444444444445,2,0.0,,-0.30350485678610534,,0.0,-0.30350485678610534,-1.3489104746049125,-1.964066643500028,-0.6951418516124463,-0.6486452857287287,-0.6951418516124414,-0.6951418516124414,-0.3541034137097892,0.0,0.0
highest_observed_5m,development56,SHORT,gap_up_open,86,2,2.3255813953488373,2,0.0,,-0.16809495546372522,,0.0,-0.16809495546372522,-0.39091850107843074,-1.0675999999999704,-0.19760313812334784,-0.1946523198573872,-0.19760313812334968,-0.19760313812334968,-0.19760313812334968,0.0,0.0
highest_observed_5m,development56,SHORT,gap_down_open,89,10,11.235955056179776,2,20.0,3.024698007481634,-0.23363405830576137,12.94630598559031,3.2365764963975776,0.41803235485171775,4.696992751142896,2.5755644212999926,-0.6951418516124463,-0.5596357811691629,-0.6951418516124414,-0.6951418516124414,-0.020405722063705046,20.0,0.0
highest_observed_5m,development56,SHORT,v_reversal_up,34,1,2.9411764705882355,2,0.0,,-0.394017250627378,,0.0,-0.394017250627378,-1.1588742665511118,-1.4672379259999957,-0.39401725062737647,-0.394017250627378,-0.394017250627378,-0.394017250627378,,0.0,0.0
highest_observed_5m,development56,SHORT,v_reversal_down,45,3,6.666666666666667,2,33.333333333333336,0.38525692432824643,-0.09042397524689132,4.260561684844652,2.130280842422326,0.06813632461148793,0.45424216407658624,0.6083333333333106,-0.10741140278360817,-0.1040139172762665,-0.10741140278361028,-0.10741140278361028,-0.09042397524689132,33.33333333333333,0.0
highest_observed_5m,development56,SHORT,late_day_spike,130,7,5.384615384615385,2,14.285714285714286,4.3639750470905225,-0.3076638801230342,14.18422937832474,2.3640382297207903,0.3597131094789025,1.9369167433479366,1.4401028862857044,-0.6951418516124463,-0.6393459725519862,-0.6951418516124414,-0.6951418516124414,-0.30766388012303425,14.285714285714285,0.0
highest_observed_5m,development56,SHORT,high_vol,170,8,4.705882352941177,2,12.5,4.3639750470905225,-0.15087903372191097,28.923667784974537,4.131952540710648,0.4134777263796432,1.9457775359042033,2.0872102673750135,-0.36913468108017433,-0.30909864104527757,-0.36913468108016184,-0.36913468108016184,-0.150879033721911,12.5,0.0
highest_observed_5m,development56,SHORT,low_vol,39,1,2.5641025641025643,2,0.0,,-0.0709251400441274,,0.0,-0.0709251400441274,-0.18185933344648048,-0.14999999999997726,-0.07092514004413131,-0.0709251400441274,-0.0709251400441274,-0.0709251400441274,,0.0,0.0
highest_observed_5m,stress27,BOTH_COUNTERFACTUAL,ALL,540,27,5.0,2,7.407407407407407,0.43516970585872583,-0.12242128231877492,3.5546899821354576,0.2843751985708366,-0.08111824615747858,-0.4055912307873929,-0.14464714403703316,-0.9495754834109027,-0.2527571005135726,-0.4756869131173739,-0.6911950496845553,-0.11557039851826634,14.814814814814813,0.0
highest_observed_5m,stress27,BOTH_COUNTERFACTUAL,strong_up_trend,84,2,2.380952380952381,2,50.0,0.8146377152230031,-0.058807982189178244,13.852502413743954,13.852502413743954,0.3779148665169124,0.8997973012307439,4.077499999999958,-0.0588079821891796,-0.015135697318569176,-0.058807982189178244,-0.058807982189178244,-0.058807982189178244,50.0,0.0
highest_observed_5m,stress27,BOTH_COUNTERFACTUAL,strong_down_trend,86,3,3.488372093023256,2,0.0,,-0.07844642573604857,,0.0,-0.07844642573604857,-0.27365032233505315,-0.14323646466666182,-0.15973469213250713,-0.11188828100145795,-0.1159254522156356,-0.1159254522156356,-0.09573959614474731,0.0,0.0
highest_observed_5m,stress27,BOTH_COUNTERFACTUAL,range_chop,196,12,6.122448979591836,2,0.0,,-0.14286445488241203,,0.0,-0.14286445488241203,-0.8746803360147676,-0.6370000000000005,-0.6911950496845565,-0.405214457445603,-0.6911950496845553,-0.6911950496845553,-0.1526903626711838,8.333333333333332,0.0
highest_observed_5m,stress27,BOTH_COUNTERFACTUAL,gap_up_open,34,2,5.882352941176471,2,0.0,,-0.17739714967123313,,0.0,-0.17739714967123313,-1.0435126451249008,-0.8449999999999704,-0.2601787765501906,-0.2519006138622967,-0.2601787765501926,-0.2601787765501926,-0.2601787765501926,0.0,0.0
highest_observed_5m,stress27,BOTH_COUNTERFACTUAL,gap_down_open,44,3,6.818181818181818,2,0.0,,-0.05881443069850263,,0.0,-0.05881443069850263,-0.4010074820352452,-0.2816666666666758,-0.09794340751875241,-0.09252110830395653,-0.09794340751874753,-0.09794340751874753,-0.07083191144479255,0.0,0.0
highest_observed_5m,stress27,BOTH_COUNTERFACTUAL,v_reversal_up,22,1,4.545454545454546,2,0.0,,-0.06180711243500954,,0.0,-0.06180711243500954,-0.28094142015913426,-0.32000000000005,-0.06180711243500836,-0.06180711243500954,-0.06180711243500954,-0.06180711243500954,,0.0,0.0
highest_observed_5m,stress27,BOTH_COUNTERFACTUAL,v_reversal_down,20,1,5.0,2,0.0,,-0.0382668076827675,,0.0,-0.0382668076827675,-0.1913340384138375,-0.13990000000001146,-0.03826680768276303,-0.0382668076827675,-0.0382668076827675,-0.0382668076827675,,0.0,0.0
highest_observed_5m,stress27,BOTH_COUNTERFACTUAL,late_day_spike,18,2,11.11111111111111,2,0.0,,-0.11257789018470024,,0.0,-0.11257789018470024,-1.2508654464966693,-0.3473326394999532,-0.11592545221563721,-0.11559069601254207,-0.1159254522156356,-0.1159254522156356,-0.1159254522156356,0.0,0.0
highest_observed_5m,stress27,BOTH_COUNTERFACTUAL,high_vol,62,1,1.6129032258064515,2,0.0,,-0.0438600849186511,,0.0,-0.0438600849186511,-0.07074207244943725,-0.04994411499998819,-0.04386008491865656,-0.0438600849186511,-0.0438600849186511,-0.0438600849186511,,0.0,0.0
highest_observed_5m,stress27,BOTH_COUNTERFACTUAL,low_vol,192,14,7.291666666666667,2,0.0,,-0.1054956642161887,,0.0,-0.1054956642161887,-0.7692392182430426,-0.46332142857143516,-0.2660206189465719,-0.20236229053240298,-0.2601787765501926,-0.2601787765501926,-0.11093537152467069,7.142857142857142,0.0
highest_observed_5m,stress27,LONG,ALL,270,12,4.444444444444445,2,16.666666666666668,0.43516970585872583,-0.17981697142220213,2.420070265987113,0.48401405319742263,-0.0773191918753808,-0.3436408527794702,0.10816970874999754,-0.9495754834109027,-0.4541360994606558,-0.6911950496845553,-0.6911950496845553,-0.15840618342977933,25.0,0.0
highest_observed_5m,stress27,LONG,strong_up_trend,42,2,4.761904761904762,2,50.0,0.8146377152230031,-0.058807982189178244,13.852502413743954,13.852502413743954,0.3779148665169124,1.7995946024614877,4.077499999999958,-0.0588079821891796,-0.015135697318569176,-0.058807982189178244,-0.058807982189178244,-0.058807982189178244,50.0,0.0
highest_observed_5m,stress27,LONG,strong_down_trend,43,0,0.0,2,,,,,,,0.0,,0.0,,,,,,0.0
highest_observed_5m,stress27,LONG,range_chop,98,6,6.122448979591836,2,0.0,,-0.19146503808516702,,0.0,-0.19146503808516702,-1.172234927052043,-0.8950000000000102,-0.6911950496845565,-0.5612038713941224,-0.6911950496845553,-0.6911950496845553,-0.22280215186101585,0.0,0.0
highest_observed_5m,stress27,LONG,gap_up_open,17,1,5.882352941176471,2,0.0,,-0.2601787765501926,,0.0,-0.2601787765501926,-1.5304633914717214,-1.1499999999999773,-0.2601787765501906,-0.2601787765501926,-0.2601787765501926,-0.2601787765501926,,0.0,0.0
highest_observed_5m,stress27,LONG,gap_down_open,22,2,9.090909090909092,2,0.0,,-0.03924994228838018,,0.0,-0.03924994228838018,-0.35681765716709246,-0.14250000000004093,-0.04372041537084037,-0.04327336806259181,-0.043720415370837554,-0.043720415370837554,-0.043720415370837554,0.0,0.0
highest_observed_5m,stress27,LONG,v_reversal_up,11,0,0.0,2,,,,,,,0.0,,0.0,,,,,,0.0
highest_observed_5m,stress27,LONG,v_reversal_down,10,0,0.0,2,,,,,,,0.0,,0.0,,,,,,0.0
highest_observed_5m,stress27,LONG,late_day_spike,9,0,0.0,2,,,,,,,0.0,,0.0,,,,,,0.0
highest_observed_5m,stress27,LONG,high_vol,31,0,0.0,2,,,,,,,0.0,,0.0,,,,,,0.0
highest_observed_5m,stress27,LONG,low_vol,96,7,7.291666666666667,2,0.0,,-0.11610383227430884,,0.0,-0.11610383227430884,-0.8465904436668352,-0.4910714285714367,-0.2660206189465719,-0.233494244541982,-0.2601787765501926,-0.2601787765501926,-0.1296578927857065,0.0,0.0
highest_observed_5m,stress27,SHORT,ALL,270,15,5.555555555555555,2,0.0,,-0.08415748958315682,,0.0,-0.08415748958315682,-0.4675416087953157,-0.34690062626665774,-0.32832649246904433,-0.15520589442379776,-0.16396678719700242,-0.16396678719700242,-0.08850097187295733,6.666666666666667,0.0
highest_observed_5m,stress27,SHORT,strong_up_trend,42,0,0.0,2,,,,,,,0.0,,0.0,,,,,,0.0
highest_observed_5m,stress27,SHORT,strong_down_trend,43,3,6.976744186046512,2,0.0,,-0.07844642573604857,,0.0,-0.07844642573604857,-0.5473006446701063,-0.14323646466666182,-0.15973469213250713,-0.11188828100145795,-0.1159254522156356,-0.1159254522156356,-0.09573959614474731,0.0,0.0
highest_observed_5m,stress27,SHORT,range_chop,98,6,6.122448979591836,2,0.0,,-0.09426387167965712,,0.0,-0.09426387167965712,-0.5771257449774926,-0.3789999999999907,-0.2605161235749387,-0.1608378969208579,-0.16396678719700242,-0.16396678719700242,-0.10571919671598592,16.666666666666664,0.0
highest_observed_5m,stress27,SHORT,gap_up_open,17,1,5.882352941176471,2,0.0,,-0.09461552279227364,,0.0,-0.09461552279227364,-0.5565618987780803,-0.5399999999999636,-0.09461552279227403,-0.09461552279227364,-0.09461552279227364,-0.09461552279227364,,0.0,0.0
highest_observed_5m,stress27,SHORT,gap_down_open,22,1,4.545454545454546,2,0.0,,-0.09794340751874753,,0.0,-0.09794340751874753,-0.44519730690339787,-0.5599999999999454,-0.09794340751875241,-0.09794340751874753,-0.09794340751874753,-0.09794340751874753,,0.0,0.0
highest_observed_5m,stress27,SHORT,v_reversal_up,11,1,9.090909090909092,2,0.0,,-0.06180711243500954,,0.0,-0.06180711243500954,-0.5618828403182685,-0.32000000000005,-0.06180711243500836,-0.06180711243500954,-0.06180711243500954,-0.06180711243500954,,0.0,0.0
highest_observed_5m,stress27,SHORT,v_reversal_down,10,1,10.0,2,0.0,,-0.0382668076827675,,0.0,-0.0382668076827675,-0.382668076827675,-0.13990000000001146,-0.03826680768276303,-0.0382668076827675,-0.0382668076827675,-0.0382668076827675,,0.0,0.0
highest_observed_5m,stress27,SHORT,late_day_spike,9,2,22.22222222222222,2,0.0,,-0.11257789018470024,,0.0,-0.11257789018470024,-2.5017308929933386,-0.3473326394999532,-0.11592545221563721,-0.11559069601254207,-0.1159254522156356,-0.1159254522156356,-0.1159254522156356,0.0,0.0
highest_observed_5m,stress27,SHORT,high_vol,31,1,3.225806451612903,2,0.0,,-0.0438600849186511,,0.0,-0.0438600849186511,-0.1414841448988745,-0.04994411499998819,-0.04386008491865656,-0.0438600849186511,-0.0438600849186511,-0.0438600849186511,,0.0,0.0
highest_observed_5m,stress27,SHORT,low_vol,96,7,7.291666666666667,2,0.0,,-0.09488749615806855,,0.0,-0.09488749615806855,-0.6918879928192498,-0.43557142857143355,-0.2119036937308194,-0.160212118865629,-0.16396678719700242,-0.16396678719700242,-0.10453753776807778,14.285714285714285,0.0
highest_observed_5m,all83,BOTH_COUNTERFACTUAL,ALL,1660,75,4.518072289156627,2,8.0,2.507560403719003,-0.13592842928803894,18.447652318598934,1.6041436798781683,0.07555067735252441,0.34134342177345367,0.9934195394399975,-0.9495754834109027,-0.38884317953481423,-0.5723774350004913,-0.6951418516124414,-0.028027963106293532,10.666666666666668,0.0
highest_observed_5m,all83,BOTH_COUNTERFACTUAL,strong_up_trend,338,9,2.662721893491124,2,22.22222222222222,4.2775038932640275,-0.11048830256179905,38.71454076210019,11.061297360600054,0.8646210742883847,2.302245464081498,8.57957602866665,-0.36119106727811046,-0.2612098014369579,-0.3611910672781112,-0.3611910672781112,0.0051524496613012056,22.22222222222222,0.0
highest_observed_5m,all83,BOTH_COUNTERFACTUAL,strong_down_trend,382,15,3.926701570680628,2,13.333333333333334,2.3746159857093847,-0.13709722001568708,17.320672041618888,2.664718775633675,0.19779787408098914,0.7766932228311091,1.1396187859333262,-0.44387426215237724,-0.31520363209247154,-0.38662572049514404,-0.38662572049514404,-0.09978620970540611,13.333333333333334,0.0
highest_observed_5m,all83,BOTH_COUNTERFACTUAL,range_chop,466,21,4.506437768240343,2,0.0,,-0.17974916650181316,,0.0,-0.17974916650181316,-0.8100284327334928,-1.004167380952389,-0.8326384362981831,-0.6911950496845553,-0.6931684506484983,-0.6951418516124414,-0.18748836265907262,4.761904761904762,0.0
highest_observed_5m,all83,BOTH_COUNTERFACTUAL,gap_up_open,206,9,4.368932038834951,2,0.0,,-0.1254796622939306,,0.0,-0.1254796622939306,-0.5482121168181434,-0.5915238337777787,-0.29203169767343384,-0.23514852117945545,-0.2601787765501926,-0.2601787765501926,-0.13730819128640076,0.0,0.0
highest_observed_5m,all83,BOTH_COUNTERFACTUAL,gap_down_open,222,16,7.207207207207207,2,12.5,3.024698007481634,-0.15743135259981228,19.212805820009454,2.7446865457156364,0.2403348174103685,1.7321428281828362,1.491302317937496,-0.6951418516124463,-0.46929840087364383,-0.6951418516124414,-0.6951418516124414,-0.03457453123497506,12.5,0.0
highest_observed_5m,all83,BOTH_COUNTERFACTUAL,v_reversal_up,90,3,3.3333333333333335,2,0.0,,-0.18046681743335644,,0.0,-0.18046681743335644,-0.6015560581111882,-0.6636873790000095,-0.39401725062737647,-0.3631731344884084,-0.394017250627378,-0.394017250627378,-0.23979666993252988,0.0,0.0
highest_observed_5m,all83,BOTH_COUNTERFACTUAL,v_reversal_down,110,7,6.363636363636363,2,14.285714285714286,0.38525692432824643,-0.07640744256817478,5.042138715538081,0.8403564525896801,-0.010455390154400314,-0.06653430098254746,0.003712122999989528,-0.145637107551444,-0.10753984689819247,-0.10759489437587055,-0.10759489437587055,-0.07640744256817476,14.285714285714285,0.0
highest_observed_5m,all83,BOTH_COUNTERFACTUAL,late_day_spike,278,16,5.755395683453237,2,12.5,6.052172559197788,-0.19699433784009365,30.72257114369715,4.388938734813878,0.5841515242896416,3.362023161379232,4.766721598875003,-0.6951418516124463,-0.5556521539613035,-0.6951418516124414,-0.6951418516124414,0.10707028782194745,12.5,0.0
highest_observed_5m,all83,BOTH_COUNTERFACTUAL,high_vol,402,13,3.2338308457711444,2,15.384615384615385,6.052172559197788,-0.12430790853357954,48.686947038151665,8.85217218875485,0.8259198557327848,2.6708851056035328,6.6702418340000085,-0.36913468108017433,-0.26621575530607455,-0.36913468108016184,-0.36913468108016184,0.24971567110176232,15.384615384615385,0.0
highest_observed_5m,all83,BOTH_COUNTERFACTUAL,low_vol,270,17,6.296296296296297,2,0.0,,-0.09922336537175878,,0.0,-0.09922336537175878,-0.624739707896259,-0.40825436535294557,-0.2660206189465719,-0.1890200245282977,-0.2601787765501926,-0.2601787765501926,-0.10325110888212354,5.88235294117647,0.0
highest_observed_5m,all83,LONG,ALL,830,34,4.096385542168675,2,8.823529411764707,2.8702364943408347,-0.11924837023501904,24.06939808639789,2.3292965890062476,0.1445297060510857,0.5920493982815559,1.842155709647055,-0.9495754834109027,-0.2578650103009222,-0.4756869131173739,-0.6911950496845553,-0.08564727471418601,11.76470588235294,0.0
highest_observed_5m,all83,LONG,strong_up_trend,169,8,4.733727810650888,2,25.0,4.2775038932640275,-0.06870450844241369,62.259435228320115,20.753145076106705,1.0178475919841967,4.81821345317963,9.73443082049998,-0.11123790267523193,-0.10621736271902318,-0.11123790267522779,-0.11123790267522779,0.05748723779550298,25.0,0.0
highest_observed_5m,all83,LONG,strong_down_trend,191,0,0.0,2,,,,,,,0.0,,0.0,,,,,,0.0
highest_observed_5m,all83,LONG,range_chop,233,9,3.8626609442060085,2,0.0,,-0.1542355695270556,,0.0,-0.1542355695270556,-0.595759710619528,-0.7810127932222284,-0.6911950496845565,-0.48320916441986267,-0.6911950496845553,-0.6911950496845553,-0.17039436029835978,0.0,0.0
highest_observed_5m,all83,LONG,gap_up_open,103,6,5.825242718446602,2,0.0,,-0.11641858782094187,,0.0,-0.11641858782094187,-0.6781665309957778,-0.4414190840000174,-0.2601787765501906,-0.23251863588314522,-0.2601787765501926,-0.2601787765501926,-0.13353201931429642,0.0,0.0
highest_observed_5m,all83,LONG,gap_down_open,111,5,4.504504504504505,2,0.0,,-0.047404612486506716,,0.0,-0.047404612486506716,-0.21353429047975997,-0.26696142520000876,-0.10676975950000278,-0.0941598906741721,-0.10676975950000575,-0.10676975950000575,-0.05301445476897785,0.0,0.0
highest_observed_5m,all83,LONG,v_reversal_up,45,1,2.2222222222222223,2,0.0,,-0.08557608923768166,,0.0,-0.08557608923768166,-0.19016908719484812,-0.20382421099998282,-0.08557608923768223,-0.08557608923768166,-0.08557608923768166,-0.08557608923768166,,0.0,0.0
highest_observed_5m,all83,LONG,v_reversal_down,55,3,5.454545454545454,2,0.0,,-0.07977663241083283,,0.0,-0.07977663241083283,-0.43514526769545175,-0.5530383796666646,-0.1075948943758731,-0.10751238088828408,-0.10759489437587055,-0.10759489437587055,-0.10718232693793817,0.0,0.0
highest_observed_5m,all83,LONG,late_day_spike,139,7,5.0359712230215825,2,14.285714285714286,7.740370071305053,-0.11446361144228417,67.62297619106636,11.270496031844393,1.0076554860930496,5.0745240306844215,9.554498665285719,-0.3116714631037354,-0.21300476611925806,-0.2566191361666996,-0.2566191361666996,-0.11446361144228417,14.285714285714285,0.0
highest_observed_5m,all83,LONG,high_vol,201,4,1.9900497512437811,2,25.0,7.740370071305053,-0.08912455763244896,86.84890311855973,28.949634372853243,1.8682490996019263,3.7179086559242314,17.516351454499997,-0.11123790267523193,-0.10908624269399725,-0.11123790267522779,-0.11123790267522779,-0.08912455763244896,25.0,0.0
highest_observed_5m,all83,LONG,low_vol,135,9,6.666666666666667,2,0.0,,-0.1057399553521436,,0.0,-0.1057399553521436,-0.7049330356809573,-0.41570269011111805,-0.2660206189465719,-0.22459940053924515,-0.2601787765501926,-0.2601787765501926,-0.11461001612042121,0.0,0.0
highest_observed_5m,all83,SHORT,ALL,830,41,4.9397590361445785,2,7.317073170731708,2.1448843130971715,-0.1495358458839236,14.34361306761274,1.1323905053378478,0.01834855599274188,0.09063744526535146,0.2895895446341447,-0.8723912981224768,-0.394017250627378,-0.5327715634391367,-0.6951418516124414,-0.09029210628470265,9.75609756097561,0.0
highest_observed_5m,all83,SHORT,strong_up_trend,169,1,0.591715976331361,2,0.0,,-0.3611910672781112,,0.0,-0.3611910672781112,-0.21372252501663386,-0.659262305999988,-0.36119106727811046,-0.3611910672781112,-0.3611910672781112,-0.3611910672781112,,0.0,0.0
highest_observed_5m,all83,SHORT,strong_down_trend,191,15,7.853403141361256,2,13.333333333333334,2.3746159857093847,-0.13709722001568708,17.320672041618888,2.664718775633675,0.19779787408098914,1.5533864456622182,1.1396187859333262,-0.44387426215237724,-0.31520363209247154,-0.38662572049514404,-0.38662572049514404,-0.09978620970540611,13.333333333333334,0.0
highest_observed_5m,all83,SHORT,range_chop,233,12,5.150214592274678,2,0.0,,-0.19888436423288122,,0.0,-0.19888436423288122,-1.0242971548474569,-1.1715333217500092,-0.8326384362981831,-0.5928494066682736,-0.6951418516124414,-0.6951418516124414,-0.21360228402696013,8.333333333333332,0.0
highest_observed_5m,all83,SHORT,gap_up_open,103,3,2.912621359223301,2,0.0,,-0.14360181123990803,,0.0,-0.14360181123990803,-0.4182577026405088,-0.8917333333333014,-0.29203169767343384,-0.19170150159142477,-0.19760313812334968,-0.19760313812334968,-0.16809495546372522,0.0,0.0
highest_observed_5m,all83,SHORT,gap_down_open,111,11,9.90990990990991,2,18.181818181818183,3.024698007481634,-0.21855731932942649,13.839380976862072,3.075417994858238,0.3711254673634936,3.6778199468454322,2.2905131102727254,-0.6951418516124463,-0.5445795511199096,-0.6951418516124414,-0.6951418516124414,-0.02815949060920926,18.181818181818183,0.0
highest_observed_5m,all83,SHORT,v_reversal_up,45,2,4.444444444444445,2,0.0,,-0.2279121815311938,,0.0,-0.2279121815311938,-1.012943029027528,-0.8936189630000229,-0.39401725062737647,-0.3774067437177596,-0.394017250627378,-0.394017250627378,-0.394017250627378,0.0,0.0
highest_observed_5m,all83,SHORT,v_reversal_down,55,4,7.2727272727272725,2,25.0,0.38525692432824643,-0.0730382527255167,5.274728104135667,1.7582427013785555,0.041535541537924076,0.30207666573035685,0.4212749999999801,-0.145637107551444,-0.10231517452259457,-0.10741140278361028,-0.10741140278361028,-0.0730382527255167,25.0,0.0
highest_observed_5m,all83,SHORT,late_day_spike,139,9,6.474820143884892,2,11.11111111111111,4.3639750470905225,-0.25889238263845077,16.85632849686781,2.1070410621084763,0.2547595539981019,1.6495222920740409,1.0428949916666694,-0.6951418516124463,-0.6207473461985011,-0.6951418516124414,-0.6951418516124414,-0.25889238263845077,11.11111111111111,0.0
highest_observed_5m,all83,SHORT,high_vol,201,9,4.477611940298507,2,11.11111111111111,4.3639750470905225,-0.1375016651215035,31.73761600075382,3.9672020000942276,0.362662414013166,1.6238615552828333,1.8497486693333467,-0.36913468108017433,-0.30052206389743696,-0.36913468108016184,-0.36913468108016184,-0.13750166512150352,11.11111111111111,0.0
highest_observed_5m,all83,SHORT,low_vol,135,8,5.925925925925926,2,0.0,,-0.09189220164382589,,0.0,-0.09189220164382589,-0.5445463801115609,-0.39987500000000153,-0.23477563356768538,-0.1595863408104001,-0.16396678719700242,-0.16396678719700242,-0.09973576666465629,12.5,0.0
