period,additional_latency_minutes,jobs,trades,trade_rate_pct,cost_bps,win_rate_pct,avg_win_pct,avg_loss_pct,payoff_ratio,profit_factor,mean_trade_pct,mean_job_bps,mean_gross_points,worst_stream_mdd_pct,p05_pct,cvar05_pct,worst_trade_pct,trim_top1_mean_pct,held_until_flatten_pct,unclosed_after_day_pct,trading_dates,symbols_traded,max_win_pct,p90_win_pct,top1_winners_share_pct,top5_winners_share_pct,mean_without_best3_pct,mean_hold_minutes,mtm_mdd_pct_at2bps
fit28,0,560,23,4.107142857142857,0,8.695652173913043,6.072172559197788,-0.10740964543962209,56.53284241228711,5.38408022974163,0.4299453288766744,1.7658468864577699,3.4753125522608594,-0.50914397174745,-0.2617966626874349,-0.37687487685588705,-0.48915558807759096,0.09674420422083907,8.695652173913043,0.0,14.0,9.0,7.740370071305053,7.402730568883601,63.947037163882804,100.0,-0.13253186554377205,41.73913043478261,-2.2323579752588363
fit28,0,560,23,4.107142857142857,2,8.695652173913043,6.052172559197788,-0.12740964543962205,47.50168276754088,4.5239697873848455,0.40994532887667445,1.6837040293149128,3.4753125522608594,-0.5490381233021258,-0.2817966626874349,-0.39687487685588707,-0.5091555880775909,0.07674420422083908,8.695652173913043,0.0,14.0,9.0,7.740370071305053,7.402730568883601,63.947037163882804,100.0,-0.13253186554377205,41.73913043478261,-2.2323579752588363
fit28,0,560,23,4.107142857142857,5,8.695652173913043,6.022172559197788,-0.1574096454396221,38.2579640680769,3.6436156255311336,0.3799453288766744,1.5604897436006273,3.4753125522608594,-0.6173278306811136,-0.3117966626874349,-0.4268748768558871,-0.539155588077591,0.04674420422083906,8.695652173913043,0.0,14.0,9.0,7.740370071305053,7.402730568883601,63.947037163882804,100.0,-0.13253186554377205,41.73913043478261,-2.2323579752588363
fit28,0,560,23,4.107142857142857,10,8.695652173913043,5.972172559197788,-0.20740964543962204,28.794092707401674,2.742294543562064,0.3299453288766745,1.3551326007434845,3.4753125522608594,-0.8658434784751701,-0.36179666268743493,-0.4768748768558871,-0.5891555880775909,-0.0032557957791609572,8.695652173913043,0.0,14.0,9.0,7.740370071305053,7.402730568883601,63.947037163882804,100.0,-0.13253186554377205,41.73913043478261,-2.2323579752588363
fit28,0,560,23,4.107142857142857,20,8.695652173913043,5.872172559197788,-0.30740964543962207,19.102109014179042,1.819248477540861,0.22994532887667443,0.9444183150291987,3.4753125522608594,-1.3613833268961484,-0.46179666268743486,-0.5768748768558871,-0.6891555880775909,-0.10325579577916101,8.695652173913043,0.0,14.0,9.0,7.740370071305053,7.402730568883601,63.947037163882804,100.0,-0.13253186554377205,41.73913043478261,-2.2323579752588363
validation28,0,560,25,4.464285714285714,0,8.0,1.055338946100496,-0.13838813081188045,7.625935402907374,0.6631248176441196,-0.04288996465889034,-0.1914730565129033,-0.060810014200002344,-0.7144803840352987,-0.37253894460093123,-0.5245795511199097,-0.6751418516124413,-0.11573625351437516,8.0,0.0,14.0,8.0,1.6854209678727454,1.5554045635182956,81.39464733847407,100.0,-0.16436994698518662,28.4,-2.2903341794963783
validation28,0,560,25,4.464285714285714,2,8.0,1.0353389461004958,-0.1583881308118805,6.536720528195263,0.5684104807126317,-0.06288996465889035,-0.2807587707986176,-0.060810014200002344,-0.7543332319549845,-0.39253894460093125,-0.5445795511199096,-0.6951418516124414,-0.13573625351437515,8.0,0.0,14.0,8.0,1.6854209678727454,1.5554045635182956,81.39464733847407,100.0,-0.16436994698518662,28.4,-2.2903341794963783
validation28,0,560,25,4.464285714285714,5,8.0,1.005338946100496,-0.1883881308118805,5.336530182490113,0.46404610282522724,-0.09288996465889036,-0.41468734222718917,-0.060810014200002344,-0.81409750383451,-0.4225389446009312,-0.5745795511199097,-0.7251418516124413,-0.16573625351437515,8.0,0.0,14.0,8.0,1.6854209678727454,1.5554045635182956,81.39464733847407,100.0,-0.16436994698518662,28.4,-2.2903341794963783
validation28,0,560,25,4.464285714285714,10,8.0,0.9553389461004959,-0.23838813081188043,4.0074937575410745,0.3484777180470499,-0.14288996465889037,-0.6379016279414748,-0.060810014200002344,-0.9136646236337254,-0.47253894460093127,-0.6245795511199097,-0.7751418516124413,-0.21573625351437517,8.0,0.0,14.0,8.0,1.6854209678727454,1.5554045635182956,81.39464733847407,100.0,-0.16436994698518662,28.4,-2.2903341794963783
validation28,0,560,25,4.464285714285714,20,8.0,0.8553389461004958,-0.33838813081188046,2.527686015606744,0.21979878396580382,-0.24288996465889034,-1.0843301993700463,-0.060810014200002344,-1.3773454723071343,-0.5725389446009312,-0.7245795511199097,-0.8751418516124414,-0.3157362535143751,8.0,0.0,14.0,8.0,1.6854209678727454,1.5554045635182956,81.39464733847407,100.0,-0.16436994698518662,28.4,-2.2903341794963783
development56,0,1120,48,4.285714285714286,0,8.333333333333334,3.563755752649142,-0.12360294461148441,28.832288452762477,2.621117132069316,0.18367694682690114,0.7871869149724334,1.6335820488958273,-0.7144803840353098,-0.37143021508109614,-0.5127715634391368,-0.6751418516124413,0.022470710135876606,8.333333333333332,0.0,28.0,9.0,7.740370071305053,6.727451564040694,54.60569669282882,100.0,-0.1318505030794904,34.791666666666664,-2.2903341794963783
development56,0,1120,48,4.285714285714286,2,8.333333333333334,3.543755752649142,-0.14360294461148443,24.677458823958794,2.2434053476326175,0.1636769468269011,0.7014726292581476,1.6335820488958273,-0.7543332319549956,-0.39143021508109616,-0.5327715634391367,-0.6951418516124414,0.0024707101358766087,8.333333333333332,0.0,28.0,9.0,7.740370071305053,6.727451564040694,54.60569669282882,100.0,-0.1318505030794904,34.791666666666664,-2.2903341794963783
development56,0,1120,48,4.285714285714286,5,8.333333333333334,3.513755752649142,-0.17360294461148443,20.240185214097426,1.8400168376452208,0.1336769468269011,0.572901200686719,1.6335820488958273,-0.8140975038345211,-0.4214302150810961,-0.5627715634391368,-0.7251418516124413,-0.027529289864123407,8.333333333333332,0.0,28.0,9.0,7.740370071305053,6.727451564040694,54.60569669282882,100.0,-0.1318505030794904,34.791666666666664,-2.2903341794963783
development56,0,1120,48,4.285714285714286,10,8.333333333333334,3.463755752649142,-0.22360294461148444,15.490653571971075,1.4082412338155523,0.0836769468269011,0.35861548640100477,1.6335820488958273,-1.10376788176626,-0.47143021508109617,-0.6127715634391369,-0.7751418516124413,-0.0775292898641234,8.333333333333332,0.0,28.0,9.0,7.740370071305053,6.727451564040694,54.60569669282882,100.0,-0.1318505030794904,34.791666666666664,-2.2903341794963783
development56,0,1120,48,4.285714285714286,20,8.333333333333334,3.363755752649142,-0.3236029446114845,10.394700693121456,0.9449727902837688,-0.01632305317309891,-0.0699559421704239,1.6335820488958273,-1.7950601415796186,-0.5714302150810961,-0.7127715634391368,-0.8751418516124414,-0.17752928986412342,8.333333333333332,0.0,28.0,9.0,7.740370071305053,6.727451564040694,54.60569669282882,100.0,-0.1318505030794904,34.791666666666664,-2.2903341794963783
stress27,0,540,27,5.0,0,7.407407407407407,0.45516970585872585,-0.10242128231877494,4.444093020062573,0.3555274416050058,-0.06111824615747858,-0.3055912307873929,-0.14464714403703316,-0.909761758176153,-0.23275710051357257,-0.4556869131173739,-0.6711950496845553,-0.09557039851826633,14.814814814814813,0.0,14.0,10.0,0.8146377152230031,0.7387441133501477,93.60000297073394,100.0,-0.12654930501847597,40.0,-1.1914409019211925
stress27,0,540,27,5.0,2,7.407407407407407,0.43516970585872583,-0.12242128231877492,3.5546899821354576,0.2843751985708366,-0.08111824615747858,-0.4055912307873929,-0.14464714403703316,-0.9495754834109027,-0.2527571005135726,-0.4756869131173739,-0.6911950496845553,-0.11557039851826634,14.814814814814813,0.0,14.0,10.0,0.8146377152230031,0.7387441133501477,93.60000297073394,100.0,-0.12654930501847597,40.0,-1.1914409019211925
stress27,0,540,27,5.0,5,7.407407407407407,0.4051697058587258,-0.15242128231877494,2.6582226556220085,0.21265781244976067,-0.11111824615747859,-0.5555912307873929,-0.14464714403703316,-1.009281071263024,-0.28275710051357256,-0.5056869131173739,-0.7211950496845553,-0.14557039851826634,14.814814814814813,0.0,14.0,10.0,0.8146377152230031,0.7387441133501477,93.60000297073394,100.0,-0.12654930501847597,40.0,-1.1914409019211925
stress27,0,540,27,5.0,10,3.7037037037037037,0.7346377152230031,-0.19557039851826638,3.756385019353466,0.14447634689821023,-0.1611182461574786,-0.8055912307873929,-0.14464714403703316,-1.1327792803219716,-0.33275710051357255,-0.555686913117374,-0.7711950496845553,-0.19557039851826633,14.814814814814813,0.0,14.0,10.0,0.8146377152230031,0.7387441133501477,93.60000297073394,100.0,-0.12654930501847597,40.0,-1.1914409019211925
stress27,0,540,27,5.0,20,3.7037037037037037,0.634637715223003,-0.2955703985182663,2.1471626333507228,0.08258317820579703,-0.26111824615747853,-1.305591230787393,-0.14464714403703316,-1.4302120652214811,-0.4327571005135726,-0.655686913117374,-0.8711950496845554,-0.2955703985182663,14.814814814814813,0.0,14.0,10.0,0.8146377152230031,0.7387441133501477,93.60000297073394,100.0,-0.12654930501847597,40.0,-1.1914409019211925
all83,0,1660,75,4.518072289156627,0,8.0,2.5275604037190034,-0.11592842928803893,21.80276588962452,1.8958926860543062,0.09555067735252444,0.4317048675565864,0.9934195394399975,-0.909761758176153,-0.3688431795348142,-0.5523774350004914,-0.6751418516124413,-0.008027963106293532,10.666666666666668,0.0,42.0,10.0,7.740370071305053,6.052172559197788,51.446883458421624,99.6297749769601,-0.11282590673373598,36.666666666666664,-2.2903341794963783
all83,0,1660,75,4.518072289156627,2,8.0,2.507560403719003,-0.13592842928803894,18.447652318598934,1.6041436798781683,0.07555067735252441,0.34134342177345367,0.9934195394399975,-0.9495754834109027,-0.38884317953481423,-0.5723774350004913,-0.6951418516124414,-0.028027963106293532,10.666666666666668,0.0,42.0,10.0,7.740370071305053,6.052172559197788,51.446883458421624,99.6297749769601,-0.11282590673373598,36.666666666666664,-2.2903341794963783
all83,0,1660,75,4.518072289156627,5,8.0,2.477560403719003,-0.16592842928803891,14.931500372477762,1.2983913367371966,0.04555067735252439,0.2058012530987548,0.9934195394399975,-1.0853407605868504,-0.41884317953481426,-0.6023774350004913,-0.7251418516124413,-0.05802796310629352,10.666666666666668,0.0,42.0,10.0,7.740370071305053,6.052172559197788,51.446883458421624,99.6297749769601,-0.11282590673373598,36.666666666666664,-2.2903341794963783
all83,0,1660,75,4.518072289156627,10,6.666666666666667,2.917932145163914,-0.21319085606257485,13.686947925700224,0.9776391375500161,-0.004449322647475561,-0.02010236135907633,0.9934195394399975,-1.5793403617137325,-0.46884317953481425,-0.6523774350004914,-0.7751418516124413,-0.10802796310629352,10.666666666666668,0.0,42.0,10.0,7.740370071305053,6.052172559197788,51.446883458421624,99.6297749769601,-0.11282590673373598,36.666666666666664,-2.2903341794963783
all83,0,1660,75,4.518072289156627,20,6.666666666666667,2.817932145163914,-0.31319085606257485,8.99749175499842,0.6426779824998871,-0.10444932264747557,-0.471909590274739,0.9934195394399975,-2.5606838600754633,-0.5688431795348142,-0.7523774350004915,-0.8751418516124414,-0.20802796310629354,10.666666666666668,0.0,42.0,10.0,7.740370071305053,6.052172559197788,51.446883458421624,99.6297749769601,-0.11282590673373598,36.666666666666664,-2.2903341794963783
fit28,1,560,23,4.107142857142857,2,21.73913043478261,2.0615944647433637,-0.25885174937997785,7.964382970876023,2.2123286030211173,0.24559307977727035,1.008685863370932,2.7003798204782643,-0.8752531982465284,-0.7226596596278415,-0.8180698196601385,-0.8752531982465271,-0.09363614800360097,13.043478260869565,0.0,,,,,,,,,
validation28,1,560,25,4.464285714285714,2,20.0,0.591045323487715,-0.35432852444064444,1.6680715288749615,0.41701788221874037,-0.16525375485497257,-0.7377399770311275,-0.7322078403600074,-2.125671239036009,-0.926097295665809,-1.2048775433951593,-1.4778707468840493,-0.24035990506555768,20.0,0.0,,,,,,,,,
development56,1,1120,48,4.285714285714286,2,20.833333333333332,1.3263198941155394,-0.309102683622434,4.290871494780118,1.1291767091526628,0.0316103534063105,0.1354729431699021,0.9125737471249978,-2.9823194317786683,-0.8932555465438641,-1.1042347351647623,-1.4778707468840493,-0.13173061973305392,16.666666666666664,0.0,,,,,,,,,
stress27,1,540,27,5.0,2,7.407407407407407,0.43915770726923364,-0.10366147741884327,4.2364600447938905,0.33891680358351123,-0.06345264892343017,-0.31726324461715083,-0.09501754885185412,-0.9186242468703143,-0.19301872199146167,-0.46293469702496587,-0.7262716926305594,-0.09336969141746884,22.22222222222222,0.0,,,,,,,,,
all83,1,1660,75,4.518072289156627,2,16.0,1.178459529641155,-0.22757839544640593,5.17825748498468,0.986334759044701,-0.002612327432396138,-0.01180268418251267,0.5498408805733311,-2.9823194317786683,-0.7951964682255831,-1.0469893509352035,-1.4778707468840493,-0.10681838714035337,18.666666666666668,0.0,,,,,,,,,
fit28,2,560,23,4.107142857142857,2,8.695652173913043,0.4443821396040315,-0.2597264627405304,1.7109621211296213,0.16294877344091632,-0.1984996277540468,-0.8152663282755493,-1.2804249131739212,-1.528524295207212,-0.5770090924982286,-0.8286971383722502,-1.0586135479324708,-0.24696432247188058,4.3478260869565215,0.0,,,,,,,,,
validation28,2,560,25,4.464285714285714,2,28.0,0.39888442413650904,-0.4073245702108785,0.9792790646780776,0.380830747374808,-0.18158605179360995,-0.8106520169357587,-0.7731563247999986,-1.8104070384417636,-1.087194141909307,-1.2105329610741444,-1.3259330460722538,-0.2626494901285816,20.0,0.0,,,,,,,,,
development56,2,1120,48,4.285714285714286,2,18.75,0.4089950275737363,-0.3278486661883834,1.2475116410530882,0.2878873017814819,-0.1896904736079859,-0.812959172605654,-1.0162225233958366,-2.849855372192578,-1.057502527990944,-1.1598931566935866,-1.3259330460722538,-0.2312570042857241,12.5,0.0,,,,,,,,,
stress27,2,540,27,5.0,2,14.814814814814815,0.3078131466984989,-0.10454406050334093,2.944338924817848,0.5120589434465823,-0.04345410388084615,-0.21727051940423073,-0.031378181148164055,-0.6543379274714378,-0.29541053692031766,-0.3762854890830248,-0.4432879064927772,-0.07310529119409433,18.51851851851852,0.0,,,,,,,,,
all83,2,1660,75,4.518072289156627,2,17.333333333333332,0.3778621411505863,-0.24500986085360957,1.5422323813177232,0.3233713057601678,-0.13704538050621562,-0.6191809360220585,-0.6616785601866745,-2.849855372192578,-1.0522626783302182,-1.1337796688307886,-1.3259330460722538,-0.16273432440826865,14.666666666666666,0.0,,,,,,,,,
